,every day,sunny mornings only,cloudy mornings only
1993-01-29,-0.08109847437787121,0.0,-0.08109847437787121
1993-02-01,0.5465232395497351,0.0,0.5465232395497351
1993-02-02,0.8188099478201853,0.27228670827045026,0.5465232395497351
1993-02-03,1.7194992540667045,1.1729760145169694,0.5465232395497351
1993-02-04,1.778967822334568,1.232444582784833,0.5465232395497351
1993-02-05,1.7689678223345568,1.2224445827848218,0.5465232395497351
1993-02-08,1.7589678223345457,1.2224445827848218,0.536523239549724
1993-02-09,1.3996834993647158,0.8631602598149919,0.536523239549724
1993-02-10,1.5295436620230756,0.9930204224733516,0.536523239549724
1993-02-11,1.8678547073050933,1.3313314677553694,0.536523239549724
1993-02-12,1.2291414941717953,1.3313314677553694,-0.10218997358357396
1993-02-16,-1.0552991224691541,1.3313314677553694,-2.3866305902245233
1993-02-17,-1.1372157023397027,1.3313314677553694,-2.468547170095072
1993-02-18,-2.36368866396635,1.3313314677553694,-3.6950201317217193
1993-02-19,-2.0143638073538237,1.6806563243678958,-3.6950201317217193
1993-02-22,-1.952858620181265,1.6806563243678958,-3.6335149445491606
1993-02-23,-2.3198743510517965,1.3136405934973643,-3.6335149445491606
1993-02-24,-1.1220443922334002,2.5114705523157603,-3.6335149445491606
1993-02-25,-0.8497576839629499,2.7837572605862104,-3.6335149445491606
1993-02-26,-0.9301059105715077,2.7837572605862104,-3.713863171157718
1993-03-01,-1.573242038927579,2.140621132230139,-3.713863171157718
1993-03-02,-0.1826589200356621,3.5312042511220563,-3.713863171157718
1993-03-03,0.0847337682368382,3.5312042511220563,-3.4464704828852177
1993-03-04,-0.6192315428172321,3.5312042511220563,-4.150435793939288
1993-03-05,-1.0473506188573256,3.5312042511220563,-4.578554869979382
1993-03-08,0.943406013896227,3.5312042511220563,-2.5877982372258295
1993-03-09,0.7964196911048451,3.5312042511220563,-2.7347845600172116
1993-03-10,0.991828869798672,3.7266134298158833,-2.7347845600172116
1993-03-11,0.6394800246465803,3.3742645846637913,-2.7347845600172116
1993-03-12,0.4217956301626685,3.15658019017988,-2.7347845600172116
1993-03-15,0.9650473871352604,3.6998319471524717,-2.7347845600172116
1993-03-16,0.9550473871352826,3.689831947152494,-2.7347845600172116
1993-03-17,0.4604496925213182,3.689831947152494,-3.229382254631176
1993-03-18,0.6575605708349501,3.886942825466126,-3.229382254631176
1993-03-19,0.09392593871892496,3.3233081933501007,-3.229382254631176
1993-03-22,0.5035069738524554,3.3233081933501007,-2.8198012194976454
1993-03-23,0.42389332676690505,3.2436945462645506,-2.8198012194976454
1993-03-24,0.5532661716272933,3.2436945462645506,-2.690428374637257
1993-03-25,1.0984376183780644,3.2436945462645506,-2.1452569278864857
1993-03-26,0.6024942810034022,2.7477512088898886,-2.1452569278864857
1993-03-29,0.9395963302912984,2.7477512088898886,-1.8081548785985895
1993-03-30,1.0679089387864331,2.7477512088898886,-1.6798422701034548
1993-03-31,0.7127239222386432,2.3925661923420987,-1.6798422701034548
1993-04-01,0.21812622762468997,2.3925661923420987,-2.174439964717408
1993-04-02,-1.0594963800806592,2.3925661923420987,-3.4520625724227574
1993-04-05,-1.3511867071920083,2.3925661923420987,-3.7437528995341065
1993-04-06,-1.8550148712502537,2.3925661923420987,-4.247581063592352
1993-04-07,-1.6533745806125064,2.5942064829798457,-4.247581063592352
1993-04-08,-2.2263598818195525,2.0212211817727996,-4.247581063592352
1993-04-12,-1.8179492295621655,2.429631834030187,-4.247581063592352
1993-04-13,-1.5497849333744884,2.429631834030187,-3.979416767404675
1993-04-14,-1.7681907052275008,2.429631834030187,-4.197822539257688
1993-04-15,-1.708625485030809,2.429631834030187,-4.138257319060996
1993-04-16,-1.7881423456683945,2.429631834030187,-4.217774179698582
1993-04-19,-2.21626142170851,2.001512757990071,-4.217774179698582
1993-04-20,-2.5765244768287103,2.001512757990071,-4.578037234818781
1993-04-21,-2.867029569589571,2.001512757990071,-4.868542327579642
1993-04-22,-3.7268930417358295,2.001512757990071,-5.7284057997259
1993-04-23,-3.950949491646928,2.001512757990071,-5.952462249636999
1993-04-26,-4.821169849913248,2.001512757990071,-6.822682607903318
1993-04-27,-3.612953422820769,2.001512757990071,-5.61446618081084
1993-04-28,-3.6943055485736047,1.9201606322372355,-5.61446618081084
1993-04-29,-3.4908582957103427,2.1236078851004976,-5.61446618081084
1993-04-30,-3.7135489111610718,2.1236078851004976,-5.837156796261569
1993-05-03,-3.228673387235211,2.6084834090263582,-5.837156796261569
1993-05-04,-3.0980263879600285,2.6084834090263582,-5.706509796986387
1993-05-05,-2.8273244492616274,2.6084834090263582,-5.435807858287986
1993-05-06,-3.048072683218086,2.3877351750698996,-5.435807858287986
1993-05-07,-3.3395647761990643,2.0962430820889213,-5.435807858287986
1993-05-10,-3.2792165495905046,2.156591308697481,-5.435807858287986
1993-05-11,-2.8681632959561587,2.567644562331827,-5.435807858287986
1993-05-12,-2.597264234850641,2.567644562331827,-5.164908797182469
1993-05-13,-3.3849281045132598,2.567644562331827,-5.952572666845088
1993-05-14,-3.4659256225825024,2.4866470442625843,-5.952572666845088
1993-05-17,-3.405129159448493,2.5474435073965935,-5.952572666845088
1993-05-18,-3.556671999781555,2.5474435073965935,-6.104115507178149
1993-05-19,-1.5336542051480788,2.5474435073965935,-4.081097712544674
1993-05-20,-1.2664537504470297,2.5474435073965935,-3.8138972578436245
1993-05-21,-2.2493592702589447,1.5645379875846785,-3.8138972578436245
1993-05-24,-2.0505182615318995,1.5645379875846785,-3.6150562491165794
1993-05-25,-2.268490606856837,1.5645379875846785,-3.833028594441517
1993-05-26,-1.3142958092315333,1.5645379875846785,-2.878833796816213
1993-05-27,-1.8045711749549969,1.074262621861215,-2.878833796816213
1993-05-28,-2.228364868834902,1.074262621861215,-3.3026274906961186
1993-06-01,-1.62044323223909,1.074262621861215,-2.694705854100307
1993-06-02,-1.4932689994810164,1.074262621861215,-2.567531621342233
1993-06-03,-1.6407260657976652,1.074262621861215,-2.714988687658882
1993-06-04,-1.7197153751914493,1.074262621861215,-2.793977997052666
1993-06-07,-2.2822029683884297,1.074262621861215,-3.3564655902496465
1993-06-08,-2.919164269747978,0.4373013205016665,-3.3564655902496465
1993-06-09,-2.929164269747978,0.4373013205016665,-3.3664655902496463
1993-06-10,-2.7998884812176525,0.4373013205016665,-3.237189801719321
1993-06-11,-2.7405643883200037,0.4373013205016665,-3.177865708821672
1993-06-14,-3.0277648430210418,0.15010086580062865,-3.177865708821672
1993-06-15,-3.3848668923089384,0.15010086580062865,-3.534967758109569
1993-06-16,-3.18646112045592,0.3485066376536474,-3.534967758109569
1993-06-17,-3.0580527938620867,0.47691496424748075,-3.534967758109569
1993-06-18,-3.8375564160421236,-0.3025886579325559,-3.534967758109569
1993-06-21,-3.917608958311451,-0.3025886579325559,-3.6150203003788963
1993-06-22,-3.997612461345216,-0.3825921609663207,-3.6150203003788963
1993-06-23,-4.922145743564382,-1.307125443185487,-3.6150203003788963
1993-06-24,-3.8806113436120695,-0.2655910432331743,-3.6150203003788963
1993-06-25,-3.8906113436120693,-0.2755910432331743,-3.6150203003788963
1993-06-28,-3.277556368548453,0.337463931830442,-3.6150203003788963
1993-06-29,-3.6336972472074014,0.337463931830442,-3.971161179037845
1993-06-30,-3.7822974079951153,0.337463931830442,-4.119761339825559
1993-07-01,-4.208675525173054,-0.08891418534749695,-4.119761339825559
1993-07-02,-4.428245982594953,-0.08891418534749695,-4.339331797247459
1993-07-06,-5.35277926481412,-0.08891418534749695,-5.263865079466625
1993-07-09,-5.08442139544948,0.17944368401714295,-5.263865079466625
1993-07-12,-5.024856175252766,0.23900890421385693,-5.263865079466625
1993-07-13,-5.173938256087051,0.23900890421385693,-5.41294716030091
1993-07-14,-4.906160299696814,0.23900890421385693,-5.145169203910673
1993-07-15,-5.263744938832068,0.23900890421385693,-5.5027538430459275
1993-07-16,-5.622298794675469,-0.11954495162954418,-5.5027538430459275
1993-07-19,-5.70215559108946,-0.11954495162954418,-5.582610639459919
1993-07-20,-5.363115097112604,-0.11954495162954418,-5.243570145483062
1993-07-21,-5.303355763973226,-0.05978561849016625,-5.243570145483062
1993-07-22,-5.873581318840205,-0.630011173357145,-5.243570145483062
1993-07-23,-5.603665110878749,-0.36009496539568975,-5.243570145483062
1993-07-26,-5.335307241514109,-0.36009496539568975,-4.975212276118422
1993-07-27,-5.484292670419539,-0.36009496539568975,-5.124197705023852
1993-07-28,-5.494292670419517,-0.37009496539566755,-5.124197705023852
1993-07-29,-5.157190621131621,-0.37009496539566755,-4.787095655735956
1993-07-30,-5.723133679146552,-0.9360380234105989,-4.787095655735956
1993-08-02,-5.59405159831225,-0.8069559425762962,-4.787095655735956
1993-08-03,-5.742844125797058,-0.9557484700611043,-4.787095655735956
1993-08-04,-5.752844125797058,-0.9557484700611043,-4.797095655735956
1993-08-05,-5.971394774899195,-1.1742991191632415,-4.797095655735956
1993-08-06,-6.120283686114613,-1.1742991191632415,-4.945984566951374
1993-08-09,-5.853466900353307,-1.1742991191632415,-4.679167781190068
1993-08-10,-5.863466900353306,-1.1842991191632415,-4.679167781190068
1993-08-11,-5.804286683135559,-1.1842991191632415,-4.6199875639723205
1993-08-12,-6.367538440108126,-1.1842991191632415,-5.183239320944887
1993-08-13,-6.308262372218068,-1.1842991191632415,-5.123963253054829
1993-08-16,-5.835002888397174,-1.1842991191632415,-4.650703769233935
1993-08-17,-5.432347557295469,-1.1842991191632415,-4.248048438132231
1993-08-18,-5.237359443151087,-1.1842991191632415,-4.053060323987848
1993-08-19,-5.3155955426940125,-1.2625352187061665,-4.053060323987848
1993-08-20,-5.052371329006728,-1.2625352187061665,-3.7898361103005636
1993-08-23,-4.8571026972325235,-1.0672665869319624,-3.7898361103005636
1993-08-24,-3.7793965281649626,-1.0672665869319624,-2.7121299412330027
1993-08-25,-3.7218061234288804,-1.0672665869319624,-2.6545395364969204
1993-08-26,-3.73180612342888,-1.0772665869319624,-2.6545395364969204
1993-08-27,-3.5388977007507787,-0.8843581642538609,-2.6545395364969204
1993-08-30,-3.2118565997602215,-0.8843581642538609,-2.3274984355063633
1993-08-31,-2.885721829489751,-0.5582233939833903,-2.3274984355063633
1993-09-01,-2.693905413866031,-0.5582233939833903,-2.1356820198826436
1993-09-02,-3.107674468473714,-0.5582233939833903,-2.5494510744903263
1993-09-03,-2.9828126813443676,-0.5582233939833903,-2.42458928736098
1993-09-07,-3.668947779148747,-1.2443584917877697,-2.42458928736098
1993-09-08,-4.018737436689201,-1.2443584917877697,-2.774378944901434
1993-09-09,-3.415447609819479,-1.2443584917877697,-2.171089118031712
1993-09-10,-2.8175430021812593,-1.2443584917877697,-1.5731845103934925
1993-09-13,-3.096360368361301,-1.2443584917877697,-1.8520018765735338
1993-09-14,-3.241404278148436,-1.2443584917877697,-1.997045786360669
1993-09-15,-2.5752691803440655,-0.5782233939833993,-1.997045786360669
1993-09-16,-2.8555396151325794,-0.5782233939833993,-2.277316221149183
1993-09-17,-3.001872287918996,-0.5782233939833993,-2.4236488939355993
1993-09-20,-3.970127396018615,-1.5464785020830183,-2.4236488939355993
1993-09-21,-4.462056039613515,-1.5464785020830183,-2.9155775375304986
1993-09-22,-3.991780673890026,-1.5464785020830183,-2.44530217180701
1993-09-23,-3.729115201619055,-1.5464785020830183,-2.182636699536039
1993-09-24,-3.8755408708004517,-1.692904171264415,-2.182636699536039
1993-09-27,-3.547359960062344,-1.692904171264415,-1.8544557887979312
1993-09-28,-3.8276303948508468,-1.9731746060529178,-1.8544557887979312
1993-09-29,-4.17649889940254,-2.3220431106046107,-1.8544557887979312
1993-09-30,-4.3903725683873605,-2.3220431106046107,-2.0683294577827516
1993-10-01,-3.789165232695469,-1.720835774912719,-2.0683294577827516
1993-10-04,-3.7991652326954686,-1.730835774912719,-2.0683294577827516
1993-10-05,-4.147117565160717,-2.0787881073779673,-2.0683294577827516
1993-10-06,-4.292527199933654,-2.224197742150904,-2.0683294577827516
1993-10-07,-4.709307421866201,-2.6409779640834516,-2.0683294577827516
1993-10-08,-4.8549006629797855,-2.6409779640834516,-2.213922698896336
1993-10-11,-4.864900662979785,-2.6509779640834514,-2.213922698896336
1993-10-12,-4.874900662979785,-2.6509779640834514,-2.223922698896336
1993-10-13,-4.952491067715885,-2.728568368819551,-2.223922698896336
1993-10-14,-4.090879783679407,-1.8669570847830732,-2.223922698896336
1993-10-15,-4.0344566659931305,-1.8669570847830732,-2.1674995812100595
1993-10-18,-4.24399115188273,-1.8669570847830732,-2.3770340670996593
1993-10-19,-4.855798384439032,-2.478764317339375,-2.3770340670996593
1993-10-20,-5.0665344839622435,-2.478764317339375,-2.5877701666228714
1993-10-21,-5.277539576764665,-2.478764317339375,-2.7987752594252937
1993-10-22,-5.892176957951143,-2.478764317339375,-3.413412640611772
1993-10-25,-5.700360542327424,-2.2869479017156555,-3.413412640611772
1993-10-26,-5.7103605423274235,-2.2869479017156555,-3.423412640611772
1993-10-27,-5.518544126703704,-2.2869479017156555,-3.2315962249880523
1993-10-28,-4.926334210394415,-2.2869479017156555,-2.6393863086787643
1993-10-29,-4.869600807851123,-2.2869479017156555,-2.582652906135472
1993-11-01,-4.479600274516487,-2.2869479017156555,-2.1926523728008362
1993-11-02,-4.423000205454674,-2.2303478326538415,-2.1926523728008362
1993-11-03,-5.639449155007663,-2.2303478326538415,-3.409101322353825
1993-11-04,-6.734205554502694,-3.325104232148872,-3.409101322353825
1993-11-05,-5.995138381586928,-3.325104232148872,-2.6700341494380595
1993-11-08,-5.937364742937168,-3.267330593499113,-2.6700341494380595
1993-11-09,-6.55485901756964,-3.884824868131585,-2.6700341494380595
1993-11-10,-5.8228657314039225,-3.884824868131585,-1.9380408632723412
1993-11-11,-6.102044897975075,-4.164004034702738,-1.9380408632723412
1993-11-12,-5.843408067516732,-4.164004034702738,-1.6794040328139979
1993-11-15,-6.1215047428425144,-4.164004034702738,-1.9575007081397802
1993-11-16,-5.8639460547987206,-4.164004034702738,-1.699942020095986
1993-11-17,-6.476559194114297,-4.164004034702738,-2.3125551594115623
1993-11-18,-6.6211487164498095,-4.30859355703825,-2.3125551594115623
1993-11-19,-6.496104806662655,-4.30859355703825,-2.1875112496244076
1993-11-22,-6.844973311214348,-4.657462061589944,-2.1875112496244076
1993-11-23,-6.854973311214348,-4.657462061589944,-2.1975112496244074
1993-11-24,-6.730383788878854,-4.657462061589944,-2.072921727288913
1993-11-26,-6.941793726048979,-4.868871998760069,-2.072921727288913
1993-11-29,-7.624291216816364,-5.551369489527454,-2.072921727288913
1993-11-30,-7.499338429803024,-5.426416702514114,-2.072921727288913
1993-12-01,-7.91256478259688,-5.83964305530797,-2.072921727288913
1993-12-02,-7.855383053499694,-5.83964305530797,-2.0157399981917266
1993-12-03,-7.396056010324715,-5.380316012132991,-2.0157399981917266
1993-12-06,-7.205855743257418,-5.190115745065694,-2.0157399981917266
1993-12-07,-7.2825446420277835,-5.26680464383606,-2.0157399981917266
1993-12-08,-7.292544642027783,-5.26680464383606,-2.0257399981917263
1993-12-09,-7.636657883011292,-5.610917884819568,-2.0257399981917263
1993-12-10,-7.914574989016128,-5.610917884819568,-2.3036571041965623
1993-12-13,-7.322767756459833,-5.019110652263274,-2.3036571041965623
1993-12-14,-8.135447651405132,-5.8317905472085725,-2.3036571041965623
1993-12-15,-8.41408448186347,-5.8317905472085725,-2.5822939346549023
1993-12-16,-8.491086159411893,-5.8317905472085725,-2.659295612203324
1993-12-17,-8.164951389141422,-5.505655776938102,-2.659295612203324
1993-12-20,-7.973676581171702,-5.505655776938102,-2.4680208042336043
1993-12-21,-8.185221829106684,-5.505655776938102,-2.679566052168587
1993-12-22,-7.793614863617687,-5.114048811449106,-2.679566052168587
1993-12-23,-7.803614863617665,-5.114048811449106,-2.6895660521685647
1993-12-27,-7.280280266081404,-4.590714213912845,-2.6895660521685647
1993-12-28,-7.0244993787293,-4.590714213912845,-2.433785164816461
1993-12-29,-7.233636517221829,-4.799851352405374,-2.433785164816461
1993-12-30,-7.576637157940578,-5.142851993124123,-2.433785164816461
1993-12-31,-8.321688913874736,-5.887903749058282,-2.433785164816461
1994-01-03,-8.600325744333075,-5.887903749058282,-2.7124219952748008
1994-01-04,-8.342049258814932,-5.887903749058282,-2.4541455097566574
1994-01-05,-8.285181987851344,-5.831036478094694,-2.4541455097566574
1994-01-06,-8.42878254212557,-5.831036478094694,-2.5977460640308827
1994-01-07,-8.039314634087747,-5.831036478094694,-2.2082781559930607
1994-01-10,-6.993199207221121,-4.784921051228068,-2.2082781559930607
1994-01-11,-7.134691665352035,-4.784921051228068,-2.3497706141239747
1994-01-12,-7.539949096934371,-4.784921051228068,-2.7550280457063105
1994-01-13,-7.549949096934348,-4.784921051228068,-2.765028045706288
1994-01-14,-7.494007782312833,-4.784921051228068,-2.709086731084773
1994-01-17,-7.504007782312833,-4.784921051228068,-2.7190867310847726
1994-01-18,-7.514007782312833,-4.784921051228068,-2.7290867310847724
1994-01-19,-7.655933922819102,-4.926847191734337,-2.7290867310847724
1994-01-20,-7.534181598095034,-4.926847191734337,-2.6073344063607045
1994-01-21,-7.873454203792632,-5.266119797431935,-2.6073344063607045
1994-01-24,-8.214033017242576,-5.266119797431935,-2.9479132198106477
1994-01-25,-8.29023626361953,-5.266119797431935,-3.024116466187601
1994-01-27,-7.577737225826179,-4.5536207596385845,-3.024116466187601
1994-01-28,-7.718200388492665,-4.5536207596385845,-3.164579628854087
1994-01-31,-7.40363015873551,-4.239050529881429,-3.164579628854087
1994-02-01,-7.803747688617335,-4.239050529881429,-3.564697158735912
1994-02-02,-7.489598296200233,-3.924901137464327,-3.564697158735912
1994-02-03,-7.759338701968784,-3.924901137464327,-3.8344375645044626
1994-02-04,-10.071314733230263,-3.924901137464327,-6.146413595765942
1994-02-07,-9.350171562593028,-3.2037579668270917,-6.146413595765942
1994-02-08,-9.492446714154656,-3.2037579668270917,-6.288688747327571
1994-02-09,-9.172304453249255,-3.2037579668270917,-5.968546486422171
1994-02-10,-9.977010622502439,-3.2037579668270917,-6.773252655675354
1994-02-14,-9.655555231212372,-2.882302575537024,-6.773252655675354
1994-02-15,-9.3358483713745,-2.562595715699152,-6.773252655675354
1994-02-16,-9.543281801746273,-2.770029146070926,-6.773252655675354
1994-02-17,-10.608004829112591,-3.834752173437243,-6.773252655675354
1994-02-18,-11.282459100979441,-4.509206445304093,-6.773252655675354
1994-02-22,-10.56373775761099,-3.790485101935643,-6.773252655675354
1994-02-23,-10.970039465190247,-3.790485101935643,-7.179554363254611
1994-02-24,-11.981048824700293,-3.790485101935643,-8.190563722764656
1994-02-25,-11.656712170902857,-3.790485101935643,-7.86622706896722
1994-02-28,-11.93337899559439,-4.067151926627177,-7.86622706896722
1994-03-01,-12.344717326940257,-4.067151926627177,-8.277565400313087
1994-03-02,-10.939122403927033,-4.067151926627177,-6.871970477299863
1994-03-03,-11.083260586347178,-4.067151926627177,-7.0161086597200075
1994-03-04,-10.825163911021404,-3.8090552513014027,-7.0161086597200075
1994-03-07,-10.635230488873178,-3.8090552513014027,-6.826175237571782
1994-03-08,-11.112053610728362,-3.8090552513014027,-7.302998359426966
1994-03-09,-10.788831043147388,-3.8090552513014027,-6.9797757918459915
1994-03-10,-11.533882799081546,-3.8090552513014027,-7.7248275477801505
1994-03-11,-11.14281274274082,-3.8090552513014027,-7.333757491439423
1994-03-14,-11.418947297692238,-3.8090552513014027,-7.609892046390842
1994-03-15,-11.695259039640604,-3.8090552513014027,-7.886203788339208
1994-03-16,-11.041686598100776,-3.8090552513014027,-7.232631346799381
1994-03-17,-10.72045078680251,-3.8090552513014027,-6.911395535501115
1994-03-18,-10.263627664947299,-3.8090552513014027,-6.454572413645903
1994-03-21,-10.206894262404006,-3.8090552513014027,-6.397839011102611
1994-03-22,-9.95040509736631,-3.8090552513014027,-6.141349846064914
1994-03-23,-9.96040509736631,-3.8190552513014024,-6.141349846064914
1994-03-24,-10.775778578075982,-3.8190552513014024,-6.956723326774585
1994-03-25,-11.801015724477802,-3.8190552513014024,-7.981960473176404
1994-03-28,-11.811015724477802,-3.8190552513014024,-7.991960473176404
1994-03-29,-13.810789775972868,-3.8190552513014024,-9.99173452467147
1994-03-30,-15.285761912264787,-5.294027387593323,-9.99173452467147
1994-03-31,-15.015059973566386,-5.294027387593323,-9.721032585973068
1994-04-04,-13.73564382826492,-5.294027387593323,-8.441616440671602
1994-04-05,-12.694109428312629,-4.252492987641032,-8.441616440671602
1994-04-06,-12.84348227317302,-4.252492987641032,-8.590989285531993
1994-04-07,-12.296765456038004,-4.252492987641032,-8.044272468396978
1994-04-08,-12.864646958741915,-4.8203744903449435,-8.044272468396978
1994-04-11,-12.735274113881548,-4.691001645484578,-8.044272468396978
1994-04-12,-12.989049265075545,-4.691001645484578,-8.298047619590974
1994-04-14,-12.788596714584001,-4.691001645484578,-8.09759506909943
1994-04-15,-12.763552032255813,-4.665956963156391,-8.09759506909943
1994-04-18,-13.546570639147888,-5.448975570048465,-8.09759506909943
1994-04-19,-13.309700473211816,-5.448975570048465,-7.8607249031633595
1994-04-20,-13.531042573714613,-5.670317670551262,-7.8607249031633595
1994-04-21,-12.632263163004236,-5.670317670551262,-6.9619454924529816
1994-04-22,-12.98996865935069,-6.028023166897717,-6.9619454924529816
1994-04-25,-11.92562112257697,-6.028023166897717,-5.897597955679261
1994-04-26,-11.90110861144926,-6.028023166897717,-5.873085444551552
1994-04-28,-12.431130584159998,-6.028023166897717,-6.403107417262289
1994-04-29,-11.954849667589867,-6.028023166897717,-5.926826500692158
1994-05-02,-11.343086006502809,-5.416259505810659,-5.926826500692158
1994-05-03,-11.490874522963566,-5.416259505810659,-6.074615017152914
1994-05-04,-11.879989228290455,-5.416259505810659,-6.463729722479804
1994-05-05,-12.131743792590457,-5.416259505810659,-6.715484286779805
1994-05-06,-12.62937972926814,-5.416259505810659,-7.213120223457487
1994-05-09,-13.23639642791853,-6.02327620446105,-7.213120223457487
1994-05-10,-12.966382244257499,-6.02327620446105,-6.943106039796455
1994-05-11,-13.784396477053543,-6.8412904372570935,-6.943106039796455
1994-05-12,-13.934698148612716,-6.8412904372570935,-7.093407711355629
1994-05-13,-14.225104921899206,-7.1316972105435825,-7.093407711355629
1994-05-16,-14.410389804640642,-7.1316972105435825,-7.278692594097064
1994-05-17,-13.027609630193762,-7.1316972105435825,-5.895912419650184
1994-05-18,-12.383224653393226,-7.1316972105435825,-5.251527442849648
1994-05-19,-11.707586040092224,-7.1316972105435825,-4.575888829548645
1994-05-20,-11.923135958301824,-7.1316972105435825,-4.791438747758245
1994-05-23,-12.001817279682962,-7.210378531924721,-4.791438747758245
1994-05-24,-11.874877853969851,-7.0834391062116095,-4.791438747758245
1994-05-25,-11.234524714538258,-7.0834391062116095,-4.151085608326652
1994-05-26,-11.142188017904436,-7.0834391062116095,-4.058748911692831
1994-05-27,-10.879336552584045,-7.0834391062116095,-3.7958974463724395
1994-05-31,-10.718658921118418,-7.0834391062116095,-3.635219814906813
1994-06-01,-10.0472252791454,-7.0834391062116095,-2.963786172933794
1994-06-02,-10.227033436776575,-7.0834391062116095,-3.14359433056497
1994-06-03,-9.728816181632302,-6.585221851067337,-3.14359433056497
1994-06-06,-9.97518299774038,-6.585221851067337,-3.3899611466730466
1994-06-07,-9.951324863000117,-6.585221851067337,-3.3661030119327844
1994-06-08,-11.01378747204793,-6.585221851067337,-4.428565620980598
1994-06-09,-10.921902593137645,-6.493336972157053,-4.428565620980598
1994-06-10,-10.864105980371317,-6.493336972157053,-4.370769008214271
1994-06-13,-10.603011270120941,-6.493336972157053,-4.1096742979638945
1994-06-14,-10.141788587323274,-6.493336972157053,-3.648451615166228
1994-06-15,-10.589131588863763,-6.493336972157053,-4.095794616706717
1994-06-16,-10.397043274886531,-6.493336972157053,-3.9037063027294865
1994-06-17,-11.01825061057842,-6.493336972157053,-4.524913638421376
1994-06-20,-11.165566114475382,-6.493336972157053,-4.672229142318338
1994-06-21,-11.969358030613929,-6.493336972157053,-5.476021058456885
1994-06-22,-11.875748972821802,-6.3997279143649255,-5.476021058456885
1994-06-23,-12.646735004235955,-6.3997279143649255,-6.247007089871039
1994-06-24,-14.274779449831744,-6.3997279143649255,-7.875051535466827
1994-06-27,-12.951426362885227,-6.3997279143649255,-6.551698448520311
1994-06-28,-13.485445029240854,-6.3997279143649255,-7.085717114875938
1994-06-29,-13.320711453418415,-6.3997279143649255,-6.920983539053499
1994-06-30,-14.135615186575139,-6.3997279143649255,-7.735887272210223
1994-07-01,-14.425727414546317,-6.689840142336103,-7.735887272210223
1994-07-05,-14.121316675190622,-6.689840142336103,-7.4314765328545285
1994-07-06,-13.886518511326619,-6.689840142336103,-7.196678368990525
1994-07-07,-13.478253697993063,-6.689840142336103,-6.788413555656969
1994-07-08,-12.894987257173346,-6.689840142336103,-6.205147114837252
1994-07-11,-13.32310633321345,-7.117959218376208,-6.205147114837252
1994-07-12,-13.228449076146362,-7.117959218376208,-6.110489857770163
1994-07-13,-13.099124776353888,-6.988634918583733,-6.110489857770163
1994-07-14,-12.522005148178721,-6.411515290408567,-6.110489857770163
1994-07-15,-12.428681563990885,-6.411515290408567,-6.017166273582328
1994-07-18,-12.26671247603824,-6.411515290408567,-5.855197185629682
1994-07-19,-12.654784760028845,-6.411515290408567,-6.243269469620286
1994-07-20,-13.18229497141707,-6.411515290408567,-6.770779681008511
1994-07-21,-12.984969396116627,-6.411515290408567,-6.573454105708069
1994-07-22,-13.06386364617198,-6.411515290408567,-6.652348355763422
1994-07-25,-12.970575635612144,-6.318227279848732,-6.652348355763422
1994-07-26,-13.049446161750325,-6.318227279848732,-6.7312188819016034
1994-07-27,-13.059446161750325,-6.328227279848732,-6.7312188819016034
1994-07-28,-12.862976714693145,-6.328227279848732,-6.534749434844424
1994-07-29,-12.566175724084234,-6.328227279848732,-6.237948444235513
1994-08-01,-12.168843185320647,-6.328227279848732,-5.8406159054719256
1994-08-02,-12.381614461285817,-6.328227279848732,-6.053387181437097
1994-08-03,-12.323955460057942,-6.328227279848732,-5.995728180209221
1994-08-05,-12.16316122554233,-6.328227279848732,-5.834933945693609
1994-08-08,-12.036875003425433,-6.201941057731835,-5.834933945693609
1994-08-09,-11.501543045294106,-5.6666090996005085,-5.834933945693609
1994-08-10,-11.206302855778521,-5.6666090996005085,-5.539693756178023
1994-08-11,-11.352172441897805,-5.6666090996005085,-5.685563342297308
1994-08-12,-10.753239572484686,-5.6666090996005085,-5.086630472884189
1994-08-15,-10.89810135961405,-5.6666090996005085,-5.231492260013553
1994-08-16,-10.26955104673155,-5.038058786718009,-5.231492260013553
1994-08-17,-10.480488823650473,-5.038058786718009,-5.4424300369324765
1994-08-18,-10.490488823650484,-5.038058786718009,-5.452430036932488
1994-08-19,-10.601413979399755,-5.038058786718009,-5.56335519268176
1994-08-22,-10.746094134437628,-5.038058786718009,-5.708035347719634
1994-08-23,-10.622000919574532,-5.038058786718009,-5.583942132856539
1994-08-24,-9.666131628939226,-4.0821894960827025,-5.583942132856539
1994-08-25,-9.842161884578783,-4.258219751722258,-5.583942132856539
1994-08-26,-8.665595556928684,-3.08165342407216,-5.583942132856539
1994-08-29,-9.00292809142561,-3.08165342407216,-5.9212746673534635
1994-08-30,-8.718184141350346,-2.7969094739968963,-5.9212746673534635
1994-08-31,-8.8264964546924,-2.7969094739968963,-6.029586980695518
1994-09-01,-8.836496454692378,-2.7969094739968963,-6.039586980695495
1994-09-02,-9.734514130378278,-3.694927149682795,-6.039586980695495
1994-09-06,-9.645389721138507,-3.6058027404430244,-6.039586980695495
1994-09-07,-9.98542302400418,-3.9458360433086987,-6.039586980695495
1994-09-08,-9.698931289757764,-3.6593443090622815,-6.039586980695495
1994-09-09,-9.77539855707686,-3.7358115763813764,-6.039586980695495
1994-09-12,-10.085049189149002,-4.045462208453519,-6.039586980695495
1994-09-13,-9.995265379106735,-3.9556783984112522,-6.039586980695495
1994-09-14,-9.572580397187657,-3.9556783984112522,-5.616901998776418
1994-09-15,-8.593778669046076,-2.976876670269671,-5.616901998776418
1994-09-16,-8.570539513014598,-2.976876670269671,-5.593662842744941
1994-09-19,-8.713253533820845,-3.1195906910759175,-5.593662842744941
1994-09-20,-10.101195013512003,-4.5075321707670755,-5.593662842744941
1994-09-21,-10.415300671089897,-4.821637828344969,-5.593662842744941
1994-09-22,-10.899074822941591,-4.821637828344969,-6.077436994596635
1994-09-23,-11.282780031086958,-4.821637828344969,-6.461142202742002
1994-09-26,-11.157232738222339,-4.821637828344969,-6.335594909877382
1994-09-27,-11.234983418320667,-4.821637828344969,-6.413345589975711
1994-09-28,-11.009332745392825,-4.595987155417127,-6.413345589975711
1994-09-29,-11.524980207381887,-5.11163461740619,-6.413345589975711
1994-09-30,-11.636451550436533,-5.223105960460836,-6.413345589975711
1994-10-03,-11.951278204761538,-5.5379326147858405,-6.413345589975711
1994-10-04,-13.972595367649397,-7.559249777673699,-6.413345589975711
1994-10-05,-13.775841331213801,-7.559249777673699,-6.216591553540114
1994-10-06,-14.16495603654069,-7.559249777673699,-6.605706258867004
1994-10-07,-13.727065537581227,-7.121359278714236,-6.605706258867004
1994-10-10,-13.122938735372983,-7.121359278714236,-6.001579456658761
1994-10-11,-12.088630777400121,-6.087051320741374,-6.001579456658761
1994-10-12,-12.098630777400121,-6.0970513207413735,-6.001579456658761
1994-10-13,-12.905977194414318,-6.90439773775557,-6.001579456658761
1994-10-14,-12.81629285321398,-6.90439773775557,-5.911895115458424
1994-10-17,-12.926076663256227,-7.0141815477978176,-5.911895115458424
1994-10-18,-13.06941001634266,-7.0141815477978176,-6.055228468544857
1994-10-19,-12.245932945975229,-7.0141815477978176,-5.231751398177424
1994-10-20,-12.922157928516862,-7.0141815477978176,-5.907976380719058
1994-10-21,-13.066296110936985,-7.15831973021794,-5.907976380719058
1994-10-24,-13.952312494724278,-8.044336114005233,-5.907976380719058
1994-10-25,-13.52185777621847,-8.044336114005233,-5.477521662213249
1994-10-26,-13.531857776218448,-8.044336114005233,-5.487521662213227
1994-10-27,-13.307233904552492,-7.819712242339277,-5.487521662213227
1994-10-28,-11.430697729676671,-5.943176067463457,-5.487521662213227
1994-10-31,-11.572233427694476,-6.084711765481262,-5.487521662213227
1994-11-01,-12.27863816559381,-6.084711765481262,-6.19392640011256
1994-11-02,-12.55601800403403,-6.084711765481262,-6.47130623855278
1994-11-03,-12.366084581885804,-5.894778343333035,-6.47130623855278
1994-11-04,-14.147817371482649,-5.894778343333035,-8.253039028149624
1994-11-07,-14.090545253237593,-5.83750622508798,-8.253039028149624
1994-11-08,-13.665834653936427,-5.4127956257868135,-8.253039028149624
1994-11-09,-14.571214537319431,-5.4127956257868135,-9.158418911532628
1994-11-10,-15.34980645791481,-5.4127956257868135,-9.937010832128006
1994-11-11,-15.59521937981791,-5.658208547689915,-9.937010832128006
1994-11-14,-15.103629965038452,-5.658208547689915,-9.445421417348548
1994-11-15,-15.347626394722635,-5.658208547689915,-9.68941784703273
1994-11-16,-15.190709313738234,-5.658208547689915,-9.53250076604833
1994-11-17,-15.936744754367476,-5.658208547689915,-10.278536206677572
1994-11-18,-16.11472732368568,-5.658208547689915,-10.456518775995779
1994-11-21,-17.071319922573966,-5.658208547689915,-11.413111374884066
1994-11-22,-18.9048695073199,-7.4917581324358515,-11.413111374884066
1994-11-23,-18.430271812705936,-7.017160437821885,-11.413111374884066
1994-11-25,-18.027048084214876,-7.017160437821885,-11.009887646393008
1994-11-28,-17.556937422610456,-7.017160437821885,-10.539776984788588
1994-11-29,-17.566937422610458,-7.017160437821885,-10.549776984788588
1994-11-30,-18.22595763419938,-7.017160437821885,-11.20879719637751
1994-12-01,-19.337517826349945,-8.128720629972452,-11.20879719637751
1994-12-02,-18.209378277335293,-7.000581080957799,-11.20879719637751
1994-12-05,-18.322100422988285,-7.000581080957799,-11.321519342030502
1994-12-06,-17.886054049555177,-7.000581080957799,-10.885472968597394
1994-12-07,-17.999448854561642,-7.000581080957799,-10.998867773603857
1994-12-08,-19.392596769407817,-8.393728995803972,-10.998867773603857
1994-12-09,-19.020320022379074,-8.393728995803972,-10.626591026575113
1994-12-12,-18.165113033120562,-7.53852200654546,-10.626591026575113
1994-12-13,-17.72783893463366,-7.53852200654546,-10.18931692808821
1994-12-14,-17.086817276033607,-7.53852200654546,-9.548295269488156
1994-12-15,-16.926430456825813,-7.53852200654546,-9.38790845028036
1994-12-16,-16.765519459830184,-7.53852200654546,-9.226997453284733
1994-12-19,-16.63900066729621,-7.412003214011483,-9.226997453284733
1994-12-20,-17.058697382391287,-7.831699929106563,-9.226997453284733
1994-12-21,-16.082127039854452,-6.855129586569729,-9.226997453284733
1994-12-22,-16.397263740418264,-7.170266287133542,-9.226997453284733
1994-12-23,-16.237513232842826,-7.170266287133542,-9.067246945709297
1994-12-27,-16.04487891831958,-7.170266287133542,-8.87461263118605
1994-12-28,-16.663400065874136,-7.788787434688098,-8.87461263118605
1994-12-29,-16.977917303390818,-8.103304672204779,-8.87461263118605
1994-12-30,-18.38415997578366,-9.509547344597623,-8.87461263118605
1995-01-03,-18.223365741268026,-9.348753110081988,-8.87461263118605
1995-01-04,-18.199392579738625,-9.348753110081988,-8.850639469656647
1995-01-05,-18.277304297119503,-9.426664827462865,-8.850639469656647
1995-01-06,-18.38905095673657,-9.53841148707993,-8.850639469656647
1995-01-09,-18.26336572560759,-9.41272625595095,-8.850639469656647
1995-01-10,-18.408729536463028,-9.41272625595095,-8.996003280512086
1995-01-11,-18.689091309799686,-9.41272625595095,-9.276365053848746
1995-01-12,-18.563681675026764,-9.41272625595095,-9.150955419075823
1995-01-13,-17.93641639579694,-9.41272625595095,-8.523690139845996
1995-01-16,-17.312975371265637,-9.41272625595095,-7.9002491153146925
1995-01-17,-17.09014639530652,-9.41272625595095,-7.677420139355576
1995-01-18,-17.133396603426657,-9.41272625595095,-7.720670347475712
1995-01-19,-17.377236696619786,-9.41272625595095,-7.964510440668839
1995-01-20,-17.621939235205126,-9.41272625595095,-8.209212979254177
1995-01-23,-16.656649849955294,-8.447436870701118,-8.209212979254177
1995-01-24,-16.49939776212949,-8.447436870701118,-8.051960891428372
1995-01-25,-15.739777098682461,-8.447436870701118,-7.292340227981344
1995-01-26,-15.583138166603735,-8.447436870701118,-7.135701295902618
1995-01-27,-15.858126728420961,-8.722425432518344,-7.135701295902618
1995-01-30,-16.101033172084765,-8.965331876182148,-7.135701295902618
1995-01-31,-15.911763760413736,-8.776062464511119,-7.135701295902618
1995-02-01,-16.08757378016304,-8.776062464511119,-7.311511315651923
1995-02-02,-15.468744966361145,-8.776062464511119,-6.692682501850028
1995-02-03,-14.69493951665275,-8.002257014802725,-6.692682501850028
1995-02-06,-14.250393279485264,-7.557710777635239,-6.692682501850028
1995-02-07,-14.292740037004892,-7.600057535154867,-6.692682501850028
1995-02-08,-14.173248274009179,-7.600057535154867,-6.573190738854315
1995-02-09,-14.021357353108144,-7.448166614253832,-6.573190738854315
1995-02-10,-13.772541291454424,-7.448166614253832,-6.324374677200596
1995-02-13,-13.685595088999607,-7.448166614253832,-6.237428474745779
1995-02-14,-13.888956412539088,-7.651527937793312,-6.237428474745779
1995-02-15,-13.35206748312913,-7.651527937793312,-5.70053954533582
1995-02-16,-13.36206748312913,-7.651527937793312,-5.71053954533582
1995-02-17,-13.661876090412227,-7.95133654507641,-5.71053954533582
1995-02-21,-13.704128953133361,-7.95133654507641,-5.752792408056956
1995-02-22,-13.071659669663529,-7.318867261606577,-5.752792408056956
1995-02-23,-13.305194809845466,-7.318867261606577,-5.986327548238893
1995-02-24,-13.187562373884974,-7.318867261606577,-5.868695112278402
1995-02-27,-13.710548429905398,-7.318867261606577,-6.391681168298825
1995-02-28,-12.791798759591378,-7.318867261606577,-5.4729314979848045
1995-03-01,-13.345713074454283,-7.318867261606577,-6.026845812847709
1995-03-02,-13.195379546440227,-7.168533733592521,-6.026845812847709
1995-03-03,-12.852419128666199,-7.168533733592521,-5.683885395073681
1995-03-06,-12.123459942753417,-7.168533733592521,-4.9549262091609
1995-03-07,-12.551937939590479,-7.168533733592521,-5.383404205997962
1995-03-08,-12.465366227594577,-7.168533733592521,-5.296832494002061
1995-03-09,-12.475366227594577,-7.168533733592521,-5.306832494002061
1995-03-10,-11.112200790416475,-5.80536829641442,-5.306832494002061
1995-03-13,-11.15394178417607,-5.80536829641442,-5.348573487761655
1995-03-14,-10.721742706065044,-5.373169218303395,-5.348573487761655
1995-03-15,-10.763313345632712,-5.373169218303395,-5.390144127329323
1995-03-16,-10.080397187387778,-5.373169218303395,-4.707227969084389
1995-03-20,-10.216421148616556,-5.373169218303395,-4.843251930313167
1995-03-21,-10.478946535335952,-5.373169218303395,-5.1057773170325635
1995-03-22,-10.583628568604597,-5.373169218303395,-5.210459350301209
1995-03-23,-10.404114930077398,-5.193655579776196,-5.210459350301209
1995-03-24,-9.319156391411886,-4.108697041110684,-5.210459350301209
1995-03-27,-9.080940316096523,-3.870480965795321,-5.210459350301209
1995-03-28,-8.84272424078116,-3.870480965795321,-4.972243274985846
1995-03-29,-8.790708734917631,-3.818465459931792,-4.972243274985846
1995-03-30,-9.20362265361553,-3.818465459931792,-5.385157193683747
1995-03-31,-8.838739365463566,-3.453582171779826,-5.385157193683747
1995-04-03,-8.568409015241407,-3.1832518215576666,-5.385157193683747
1995-04-04,-7.958444227288864,-3.1832518215576666,-4.775192405731204
1995-04-05,-7.751893485278146,-2.976701079546948,-4.775192405731204
1995-04-06,-7.6386648806516355,-2.976701079546948,-4.661963801104694
1995-04-07,-7.956357431099566,-3.294393629994879,-4.661963801104694
1995-04-10,-7.627426279346535,-2.965462478241848,-4.661963801104694
1995-04-11,-8.22213328446519,-2.965462478241848,-5.256670806223348
1995-04-12,-8.047404167893703,-2.965462478241848,-5.08194168965186
1995-04-13,-7.689644023095995,-2.965462478241848,-4.724181544854152
1995-04-17,-8.648969786827843,-3.9247882419736966,-4.724181544854152
1995-04-18,-9.090270517030053,-4.366088972175907,-4.724181544854152
1995-04-19,-9.192934616324752,-4.366088972175907,-4.826845644148851
1995-04-20,-9.326277215989057,-4.499431571840211,-4.826845644148851
1995-04-21,-8.874666917927854,-4.499431571840211,-4.375235346087649
1995-04-24,-7.6632776885340546,-4.499431571840211,-3.1638461166938496
1995-04-25,-7.794932204754465,-4.631086088060622,-3.1638461166938496
1995-04-26,-7.530917723667715,-4.367071606973871,-3.1638461166938496
1995-04-27,-7.145840473726484,-3.98199435703264,-3.1638461166938496
1995-04-28,-6.973967128655392,-3.98199435703264,-2.9919727716227578
1995-05-01,-7.166006013877109,-3.98199435703264,-3.184011656844474
1995-05-02,-7.0547203713561855,-3.98199435703264,-3.072726014323551
1995-05-03,-6.013185971403894,-3.98199435703264,-2.0311916143712603
1995-05-04,-6.202451032855889,-3.98199435703264,-2.2204566758232542
1995-05-05,-6.749926199529887,-3.98199435703264,-2.7679318424972523
1995-05-08,-5.954071965383414,-3.186140122886167,-2.7679318424972523
1995-05-09,-6.468598929647383,-3.186140122886167,-3.2824588067612215
1995-05-10,-6.627077056405305,-3.186140122886167,-3.440936933519144
1995-05-11,-6.518453080454677,-3.186140122886167,-3.332312957568515
1995-05-12,-6.08315028138049,-3.186140122886167,-2.8970101584943286
1995-05-15,-5.886569124838648,-3.186140122886167,-2.7004290019524864
1995-05-16,-5.808138757985353,-3.186140122886167,-2.6219986350991915
1995-05-17,-6.201903066613913,-3.186140122886167,-3.0157629437277516
1995-05-18,-7.494163068603589,-3.186140122886167,-4.308022945717427
1995-05-19,-7.293984339377328,-3.186140122886167,-4.107844216491166
1995-05-22,-6.529710072204133,-2.421865855712972,-4.107844216491166
1995-05-23,-5.802134815180182,-1.6942905986890202,-4.107844216491166
1995-05-24,-6.047152549675555,-1.6942905986890202,-4.35286195098654
1995-05-25,-5.674405137034564,-1.6942905986890202,-3.9801145383455485
1995-05-26,-6.454323065200285,-1.6942905986890202,-4.7600324665112685
1995-05-30,-6.731583803347928,-1.6942905986890202,-5.037293204658912
1995-05-31,-4.502904155582216,0.5343890490766925,-5.037293204658912
1995-06-01,-4.337516796972573,0.6997764076863346,-5.037293204658912
1995-06-02,-3.8502216372679468,0.6997764076863346,-4.549998044954286
1995-06-05,-3.249310646370457,1.3006873985838245,-4.549998044954286
1995-06-06,-3.3464313139978743,1.3006873985838245,-4.647118712581704
1995-06-07,-3.6771780534795804,1.3006873985838245,-4.97786545206341
1995-06-08,-3.8918864156520714,1.0859790364113335,-4.97786545206341
1995-06-09,-4.28395888631858,0.6939065657448253,-4.97786545206341
1995-06-12,-4.059423451926176,0.6939065657448253,-4.753330017671007
1995-06-13,-3.4592225174392945,0.6939065657448253,-4.153129083184125
1995-06-14,-3.4112178754417433,0.6939065657448253,-4.105124441186574
1995-06-15,-3.132116777871567,0.9730076633150015,-4.105124441186574
1995-06-16,-2.6487185921925454,1.456405848994023,-4.105124441186574
1995-06-19,-1.8250210797419335,2.2801033614446347,-4.105124441186574
1995-06-20,-1.8063143191027273,2.2801033614446347,-4.086417680547369
1995-06-21,-2.1889677530803526,2.2801033614446347,-4.4690711145249935
1995-06-22,-1.3163997467497461,2.2801033614446347,-3.596503108194387
1995-06-23,-1.297994690458776,2.2801033614446347,-3.578098051903417
1995-06-26,-2.2235947921078023,2.2801033614446347,-4.503698153552444
1995-06-27,-2.406256705506554,2.2801033614446347,-4.686360066951195
1995-06-28,-1.8991627638833406,2.2801033614446347,-4.179266125327982
1995-06-29,-2.081230486291288,2.2801033614446347,-4.36133384773593
1995-06-30,-2.3493691639814487,2.2801033614446347,-4.629472525426091
1995-07-03,-2.101526305187018,2.5279462202390652,-4.629472525426091
1995-07-05,-2.025970902848695,2.5279462202390652,-4.553917123087768
1995-07-06,-0.7898488590674917,2.5279462202390652,-3.3177950793065643
1995-07-07,-0.15332517346679275,2.5279462202390652,-2.6812713937058654
1995-07-10,-0.19132461366091333,2.5279462202390652,-2.719270833899986
1995-07-11,-0.5944731121912582,2.5279462202390652,-3.1224193324303307
1995-07-12,0.4292000110788069,2.5279462202390652,-2.0987462091602653
1995-07-13,0.33566944795938697,2.5279462202390652,-2.192276772279685
1995-07-14,0.7727224417428094,2.9649992140224875,-2.192276772279685
1995-07-17,1.1794475898876793,2.9649992140224875,-1.7855516241348153
1995-07-18,0.47277485434062094,2.9649992140224875,-2.492224359681874
1995-07-19,-0.2415526100720361,2.2506717496098303,-2.492224359681874
1995-07-20,0.0022904256837444348,2.494514785365611,-2.492224359681874
1995-07-21,-0.035906388263121904,2.494514785365611,-2.5304211736287403
1995-07-24,0.5437345170670482,3.0741556906957808,-2.5304211736287403
1995-07-25,1.1748516956296629,3.0741556906957808,-1.8993039950661257
1995-07-26,1.1370468852183482,3.0741556906957808,-1.9371088054774404
1995-07-27,1.4862129019339505,3.4233217074113833,-1.9371088054774404
1995-07-28,0.7571832554362473,3.4233217074113833,-2.6661384519751437
1995-07-31,0.4138496134604357,3.079988065435572,-2.6661384519751437
1995-08-01,0.09774112342602986,2.763879575401166,-2.6661384519751437
1995-08-02,-0.7190514013782237,1.9470870505969127,-2.6661384519751437
1995-08-03,-0.056214548509772144,1.9470870505969127,-2.0033015991066923
1995-08-04,-0.14990823452222035,1.8533933645844645,-2.0033015991066923
1995-08-07,-0.15990823452222036,1.8533933645844645,-2.013301599106692
1995-08-08,-0.22558752326580378,1.7877140758408812,-2.013301599106692
1995-08-09,-0.597050449842666,1.7877140758408812,-2.384764525683554
1995-08-10,-0.9414989221274019,1.443265603556145,-2.384764525683554
1995-08-11,-1.4276236137692808,0.9571409119142663,-2.384764525683554
1995-08-14,-0.7956116388636896,1.5891528868198574,-2.384764525683554
1995-08-15,-0.972742596987288,1.5891528868198574,-2.5618954838071524
1995-08-16,-0.6206756369069971,1.5891528868198574,-2.2098285237268613
1995-08-17,-0.85320702220178,1.5891528868198574,-2.4423599090216443
1995-08-18,-1.2518804709659372,1.1904794380557002,-2.4423599090216443
1995-08-21,-1.9568103002865178,0.48554960873511976,-2.4423599090216443
1995-08-22,-1.9111155063099612,0.5312444027116765,-2.4423599090216443
1995-08-23,-2.367171445222082,0.07518846379955574,-2.4423599090216443
1995-08-24,-2.293407654201312,0.14895225482032537,-2.4423599090216443
1995-08-25,-1.914085694152721,0.5282742148689163,-2.4423599090216443
1995-08-28,-2.56271066068429,0.5282742148689163,-3.0909848755532137
1995-08-29,-2.433686587131648,0.6572982884215581,-3.0909848755532137
1995-08-30,-2.3049710703678876,0.7860138051853185,-3.0909848755532137
1995-08-31,-2.204106314001485,0.8868785615517207,-3.0909848755532137
1995-09-01,-1.7441676468007188,1.3468172287524869,-3.0909848755532137
1995-09-05,-1.1237695059584405,1.9672153695947652,-3.0909848755532137
1995-09-06,-1.024628976707283,2.0663558988459227,-3.0909848755532137
1995-09-07,-1.0891248908625046,2.001859984690701,-3.0909848755532137
1995-09-08,-1.0991248908625046,2.001859984690701,-3.1009848755532134
1995-09-11,-1.0007531652737416,2.100231710279464,-3.1009848755532134
1995-09-12,-0.5785536810441865,2.522431194509019,-3.1009848755532134
1995-09-13,-0.023504417648858134,2.522431194509019,-2.5459356121578853
1995-09-14,0.5264223885270192,2.522431194509019,-1.996008805982008
1995-09-15,0.5699126278339698,2.5659214338159697,-1.996008805982008
1995-09-18,0.5330777960615075,2.5659214338159697,-2.0328436377544703
1995-09-19,0.8173136643513829,2.850157302105845,-2.0328436377544703
1995-09-20,1.1268027540033116,3.1596463917577737,-2.0328436377544703
1995-09-21,0.4223555187222181,3.1596463917577737,-2.7372908730355636
1995-09-22,1.2464784768300607,3.1596463917577737,-1.913167914927721
1995-09-25,0.9684536581101224,3.1596463917577737,-2.191192733647659
1995-09-26,0.6368237909277301,3.1596463917577737,-2.5228226008300516
1995-09-27,0.9767097621882748,3.1596463917577737,-2.182936629569507
1995-09-28,1.6356085772679236,3.8185452068374226,-2.182936629569507
1995-09-29,1.5187994883420932,3.7017361179115924,-2.182936629569507
1995-10-02,0.9998925375949639,3.182829167164463,-2.182936629569507
1995-10-03,1.0972462784473824,3.182829167164463,-2.0855828887170884
1995-10-04,0.9262588543570132,3.182829167164463,-2.2565703128074577
1995-10-05,1.1038510305005977,3.182829167164463,-2.078978136663873
1995-10-06,1.1206068835030256,3.182829167164463,-2.0622222836614448
1995-10-09,0.6530633588804698,2.7152856425419074,-2.0622222836614448
1995-10-10,1.6194746963709838,3.6816969800324215,-2.0622222836614448
1995-10-11,1.582574897957258,3.6816969800324215,-2.0991220820751706
1995-10-12,2.1087692120957953,4.207891294170959,-2.0991220820751706
1995-10-13,1.965595667310438,4.0647177493856015,-2.0991220820751706
1995-10-16,1.768304642662623,3.8674267247377867,-2.0991220820751706
1995-10-17,2.318530197529598,4.417652279604762,-2.0991220820751706
1995-10-18,2.12302597048954,4.2221480525647035,-2.0991220820751706
1995-10-19,2.6424078314610475,4.741529913536211,-2.0991220820751706
1995-10-20,2.1026052677055205,4.741529913536211,-2.6389246458306976
1995-10-23,2.3591299457336827,4.998054591564373,-2.6389246458306976
1995-10-24,2.3225448066697405,4.961469452500431,-2.6389246458306976
1995-10-25,1.4051459999288394,4.04407064575953,-2.6389246458306976
1995-10-26,0.3187093412129738,4.04407064575953,-3.7253613045465634
1995-10-27,1.1717136186344708,4.897074923181027,-3.7253613045465634
1995-10-30,1.5627300630073797,5.288091367553935,-3.7253613045465634
1995-10-31,0.8584682623897569,5.288091367553935,-4.429623105164186
1995-11-01,1.7027179847012133,5.288091367553935,-3.5853733828527297
1995-11-02,2.488267128812681,5.288091367553935,-2.7998242387412615
1995-11-06,2.1611421273109506,4.9609663660522045,-2.7998242387412615
1995-11-07,1.8328394712988405,4.9609663660522045,-3.128126894753372
1995-11-08,2.5893292818084213,5.717456176561786,-3.128126894753372
1995-11-09,2.553099773461322,5.681226668214687,-3.128126894753372
1995-11-10,3.043035033902489,5.681226668214687,-2.638191634312205
1995-11-13,3.1118890266859998,5.681226668214687,-2.569337641528694
1995-11-14,2.62695409701673,5.681226668214687,-3.0542725711979637
1995-11-15,3.5112262324134584,5.681226668214687,-2.1700004358012355
1995-11-16,4.049602068039087,6.219602503840315,-2.1700004358012355
1995-11-17,4.195486744968219,6.365487180769447,-2.1700004358012355
1995-11-20,3.5092813074759084,5.679281743277136,-2.1700004358012355
1995-11-21,4.200673973771151,5.679281743277136,-1.4786077695059925
1995-11-22,3.95724110937438,5.435848878880366,-1.4786077695059925
1995-11-24,4.102762136055029,5.435848878880366,-1.3330867428253441
1995-11-27,3.9116729648497084,5.435848878880366,-1.5241759140306643
1995-11-28,5.035413529149338,5.435848878880366,-0.40043534973103445
1995-11-29,4.94865773671525,5.435848878880366,-0.48719114216512166
1995-11-30,4.708036237958802,5.195227380123917,-0.48719114216512166
1995-12-01,4.698036237958802,5.195227380123917,-0.49719114216512167
1995-12-04,5.680032163627069,5.195227380123917,0.484804783503145
1995-12-05,6.42722911811143,5.195227380123917,1.2320017379875052
1995-12-06,6.392144457249935,5.1601427192624225,1.2320017379875052
1995-12-07,5.979425564113052,5.1601427192624225,0.8192828448506223
1995-12-08,5.868923043090648,5.049640198240018,0.8192828448506223
1995-12-11,6.084458785854162,5.265175941003532,0.8192828448506223
1995-12-12,6.225212583249504,5.405929738398874,0.8192828448506223
1995-12-13,6.715463751546689,5.405929738398874,1.3095340131478075
1995-12-15,6.604402600954338,5.405929738398874,1.1984728625554573
1995-12-18,5.54324563345309,5.405929738398874,0.13731589505420927
1995-12-19,6.532869489790682,5.405929738398874,1.126939751391801
1995-12-20,5.243425219776456,5.405929738398874,-0.16250451862242477
1995-12-21,5.156590794175527,5.319095312797945,-0.16250451862242477
1995-12-22,4.968042092233296,5.130546610855714,-0.16250451862242477
1995-12-26,5.034290666266758,5.196795184889176,-0.16250451862242477
1995-12-27,4.719721902911114,4.882226421533532,-0.16250451862242477
1995-12-28,4.811554905601168,4.9740594242235865,-0.16250451862242477
1995-12-29,4.826971095851088,4.989475614473506,-0.16250451862242477
1996-01-02,6.0058051302894615,4.989475614473506,1.0163295158159482
1996-01-03,5.945667250071439,4.989475614473506,0.9561916355979257
1996-01-04,4.852942333266078,3.896750697668146,0.9561916355979257
1996-01-05,5.300609036007268,4.344417400409335,0.9561916355979257
1996-01-08,5.315883900289423,4.344417400409335,0.9714664998800805
1996-01-09,3.269672037557611,4.344417400409335,-1.0747453628517314
1996-01-10,2.0682567532006018,4.344417400409335,-2.276160647208741
1996-01-11,2.499529370605915,4.775690017814648,-2.276160647208741
1996-01-12,2.075342912584104,4.775690017814648,-2.700347105230552
1996-01-15,1.8316676147699935,4.775690017814648,-2.9440224030446625
1996-01-16,2.543320231156857,5.487342634201512,-2.9440224030446625
1996-01-17,2.456070323877634,5.487342634201512,-3.031272310323885
1996-01-19,3.1113747226259254,5.487342634201512,-2.375967911575594
1996-01-22,3.203415547806493,5.57938345938208,-2.375967911575594
1996-01-23,3.4736348115416926,5.57938345938208,-2.1057486478403944
1996-01-24,4.121865036211428,5.57938345938208,-1.4575184231706584
1996-01-25,3.682300256902248,5.57938345938208,-1.8970832024798385
1996-01-26,4.605589916810596,6.502673119290427,-1.8970832024798385
1996-01-29,5.071840973644089,6.502673119290427,-1.4308321456463453
1996-01-30,5.708609397366449,6.502673119290427,-0.7940637219239848
1996-01-31,6.759430989742305,6.502673119290427,0.25675787045187093
1996-02-01,7.215061043129171,6.502673119290427,0.7123879238387365
1996-02-02,6.837458619616403,6.502673119290427,0.33478550032596865
1996-02-05,7.8064189586751125,7.471633458349136,0.33478550032596865
1996-02-06,8.693068610769757,7.471633458349136,1.2214351524206133
1996-02-07,9.28453800491754,7.471633458349136,1.8129045465683955
1996-02-08,10.492172721833422,7.471633458349136,3.0205392634842765
1996-02-09,10.50591159434848,7.471633458349136,3.034278135999335
1996-02-12,11.062886890643382,8.028608754644038,3.034278135999335
1996-02-13,11.265577506094107,8.231299370094764,3.034278135999335
1996-02-14,10.449121522421066,8.231299370094764,2.217822152326294
1996-02-15,10.032568289957984,8.231299370094764,1.8012689198632121
1996-02-16,9.806248051775484,8.231299370094764,1.5749486816807108
1996-02-20,9.577774849207454,8.231299370094764,1.3464754791126814
1996-02-21,10.605303760609164,8.231299370094764,2.374004390514391
1996-02-23,9.745841361466878,8.231299370094764,1.5145419913721052
1996-02-26,8.588601245243197,8.231299370094764,0.3573018751484245
1996-02-27,8.02551579059661,7.668213915448177,0.3573018751484245
1996-02-28,6.763693954856288,7.668213915448177,-0.9045199605918977
1996-02-29,6.363068458149789,7.267588418741679,-0.9045199605918977
1996-03-01,6.739076175083999,7.643596135675888,-0.9045199605918977
1996-03-04,7.088831929443575,7.9933518900354645,-0.9045199605918977
1996-03-05,8.247877809318068,7.9933518900354645,0.25452591928259505
1996-03-06,7.498811386466897,7.9933518900354645,-0.49454050356857615
1996-03-07,7.798815211698539,7.9933518900354645,-0.1945366783369341
1996-03-11,9.333152804756242,9.52768948309317,-0.1945366783369341
1996-03-12,9.200648808056474,9.52768948309317,-0.3270406750367021
1996-03-13,9.215000445824446,9.54204112086114,-0.3270406750367021
1996-03-14,9.496333499660176,9.54204112086114,-0.04570762120097138
1996-03-15,9.583846915480828,9.54204112086114,0.04180579461967994
1996-03-18,10.55883986414773,9.54204112086114,1.0167987432865817
1996-03-19,9.452807924856593,9.54204112086114,-0.08923319600455604
1996-03-20,8.844934566749764,9.54204112086114,-0.6971065541113849
1996-03-21,8.474919777326322,9.54204112086114,-1.0671213435348263
1996-03-22,8.680980358316914,9.54204112086114,-0.8610607625442356
1996-03-25,7.571805611920317,8.432866374464544,-0.8610607625442356
1996-03-26,8.209522881823336,8.432866374464544,-0.22334349264121656
1996-03-27,7.14334407671247,7.366687569353678,-0.22334349264121656
1996-03-28,7.881326813634346,7.366687569353678,0.5146392442806594
1996-03-29,7.101351883504046,7.366687569353678,-0.26533568584964085
1996-04-01,7.762173757015894,7.366687569353678,0.39548618766220744
1996-04-02,7.8236959915584015,7.366687569353678,0.4570084222047148
1996-04-03,8.171819807520675,7.366687569353678,0.8051322381669881
1996-04-04,8.090297572978164,7.2851653348111665,0.8051322381669881
1996-04-08,8.884297518505862,7.2851653348111665,1.5991321836946861
1996-04-09,8.09778306101756,7.2851653348111665,0.8126177262063845
1996-04-10,6.4641311562535115,7.2851653348111665,-0.8210341785576649
1996-04-11,6.082337445042298,7.2851653348111665,-1.202827889768878
1996-04-12,6.6379359035310195,7.2851653348111665,-0.647229431280157
1996-04-15,6.9445845665973645,7.591813997877511,-0.647229431280157
1996-04-16,7.031624845925216,7.591813997877511,-0.5601891519523056
1996-04-17,6.8758876328582605,7.591813997877511,-0.7159263650192607
1996-04-18,6.768847353530409,7.4847737185496594,-0.7159263650192607
1996-04-19,6.5170092671022335,7.4847737185496594,-0.9677644514474356
1996-04-22,6.362951619139924,7.33071607058735,-0.9677644514474356
1996-04-23,6.833144618680645,7.800909070128071,-0.9677644514474356
1996-04-24,5.96148299259276,7.800909070128071,-1.8394260775353208
1996-04-25,6.191061449304607,7.800909070128071,-1.6098476208234735
1996-04-26,6.133317356729014,7.800909070128071,-1.6675917133990665
1996-04-29,6.554043076487041,7.800909070128071,-1.2468659936410396
1996-05-01,6.782763648197681,8.029629641838712,-1.2468659936410396
1996-05-02,5.831068894943993,7.077934888585023,-1.2468659936410396
1996-05-03,5.094849290765525,7.077934888585023,-1.9830855978195068
1996-05-06,4.599646980312718,7.077934888585023,-2.478287908272314
1996-05-07,4.175365895529596,6.653653803801901,-2.478287908272314
1996-05-08,5.892692627605776,6.653653803801901,-0.7609611761961341
1996-05-09,6.148553811393035,6.653653803801901,-0.5050999924088744
1996-05-10,6.138553811393035,6.653653803801901,-0.5150999924088744
1996-05-13,7.3843456965336305,7.899445688942496,-0.5150999924088744
1996-05-14,7.585192676368076,8.100292668776941,-0.5150999924088744
1996-05-15,7.434710330623185,7.949810323032049,-0.5150999924088744
1996-05-16,8.199271179926663,7.949810323032049,0.24946085689460418
1996-05-17,8.468731073028255,7.949810323032049,0.5189207499961968
1996-05-20,8.435633717572765,7.916712967576559,0.5189207499961968
1996-05-21,8.125367872387724,7.6064471223915175,0.5189207499961968
1996-05-22,8.94372051505212,8.424799765055916,0.5189207499961968
1996-05-23,8.38300778772603,7.864087037729824,0.5189207499961968
1996-05-24,8.67141269181403,7.864087037729824,0.8073256540841971
1996-05-28,7.350295577702421,7.864087037729824,-0.5137914600274123
1996-05-29,6.458414717276958,7.864087037729824,-1.405672320452875
1996-05-30,7.099882819396325,8.505555139849191,-1.405672320452875
1996-05-31,6.368194202267107,7.773866522719973,-1.405672320452875
1996-06-03,6.614813962831411,8.020486283284276,-1.405672320452875
1996-06-04,6.836456410631227,8.020486283284276,-1.1840298726530591
1996-06-05,7.655572169029345,8.839602041682394,-1.1840298726530591
1996-06-06,6.359971358875942,7.544001231528991,-1.1840298726530591
1996-06-07,8.498582739377976,9.682612612031026,-1.1840298726530591
1996-06-10,8.303311727605013,9.682612612031026,-1.3793008844260224
1996-06-11,7.830347937730803,9.682612612031026,-1.852264674300233
1996-06-12,7.310261044588454,9.682612612031026,-2.3723515674425815
1996-06-13,7.068080768472675,9.682612612031026,-2.6145318435583604
1996-06-14,6.59231374107457,9.20684558463292,-2.6145318435583604
1996-06-17,6.465586752216937,9.080118595775286,-2.6145318435583604
1996-06-18,5.70476201430198,9.080118595775286,-3.3753565814733175
1996-06-19,5.67131810375034,9.080118595775286,-3.408800492024957
1996-06-20,5.497210693810379,9.080118595775286,-3.582907901964918
1996-06-21,5.862093981962345,9.080118595775286,-3.2180246138129522
1996-06-24,5.805419535374062,9.023444149187004,-3.2180246138129522
1996-06-25,5.398917558185688,9.023444149187004,-3.6245265910013265
1996-06-26,4.825800162122645,8.45032675312396,-3.6245265910013265
1996-06-27,5.519202827860643,9.143729418861959,-3.6245265910013265
1996-06-28,5.439378549450633,9.063905140451949,-3.6245265910013265
1996-07-01,6.031371569107929,9.063905140451949,-3.032533571344031
1996-07-02,5.74372215427872,9.063905140451949,-3.320182986173241
1996-07-03,5.571327964779602,8.891510950952831,-3.320182986173241
1996-07-05,4.7308569443251525,8.051039930498382,-3.320182986173241
1996-07-08,4.243529069059386,7.563712055232616,-3.320182986173241
1996-07-09,4.18588733399914,7.506070320172369,-3.320182986173241
1996-07-10,4.603949818793801,7.92413280496703,-3.320182986173241
1996-07-11,2.9843054557840354,6.304488441957265,-3.320182986173241
1996-07-12,2.8775468609104493,6.197729847083679,-3.320182986173241
1996-07-15,-0.37120530458100953,6.197729847083679,-6.5689351516647
1996-07-16,-0.4309441765340726,6.137990975130616,-6.5689351516647
1996-07-17,-0.7354951995097417,5.833439952154946,-6.5689351516647
1996-07-18,0.3271625743545704,6.896097726019258,-6.5689351516647
1996-07-19,-0.1701678248121853,6.896097726019258,-7.066265550831456
1996-07-22,-0.22936831780959055,6.836897233021853,-7.066265550831456
1996-07-23,-1.6746812532910424,6.836897233021853,-8.511578486312908
1996-07-24,-0.28185263697223695,8.229725849340658,-8.511578486312908
1996-07-25,-0.3904233694481669,8.229725849340658,-8.620149218788837
1996-07-26,-0.15490397285318117,8.229725849340658,-8.384629822193851
1996-07-29,-1.127280308552236,7.2573495136416035,-8.384629822193851
1996-07-30,-0.8421497450942041,7.542480077099635,-8.384629822193851
1996-07-31,-0.19175844935792863,7.542480077099635,-7.734238526457576
1996-08-01,1.3449132720388985,7.542480077099635,-6.197566805060749
1996-08-02,2.183574659770771,7.542480077099635,-5.358905417328876
1996-08-05,1.5615200183950395,6.920425435723904,-5.358905417328876
1996-08-06,1.8816311410914848,7.24053655842035,-5.358905417328876
1996-08-07,1.7543015488447806,7.24053655842035,-5.48623500957558
1996-08-08,1.5563315686870398,7.042566578262608,-5.48623500957558
1996-08-09,0.8643771327114791,7.042566578262608,-6.178189445551141
1996-08-12,1.5360109859073474,7.714200431458477,-6.178189445551141
1996-08-13,0.9139563445316158,7.714200431458477,-6.800244086926872
1996-08-14,1.2339118642481632,8.034155951175025,-6.800244086926872
1996-08-15,1.2946582414472332,8.094902328374095,-6.800244086926872
1996-08-16,1.847247629664076,8.094902328374095,-6.247654698710029
1996-08-19,1.8606148455666573,8.108269544276677,-6.247654698710029
1996-08-20,1.7571350537629074,8.108269544276677,-6.351134490513779
1996-08-21,1.6533264164895607,8.108269544276677,-6.454943127787126
1996-08-22,2.343119335254002,8.798062463041118,-6.454943127787126
1996-08-23,1.9831831330630574,8.438126260850174,-6.454943127787126
1996-08-26,1.7151790026093345,8.170122130396452,-6.454943127787126
1996-08-27,1.7988119682515993,8.253755096038716,-6.454943127787126
1996-08-28,1.3911971302876476,8.253755096038716,-6.862557965751078
1996-08-29,0.5092698435588031,7.371827809309872,-6.862557965751078
1996-08-30,-0.5239395593944537,6.338618406356615,-6.862557965751078
1996-09-03,1.4339665192404194,8.296524484991489,-6.862557965751078
1996-09-04,1.5189784028724451,8.296524484991489,-6.777546082119052
1996-09-05,0.7667267010787611,8.296524484991489,-7.529797783912736
1996-09-06,1.8048544478370432,8.296524484991489,-6.491670037154454
1996-09-09,2.594294397974375,9.08596443512882,-6.491670037154454
1996-09-10,2.67805905557074,9.169729092725186,-6.491670037154454
1996-09-11,3.416425504288023,9.169729092725186,-5.753303588437171
1996-09-12,3.823769026809106,9.169729092725186,-5.345960065916088
1996-09-13,4.179066236678272,9.169729092725186,-4.990662856046922
1996-09-16,4.396390726479783,9.387053582526697,-4.990662856046922
1996-09-17,4.068280937660289,9.387053582526697,-5.318772644866416
1996-09-18,3.944268840029115,9.387053582526697,-5.44278474249759
1996-09-19,4.481216420482641,9.924001162980222,-5.44278474249759
1996-09-20,4.539530211138904,9.982314953636484,-5.44278474249759
1996-09-23,4.757476514534365,9.982314953636484,-5.224838439102129
1996-09-24,4.81582143119403,10.04065987029615,-5.224838439102129
1996-09-25,4.397008688310278,9.621847127412396,-5.224838439102129
1996-09-26,4.2050250166116685,9.429863455713786,-5.224838439102129
1996-09-27,4.14953945749222,9.429863455713786,-5.2803239982215775
1996-09-30,3.912111567788173,9.192435566009738,-5.2803239982215775
1996-10-01,4.333293445400283,9.613617443621848,-5.2803239982215775
1996-10-02,4.638680055102503,9.613617443621848,-4.974937388519358
1996-10-03,4.493696907497932,9.613617443621848,-5.119920536123929
1996-10-04,5.420994552754708,10.540915088878624,-5.119920536123929
1996-10-07,5.566429245978421,10.686349782102337,-5.119920536123929
1996-10-08,5.111885282063207,10.686349782102337,-5.574464500039143
1996-10-09,4.163330906441801,10.686349782102337,-6.523018875660549
1996-10-10,3.9510609195110016,10.686349782102337,-6.735288862591348
1996-10-11,4.789090996104337,11.52437985869567,-6.735288862591348
1996-10-14,4.912335519482206,11.64762438207354,-6.735288862591348
1996-10-15,3.7534055147066256,10.488694377297959,-6.735288862591348
1996-10-16,3.9647914807086777,10.70008034330001,-6.735288862591348
1996-10-17,3.9106900466973094,10.645978909288642,-6.735288862591348
1996-10-18,4.384526486501462,10.645978909288642,-6.261452422787196
1996-10-21,4.155083782684816,10.645978909288642,-6.490895126603842
1996-10-22,3.52752557826984,10.018420704873666,-6.490895126603842
1996-10-23,4.070318583521141,10.018420704873666,-5.948102121352541
1996-10-24,3.1966214859501316,9.144723607302657,-5.948102121352541
1996-10-25,3.2977943712191733,9.245896492571699,-5.948102121352541
1996-10-28,2.530046150027998,9.245896492571699,-6.715850342543717
1996-10-29,3.009479830041924,9.725330172585625,-6.715850342543717
1996-10-30,2.35581985618804,9.725330172585625,-7.369510316397601
1996-10-31,3.165224285864741,10.534734602262326,-7.369510316397601
1996-11-01,2.60340741271927,10.534734602262326,-7.9313271895430715
1996-11-04,3.122509176160838,11.053836365703894,-7.9313271895430715
1996-11-05,3.3532885416932317,11.053836365703894,-7.700547824010678
1996-11-06,5.074184199919393,11.053836365703894,-5.9796521657845165
1996-11-07,5.600608616787282,11.053836365703894,-5.453227748916627
1996-11-08,6.12405701718851,11.053836365703894,-4.9297793485154
1996-11-11,6.2419615326005475,11.171740881115932,-4.9297793485154
1996-11-12,5.656696283655555,10.58647563217094,-4.9297793485154
1996-11-13,5.987629918816333,10.917409267331719,-4.9297793485154
1996-11-14,6.99717995688329,10.917409267331719,-3.920229310448443
1996-11-15,6.860624361000226,10.780853671448654,-3.920229310448443
1996-11-18,6.681954702627252,10.780853671448654,-4.098898968821417
1996-11-19,7.260315298814068,10.780853671448654,-3.520538372634601
1996-11-20,7.438737839643731,10.959276212278317,-3.520538372634601
1996-11-21,7.156799590270369,10.959276212278317,-3.8024766220079633
1996-11-22,7.772322897605393,10.959276212278317,-3.18695331467294
1996-11-25,8.918405137712993,10.959276212278317,-2.04087107456534
1996-11-26,8.374413316355884,10.959276212278317,-2.5848628959224484
1996-11-27,7.932091490151706,10.516954386074138,-2.5848628959224484
1996-11-29,7.942648587561945,10.527511483484378,-2.5848628959224484
1996-12-02,8.097156130317087,10.527511483484378,-2.430355353167306
1996-12-03,6.346540282622068,8.77689563578936,-2.430355353167306
1996-12-04,6.440826453299927,8.77689563578936,-2.3360691824894477
1996-12-05,6.305486975850602,8.641556158340036,-2.3360691824894477
1996-12-06,7.735579631232998,8.641556158340036,-0.9059765271070521
1996-12-09,8.683321701180535,8.641556158340036,0.041765542840484615
1996-12-10,7.98860069419464,7.946835151354141,0.041765542840484615
1996-12-11,8.971112273163422,7.946835151354141,1.0242771218092668
1996-12-12,6.721424317500805,7.946835151354141,-1.225410833853351
1996-12-13,7.0530130356415,7.946835151354141,-0.8938221157126559
1996-12-16,5.500566003078347,7.946835151354141,-2.4462691482758085
1996-12-17,6.588886508727971,7.946835151354141,-1.3579486426261844
1996-12-18,6.79160728666551,7.946835151354141,-1.1552278646886456
1996-12-19,7.933331880192085,7.946835151354141,-0.013503271162070396
1996-12-20,7.548253299183815,7.561756570345871,-0.013503271162070396
1996-12-23,6.9539444581178795,7.561756570345871,-0.607812112228006
1996-12-24,7.422962347932721,7.561756570345871,-0.13879422241316497
1996-12-26,7.867602519343388,8.006396741756538,-0.13879422241316497
1996-12-27,7.981237400123923,8.120031622537073,-0.13879422241316497
1996-12-30,6.773618295452346,8.120031622537073,-1.3464133270847412
1996-12-31,4.8356457526559895,8.120031622537073,-3.284385869881098
1997-01-02,4.362389501982499,8.120031622537073,-3.7576421205545882
1997-01-03,5.314136409077349,8.120031622537073,-2.8058952134597384
1997-01-06,4.4263878269550085,7.232283040414733,-2.8058952134597384
1997-01-07,5.626500653547591,8.432395867007315,-2.8058952134597384
1997-01-08,4.203930427182722,7.009825640642446,-2.8058952134597384
1997-01-09,4.526432811659913,7.009825640642446,-2.483392828982547
1997-01-10,7.010327646385129,7.009825640642446,0.0005020057426681213
1997-01-13,6.365144689179463,6.36464268343678,0.0005020057426681213
1997-01-14,6.7212219741475785,6.720719968404896,0.0005020057426681213
1997-01-15,6.792655203403396,6.7921531976607135,0.0005020057426681213
1997-01-16,6.863758208660021,6.7921531976607135,0.07160501099929255
1997-01-17,7.318170956534804,7.2465659455354965,0.07160501099929255
1997-01-20,7.187519423700717,7.2465659455354965,-0.059046521834794044
1997-01-21,8.341957395148553,8.401003916983333,-0.059046521834794044
1997-01-22,9.008038713652972,8.401003916983333,0.6070347966696255
1997-01-23,7.324025927403373,6.716991130733734,0.6070347966696255
1997-01-24,5.858866863372294,6.716991130733734,-0.8581242673614542
1997-01-27,5.400709665948225,6.716991130733734,-1.316281464785522
1997-01-28,4.25709428731459,6.716991130733734,-2.4598968434191573
1997-01-29,5.0568153105765425,7.5167121539956865,-2.4598968434191573
1997-01-30,5.846180078651101,7.5167121539956865,-1.6705320753445987
1997-01-31,5.160904424249704,7.5167121539956865,-2.3558077297459956
1997-02-03,5.051609410630153,7.5167121539956865,-2.4651027433655472
1997-02-04,5.516669686489933,7.5167121539956865,-2.0000424675057675
1997-02-05,3.474727267220081,7.5167121539956865,-4.041984886775619
1997-02-06,3.9456901182227853,7.5167121539956865,-3.571022035772915
1997-02-07,4.44983006826465,7.5167121539956865,-3.06688208573105
1997-02-10,3.4491344283115035,6.51601651404254,-3.06688208573105
1997-02-11,4.189977710777739,7.256859796508775,-3.06688208573105
1997-02-12,5.587350431943928,7.256859796508775,-1.66950936456486
1997-02-13,6.270994831609645,7.9405041961744915,-1.66950936456486
1997-02-14,6.260994831609645,7.9405041961744915,-1.67950936456486
1997-02-18,6.901964007667366,8.581473372232212,-1.67950936456486
1997-02-19,6.489317504518514,8.581473372232212,-2.0921558677137115
1997-02-20,5.627259677241021,7.719415544954719,-2.0921558677137115
1997-02-21,5.5783869848176,7.719415544954719,-2.1410285601371326
1997-02-24,7.253983417751131,9.39501197788825,-2.1410285601371326
1997-02-25,7.2247877175290265,9.39501197788825,-2.170224260359237
1997-02-26,6.326922398418444,9.39501197788825,-3.06808957946982
1997-02-27,4.541785568616819,9.39501197788825,-4.8532264092714446
1997-02-28,4.413419013072688,9.39501197788825,-4.981592964815576
1997-03-03,5.586864777772989,9.39501197788825,-3.8081472001152745
1997-03-04,4.752198804365981,9.39501197788825,-4.642813173522283
1997-03-05,5.833827578319313,9.39501197788825,-3.561184399568951
1997-03-06,5.201741590809073,9.39501197788825,-4.19327038707919
1997-03-07,5.695520993804781,9.888791380883958,-4.19327038707919
1997-03-10,6.607894942863179,9.888791380883958,-3.280896438020792
1997-03-11,5.984396086111573,9.888791380883958,-3.9043952947723977
1997-03-12,5.00895124410303,8.913346538875416,-3.9043952947723977
1997-03-13,3.784440723046048,7.688836017818434,-3.9043952947723977
1997-03-14,3.8332815602836052,7.688836017818434,-3.8555544575348404
1997-03-17,4.647947533690619,7.688836017818434,-3.0408884841278265
1997-03-18,3.4393871595288883,7.688836017818434,-4.249448858289558
1997-03-19,3.350085014215101,7.688836017818434,-4.338751003603345
1997-03-20,2.862757138949335,7.688836017818434,-4.826078878869112
1997-03-21,2.5345388911030517,7.688836017818434,-5.154297126715394
1997-03-24,3.8296790307564406,8.983976157471822,-5.154297126715394
1997-03-25,3.068538910835508,8.983976157471822,-5.915437246636327
1997-03-26,3.098056793191321,8.983976157471822,-5.885919364280514
1997-03-27,0.050253257274121665,5.936172621554623,-5.885919364280514
1997-03-31,-1.9708959971238666,5.936172621554623,-7.907068618678502
1997-04-01,-1.174356623447041,5.936172621554623,-7.110529245001676
1997-04-02,-2.683135719996222,4.427393525005442,-7.110529245001676
1997-04-03,-2.065387268082319,5.0451419769193455,-7.110529245001676
1997-04-04,-0.2877695139462302,6.822759731055434,-7.110529245001676
1997-04-07,-0.3593142897118174,6.822759731055434,-7.1820740207672635
1997-04-08,0.36688535439510866,7.548959375162361,-7.1820740207672635
1997-04-09,-0.8681197561986937,6.313954264568558,-7.1820740207672635
1997-04-10,-1.2896429707093482,5.892431050057904,-7.1820740207672635
1997-04-11,-3.57342513990353,5.892431050057904,-9.465856189961446
1997-04-14,-2.739360200431244,6.726495989530189,-9.465856189961446
1997-04-15,-2.252258928229204,7.21359726173223,-9.465856189961446
1997-04-16,-0.7807503497151358,8.685105840246298,-9.465856189961446
1997-04-17,-1.200083708815121,8.685105840246298,-9.885189549061431
1997-04-18,-1.5360823675358697,8.685105840246298,-10.22118820778218
1997-04-21,-2.44588393949193,7.775304268290237,-10.22118820778218
1997-04-22,-0.34327236087687707,7.775304268290237,-8.118576629167128
1997-04-23,-0.15226726807446708,7.775304268290237,-7.927571536364718
1997-04-24,-0.966291699931013,7.775304268290237,-8.741595968221265
1997-04-25,-1.6680543771432084,7.073541591078042,-8.741595968221265
1997-04-28,-0.6619919882232617,7.073541591078042,-7.735533579301318
1997-04-29,0.749271572573929,7.073541591078042,-6.324270018504127
1997-04-30,1.798312653269368,8.12258267177348,-6.324270018504127
1997-05-01,1.515248313516141,8.12258267177348,-6.607334358257354
1997-05-02,2.935224371006817,9.542558729264158,-6.607334358257354
1997-05-05,5.0082385224970025,11.615572880754343,-6.607334358257354
1997-05-06,5.411695228758493,11.615572880754343,-6.203877651995864
1997-05-07,3.577936473780391,9.781814125776242,-6.203877651995864
1997-05-08,4.486076052809479,10.68995370480533,-6.203877651995864
1997-05-09,4.060902782363247,10.68995370480533,-6.629050922442096
1997-05-12,5.32385145745198,11.952902379894063,-6.629050922442096
1997-05-13,4.978218101168923,11.952902379894063,-6.974684278725153
1997-05-14,4.466124996158966,11.440809274884106,-6.974684278725153
1997-05-15,5.125023811238637,11.440809274884106,-6.315785463645482
1997-05-16,4.031913316170021,10.347698779815492,-6.315785463645482
1997-05-19,4.209284553300698,10.347698779815492,-6.138414226514805
1997-05-20,5.615105520950972,10.347698779815492,-4.732593258864531
1997-05-21,5.124246447549316,9.856839706413837,-4.732593258864531
1997-05-22,4.668811412611296,9.401404671475817,-4.732593258864531
1997-05-23,5.139137479262428,9.871730738126947,-4.732593258864531
1997-05-27,6.014099006960666,10.746692265825185,-4.732593258864531
1997-05-28,5.98574196239328,10.7183352212578,-4.732593258864531
1997-05-29,5.404890582531886,10.137483841396406,-4.732593258864531
1997-05-30,7.696402710873118,10.137483841396406,-2.4410811305233
1997-06-02,7.025121829395802,10.137483841396406,-3.112362012000615
1997-06-03,7.1261301664197205,10.137483841396406,-3.0113536749766965
1997-06-04,6.968146417623095,10.137483841396406,-3.169337423773322
1997-06-05,7.105802406059539,10.27513982983285,-3.169337423773322
1997-06-06,9.17959193338546,10.27513982983285,-1.0955478964474006
1997-06-09,9.60249304234403,10.69804093879142,-1.0955478964474006
1997-06-10,9.862010769052757,10.957558665500148,-1.0955478964474006
1997-06-11,10.174765218139413,11.270313114586804,-1.0955478964474006
1997-06-12,11.401748652887623,11.270313114586804,0.13143553830080923
1997-06-13,12.125889338724408,11.270313114586804,0.8555762241375947
1997-06-16,12.115889338724408,11.260313114586804,0.8555762241375947
1997-06-17,12.315313499035899,11.260313114586804,1.0550003844490854
1997-06-18,12.515471194598508,11.260313114586804,1.2551580800116944
1997-06-19,13.200521777250819,11.945363697239115,1.2551580800116944
1997-06-20,12.790138267363247,11.534980187351543,1.2551580800116944
1997-06-23,10.517758282548195,9.262600202536492,1.2551580800116944
1997-06-24,12.053818593186023,9.262600202536492,2.7912183906495223
1997-06-25,11.501052662981463,8.709834272331932,2.7912183906495223
1997-06-26,11.173983522944063,8.709834272331932,2.4641492506121225
1997-06-27,11.093709451183448,8.629560200571317,2.4641492506121225
1997-06-30,10.413631119587581,8.629560200571317,1.784070919016255
1997-07-01,11.352504870457727,8.629560200571317,2.7229446698864
1997-07-02,12.728528444668822,8.629560200571317,4.098968244097495
1997-07-03,12.922402113653652,8.629560200571317,4.292841913082326
1997-07-07,11.549983219699298,8.629560200571317,2.9204230191279734
1997-07-08,12.443424121263364,8.629560200571317,3.813863920692039
1997-07-09,11.070076487645865,8.629560200571317,2.4405162870745407
1997-07-10,11.436595843979573,8.629560200571317,2.807035643408248
1997-07-11,11.631094892752337,8.824059249344081,2.807035643408248
1997-07-14,11.807963205008837,8.824059249344081,2.9839039556647475
1997-07-15,12.03464970603544,9.050745750370684,2.9839039556647475
1997-07-16,12.69354852111511,9.050745750370684,3.6428027707444186
1997-07-17,12.315716640074353,8.672913869329927,3.6428027707444186
1997-07-18,10.44062358017903,6.797820809434604,3.6428027707444186
1997-07-21,10.464852572469423,6.797820809434604,3.667031763034811
1997-07-22,12.662745411491496,6.797820809434604,5.864924602056883
1997-07-23,12.352895111865841,6.797820809434604,5.555074302431227
1997-07-24,12.509090928747238,6.797820809434604,5.711270119312624
1997-07-25,11.935709156921636,6.797820809434604,5.137888347487022
1997-07-28,11.626854542989872,6.488966195502841,5.137888347487022
1997-07-29,12.315343995184968,7.177455647697938,5.137888347487022
1997-07-30,13.25976953873038,8.12188119124335,5.137888347487022
1997-07-31,13.151457225388326,8.013568877901296,5.137888347487022
1997-08-01,12.550710512319045,7.412822164832016,5.137888347487022
1997-08-04,12.968413088971637,7.412822164832016,5.555590924139614
1997-08-05,13.122589779928221,7.412822164832016,5.709767615096198
1997-08-06,13.732797415118917,8.02302980002271,5.709767615096198
1997-08-07,12.484593260797975,6.774825645701769,5.709767615096198
1997-08-08,11.475583953289346,6.774825645701769,4.700758307587568
1997-08-11,11.798362962556821,7.097604654969244,4.700758307587568
1997-08-12,10.014851529202648,7.097604654969244,2.9172468742333946
1997-08-13,8.492471837340615,7.097604654969244,1.3948671823713605
1997-08-14,7.977675207610145,7.097604654969244,0.8800705526408907
1997-08-15,5.3906557746163815,7.097604654969244,-1.7069488803528725
1997-08-18,6.924690566612853,7.097604654969244,-0.1729140883564011
1997-08-19,7.590140618579679,7.76305470693607,-0.1729140883564011
1997-08-20,8.9825008293543,7.76305470693607,1.2194461224182211
1997-08-21,7.332296694732406,7.76305470693607,-0.43075801220367294
1997-08-22,9.02475524584915,7.76305470693607,1.2617005389130713
1997-08-25,8.406645263767109,7.76305470693607,0.6435905568310306
1997-08-26,7.149085718172365,7.76305470693607,-0.6139689887637135
1997-08-27,7.584520753110402,8.198489741874107,-0.6139689887637135
1997-08-28,6.281064762081079,8.198489741874107,-1.917424979793037
1997-08-29,6.5480732494626395,8.198489741874107,-1.650416492411476
1997-09-02,9.39152771496289,11.041944207374357,-1.650416492411476
1997-09-03,8.860999295932706,11.041944207374357,-2.180944911441661
1997-09-04,9.219694199931066,11.400639111372717,-2.180944911441661
1997-09-05,8.324510967076273,10.505455878517925,-2.180944911441661
1997-09-08,8.13094812871605,10.505455878517925,-2.3745077498018845
1997-09-09,8.522420732196167,10.505455878517925,-1.9830351463217664
1997-09-10,6.9226696799962575,10.505455878517925,-3.582786198521676
1997-09-11,6.263649468407336,10.505455878517925,-4.2418064101105974
1997-09-12,6.964432626713237,11.206239036823826,-4.2418064101105974
1997-09-15,6.785656215341263,11.206239036823826,-4.420582821482571
1997-09-16,8.370374396275455,11.206239036823826,-2.8358646405483805
1997-09-17,7.76885114668846,10.604715787236831,-2.8358646405483805
1997-09-18,7.9888496052326285,10.604715787236831,-2.615866182004212
1997-09-19,8.374237270245366,10.604715787236831,-2.2304785169914747
1997-09-22,8.429660890505007,10.660139407496471,-2.2304785169914747
1997-09-23,7.96079413976189,10.660139407496471,-2.6993452677345915
1997-09-24,6.863647870010999,10.660139407496471,-3.7964915374854824
1997-09-25,6.255042823480628,10.051534360966102,-3.7964915374854824
1997-09-26,6.278128018157956,10.074619555643428,-3.7964915374854824
1997-09-29,7.1897935286503385,10.074619555643428,-2.8848260269930996
1997-09-30,6.519725125515136,10.074619555643428,-3.554894430128302
1997-10-01,6.902652939504092,10.074619555643428,-3.171966616139346
1997-10-02,7.544758282624836,10.716724898764173,-3.171966616139346
1997-10-03,6.6814970485088025,10.716724898764173,-4.03522785025538
1997-10-06,6.639378853275263,10.674606703530634,-4.03522785025538
1997-10-07,7.299986507753976,11.335214358009347,-4.03522785025538
1997-10-08,6.412437996256558,11.335214358009347,-4.922776361752798
1997-10-09,6.789161004811676,11.711937366564465,-4.922776361752798
1997-10-10,7.361498464129337,11.711937366564465,-4.350438902435139
1997-10-13,6.965521786811997,11.711937366564465,-4.746415579752479
1997-10-14,6.473438256342611,11.711937366564465,-5.2384991102218645
1997-10-15,6.948954665656788,11.711937366564465,-4.7629827009076875
1997-10-16,4.796711106916117,11.711937366564465,-6.9152262596483585
1997-10-17,4.0108095668057775,10.926035826454125,-6.9152262596483585
1997-10-20,4.821158712088567,11.736384971736916,-6.9152262596483585
1997-10-21,6.117945074722634,13.033171334370982,-6.9152262596483585
1997-10-22,5.592977731342099,12.508203990990447,-6.9152262596483585
1997-10-23,5.582977731342099,12.508203990990447,-6.925226259648358
1997-10-24,3.3050087061109603,12.508203990990447,-9.203195284879497
1997-10-27,-3.1756430716923965,12.508203990990447,-15.683847062682855
1997-10-28,5.703589223359495,12.508203990990447,-6.804614767630962
1997-10-29,5.1176093148961534,12.508203990990447,-7.390594676094304
1997-10-30,4.346096462170934,11.736691138265227,-7.390594676094304
1997-10-31,4.608020491046248,11.736691138265227,-7.12867064721899
1997-11-03,5.466139465550906,12.594810112769887,-7.12867064721899
1997-11-04,5.589206684121401,12.717877331340382,-7.12867064721899
1997-11-05,5.711832698256755,12.717877331340382,-7.006044633083636
1997-11-06,5.618714083214565,12.717877331340382,-7.099163248125826
1997-11-07,6.21579857841536,12.717877331340382,-6.502078752925031
1997-11-10,4.861692321513596,11.363771074438619,-6.502078752925031
1997-11-11,4.5477920369735765,11.049870789898598,-6.502078752925031
1997-11-12,3.302361086880053,11.049870789898598,-7.7475097030185545
1997-11-13,3.6674680910737303,11.049870789898598,-7.382402698824877
1997-11-14,4.466643106336631,11.049870789898598,-6.583227683561976
1997-11-17,4.886182838303215,11.469410521865182,-6.583227683561976
1997-11-18,4.214804766099522,10.79803244966149,-6.583227683561976
1997-11-19,5.233518002568942,11.81674568613091,-6.583227683561976
1997-11-20,6.039849066485047,12.623076750047016,-6.583227683561976
1997-11-21,6.159131566715565,12.623076750047016,-6.463945183331458
1997-11-24,5.1020015799860285,12.623076750047016,-7.521075170060994
1997-11-25,4.699073765997073,12.220148936058061,-7.521075170060994
1997-11-26,4.329889706365848,12.220148936058061,-7.890259229692219
1997-11-28,4.189256114960296,12.220148936058061,-8.030892821097773
1997-12-01,6.109197006705611,14.140089827803378,-8.030892821097773
1997-12-02,5.907073988916218,13.937966810013984,-8.030892821097773
1997-12-03,6.056997259846774,14.08789008094454,-8.030892821097773
1997-12-04,5.218703260211982,14.08789008094454,-8.869186820732565
1997-12-05,6.800586605243852,14.08789008094454,-7.287303475700695
1997-12-08,6.474330807179031,13.761634282879719,-7.287303475700695
1997-12-09,6.305120456720071,13.761634282879719,-7.4565138261596555
1997-12-10,5.942160038946028,13.761634282879719,-7.819474243933698
1997-12-11,5.150397099840677,13.761634282879719,-8.611237183039048
1997-12-12,4.424946893578253,13.761634282879719,-9.33668738930147
1997-12-15,4.90077780868589,14.237465197987355,-9.33668738930147
1997-12-16,4.987163358316557,14.323850747618021,-9.33668738930147
1997-12-17,3.9175933233573925,14.323850747618021,-10.406257424260634
1997-12-18,2.8054751984236614,13.21173262268429,-10.406257424260634
1997-12-19,3.059588920787576,13.21173262268429,-10.152143701896719
1997-12-22,3.0004609414157826,13.21173262268429,-10.211271681268514
1997-12-23,1.1397802298122983,13.21173262268429,-12.071952392871998
1997-12-24,0.03178217493759572,12.103734567809587,-12.071952392871998
1997-12-26,-0.34409217300411216,11.72786021986788,-12.071952392871998
1997-12-29,0.7301964194666584,11.72786021986788,-10.997663800401227
1997-12-30,1.9503835100961768,11.72786021986788,-9.777476709771708
1997-12-31,2.133744833635655,11.911221543407358,-9.777476709771708
1998-01-02,2.380319701779016,11.911221543407358,-9.530901841628348
1998-01-05,2.3064219360266613,11.911221543407358,-9.604799607380702
1998-01-06,1.2303481986484843,11.911221543407358,-10.68087334475888
1998-01-07,1.60983262480259,11.911221543407358,-10.301388918604774
1998-01-09,-1.5327127467185857,11.911221543407358,-13.443934290125949
1998-01-12,1.5635464473995717,11.911221543407358,-10.34767509600779
1998-01-13,2.2774719518113606,11.911221543407358,-9.633749591596002
1998-01-14,2.3327674160966425,11.966517007692639,-9.633749591596002
1998-01-15,1.7484775449965289,11.966517007692639,-10.218039462696115
1998-01-16,1.8033915362406114,11.966517007692639,-10.163125471452032
1998-01-20,3.014094134008836,11.966517007692639,-8.952422873683808
1998-01-21,2.714378817893535,11.666801691577337,-8.952422873683808
1998-01-22,2.6230978250417922,11.666801691577337,-9.043703866535552
1998-01-23,2.028490768699406,11.666801691577337,-9.638310922877938
1998-01-26,1.4983335490920664,11.666801691577337,-10.168468142485278
1998-01-27,2.5589033846909386,11.666801691577337,-9.107898306886405
1998-01-28,2.869211153741372,11.666801691577337,-8.797590537835971
1998-01-29,3.2735543760105097,12.071144913846474,-8.797590537835971
1998-01-30,2.7878915162710425,12.071144913846474,-9.283253397575438
1998-02-02,2.8091659496768533,12.092419347252285,-9.283253397575438
1998-02-03,3.484313444587027,12.092419347252285,-8.608105902665264
1998-02-04,3.754382088834188,12.092419347252285,-8.338037258418103
1998-02-05,2.9391748891577465,12.092419347252285,-9.153244458094544
1998-02-06,3.546079991829257,12.699324449923797,-9.153244458094544
1998-02-09,3.105044841717025,12.258289299811564,-9.153244458094544
1998-02-10,3.892839806527143,13.046084264621681,-9.153244458094544
1998-02-11,3.9440393188411837,13.046084264621681,-9.102044945780504
1998-02-12,4.790575604733483,13.046084264621681,-8.255508659888203
1998-02-13,4.596920824003344,12.852429483891543,-8.255508659888203
1998-02-17,4.2825065858805305,12.852429483891543,-8.569922898011017
1998-02-18,5.366077629883359,12.852429483891543,-7.486351854008189
1998-02-19,5.007407527540093,12.852429483891543,-7.845021956351454
1998-02-20,5.480938236926043,12.852429483891543,-7.371491246965504
1998-02-23,5.290920186511258,12.852429483891543,-7.561509297380289
1998-02-24,4.64733834160268,12.852429483891543,-8.205091142288868
1998-02-25,5.387529406782149,12.852429483891543,-7.464900077109399
1998-02-26,6.033660600532123,13.498560677641517,-7.464900077109399
1998-02-27,6.172403748586726,13.63730382569612,-7.464900077109399
1998-03-02,5.8352659103684745,13.63730382569612,-7.8020379153276505
1998-03-03,6.747754225720378,13.63730382569612,-6.889549599975747
1998-03-04,6.4697772900088335,13.63730382569612,-7.1675265356872915
1998-03-05,6.791352574953226,13.958879110640513,-7.1675265356872915
1998-03-06,8.087784457725892,15.255310993413179,-7.1675265356872915
1998-03-09,8.10739215594365,15.255310993413179,-7.147918837469533
1998-03-10,8.420494214088304,15.255310993413179,-6.834816779324878
1998-03-11,8.498098249476286,15.33291502880116,-6.834816779324878
1998-03-12,8.866721098759795,15.70153787808467,-6.834816779324878
1998-03-13,8.158840976420331,14.993657755745206,-6.834816779324878
1998-03-16,8.524835634852568,15.359652414177443,-6.834816779324878
1998-03-17,8.745383287402447,15.359652414177443,-6.614269126775
1998-03-18,9.397160986734988,15.359652414177443,-5.962491427442458
1998-03-19,9.644929996712483,15.359652414177443,-5.714722417464964
1998-03-20,9.919749329101256,15.359652414177443,-5.439903085076191
1998-03-23,9.824267061465397,15.264170146541584,-5.439903085076191
1998-03-24,10.26752562782331,15.707428712899498,-5.439903085076191
1998-03-25,9.129163867620582,14.569066952696769,-5.439903085076191
1998-03-26,9.318055821237586,14.569066952696769,-5.251011131459188
1998-03-27,8.287059997947788,14.569066952696769,-6.282006954748986
1998-03-30,8.220031196858393,14.502038151607374,-6.282006954748986
1998-03-31,8.011252201971832,14.293259156720813,-6.282006954748986
1998-04-01,8.467585273451721,14.293259156720813,-5.825673883269095
1998-04-02,9.438672329877646,14.293259156720813,-4.854586826843171
1998-04-03,9.650956389172265,14.505543216015433,-4.854586826843171
1998-04-06,8.251659244822592,13.10624607166576,-4.854586826843171
1998-04-07,7.511933862428265,12.366520689271432,-4.854586826843171
1998-04-08,6.68376030414322,12.366520689271432,-5.682760385128216
1998-04-09,7.237459654748225,12.366520689271432,-5.129061034523211
1998-04-13,6.777515138625245,11.906576173148453,-5.129061034523211
1998-04-14,7.3842818821121865,11.906576173148453,-4.522294291036269
1998-04-15,7.51373246948549,11.906576173148453,-4.392843703662966
1998-04-16,7.0535347479401125,11.906576173148453,-4.853041425208343
1998-04-17,8.444902972744778,11.906576173148453,-3.4616732004036788
1998-04-20,8.657868505471708,11.906576173148453,-3.24870766767675
1998-04-21,8.953127518702722,11.906576173148453,-2.9534486544457352
1998-04-22,9.136738421389362,11.906576173148453,-2.7698377517590953
1998-04-23,8.570253958048633,11.906576173148453,-3.3363222150998237
1998-04-24,7.717788992123487,11.906576173148453,-4.188787181024971
1998-04-27,7.105981759567185,11.294768940592151,-4.188787181024971
1998-04-28,5.979611213089516,10.168398394114483,-4.188787181024971
1998-04-29,6.22723265226684,10.416019833291807,-4.188787181024971
1998-04-30,6.921361740877382,10.416019833291807,-3.4946580924144293
1998-05-01,7.663559186346207,10.416019833291807,-2.752460646945604
1998-05-04,7.292497830342741,10.416019833291807,-3.12352200294907
1998-05-05,6.863092769876662,10.416019833291807,-3.552927063415149
1998-05-06,5.1383634756131755,10.416019833291807,-5.2776563576786355
1998-05-07,4.076470336628588,10.416019833291807,-6.339549496663223
1998-05-08,5.084003140793833,10.416019833291807,-5.332016692497978
1998-05-11,4.343046835922515,10.416019833291807,-6.072972997369296
1998-05-12,5.343156434572907,10.416019833291807,-5.072863398718904
1998-05-13,5.472490440673349,10.416019833291807,-4.943529392618462
1998-05-14,5.574503893998284,10.518033286616742,-4.943529392618462
1998-05-15,4.695786086618903,9.63931547923736,-4.943529392618462
1998-05-18,4.572823634618042,9.5163530272365,-4.943529392618462
1998-05-19,4.872029783995558,9.815559176614014,-4.943529392618462
1998-05-20,5.140426400329701,10.083955792948156,-4.943529392618462
1998-05-21,4.516756413115948,10.083955792948156,-5.567199379832215
1998-05-22,4.05832516838309,9.6255245482153,-5.567199379832215
1998-05-26,1.6786797349035143,9.6255245482153,-7.94684481331179
1998-05-27,2.6714098097034826,9.6255245482153,-6.954114738511822
1998-05-28,2.8886826348037222,9.84279737331554,-6.954114738511822
1998-05-29,1.4275261406991377,8.381640879210956,-6.954114738511822
1998-06-01,1.9324014200030513,8.381640879210956,-6.4492394592079085
1998-06-02,1.5809099099961277,8.381640879210956,-6.8007309692148326
1998-06-03,-0.26611075017878627,6.534620219036041,-6.8007309692148326
1998-06-04,1.2138881620953934,8.014619131310221,-6.8007309692148326
1998-06-05,2.6654093991924324,9.46614036840726,-6.8007309692148326
1998-06-08,2.599559076601321,9.46614036840726,-6.866581291805944
1998-06-09,3.0361129863987895,9.46614036840726,-6.4300273820084755
1998-06-10,2.914068156749829,9.46614036840726,-6.552072211657436
1998-06-11,1.0644804099078178,9.46614036840726,-8.401659958499447
1998-06-12,1.5651198173652232,9.46614036840726,-7.901020551042042
1998-06-15,0.3706483642998264,9.46614036840726,-9.095492004107438
1998-06-16,1.0787327367250392,9.46614036840726,-8.387407631682226
1998-06-17,2.2531797479772857,10.640587379659506,-8.387407631682226
1998-06-18,2.046246219708033,10.433653851390254,-8.387407631682226
1998-06-19,1.131774253863513,10.433653851390254,-9.301879597526746
1998-06-22,1.4330805757416545,10.433653851390254,-9.000573275648604
1998-06-23,2.1517833518507934,10.433653851390254,-8.281870499539465
1998-06-24,3.250134958397106,10.433653851390254,-7.183518892993153
1998-06-25,2.6347396036289714,9.81825849662212,-7.183518892993153
1998-06-26,2.9551363799560875,10.138655272949237,-7.183518892993153
1998-06-29,2.808281288115713,10.138655272949237,-7.3303739848335265
1998-06-30,2.275655975319498,10.138655272949237,-7.862999297629742
1998-07-01,2.7575946553013173,10.620593952931056,-7.862999297629742
1998-07-02,2.856497470311587,10.719496767941326,-7.862999297629742
1998-07-06,3.9027022789539734,10.719496767941326,-6.816794488987355
1998-07-07,3.717417396212526,10.719496767941326,-7.002079371728803
1998-07-08,4.352580924361385,10.719496767941326,-6.366915843579943
1998-07-09,3.965628404772364,10.332544248352304,-6.366915843579943
1998-07-10,4.331972934990192,10.698888778570133,-6.366915843579943
1998-07-13,4.268339251752241,10.635255095332182,-6.366915843579943
1998-07-14,5.003816612554388,11.370732456134329,-6.366915843579943
1998-07-15,4.595990865752631,11.370732456134329,-6.7747415903817005
1998-07-16,5.194861045902929,11.370732456134329,-6.1758714102314025
1998-07-17,5.132160122417033,11.370732456134329,-6.238572333717299
1998-07-20,4.964140600465264,11.370732456134329,-6.406591855669068
1998-07-21,2.830918589887836,9.2375104455569,-6.406591855669068
1998-07-22,2.9551287831643194,9.361720638833383,-6.406591855669068
1998-07-23,1.1012587567399066,9.361720638833383,-8.26046188209348
1998-07-24,0.3272714118261635,8.587733293919639,-8.26046188209348
1998-07-27,1.4385740122164004,9.699035894309876,-8.26046188209348
1998-07-28,0.13681494805729155,9.699035894309876,-9.56222094625259
1998-07-29,-0.9229184482711588,8.639302497981426,-9.56222094625259
1998-07-30,-0.4117267596202109,8.639302497981426,-9.051029257601641
1998-07-31,-2.6882693356391263,8.639302497981426,-11.327571833620556
1998-08-03,-3.118496876580205,8.209074957040347,-11.327571833620556
1998-08-04,-7.890622573025222,8.209074957040347,-16.099697530065573
1998-08-05,-7.409646857508982,8.209074957040347,-15.618721814549332
1998-08-06,-6.67101105468934,8.947710759859989,-15.618721814549332
1998-08-07,-7.195151004731206,8.947710759859989,-16.142861764591196
1998-08-10,-7.435300703559133,8.947710759859989,-16.383011463419123
1998-08-11,-7.357542909423217,8.947710759859989,-16.305253669283207
1998-08-12,-6.501236596358765,9.804017072924442,-16.305253669283207
1998-08-13,-7.841120318757579,9.804017072924442,-17.64513739168202
1998-08-14,-9.920260144136115,9.804017072924442,-19.724277217060557
1998-08-17,-7.7144260452722495,9.804017072924442,-17.518443118196693
1998-08-18,-6.470848375774205,9.804017072924442,-16.274865448698648
1998-08-19,-7.385064765384554,9.804017072924442,-17.189081838308997
1998-08-20,-7.623245126795979,9.565836711513017,-17.189081838308997
1998-08-21,-7.287224020306414,9.565836711513017,-16.853060731819433
1998-08-24,-7.297224020306413,9.565836711513017,-16.863060731819434
1998-08-25,-8.103134987063275,9.565836711513017,-17.668971698576296
1998-08-26,-7.566292352224299,9.565836711513017,-17.13212906373732
1998-08-27,-10.660759887334152,9.565836711513017,-20.226596598847173
1998-08-28,-12.200713234205224,9.565836711513017,-21.766549945718246
1998-08-31,-19.974309998502378,9.565836711513017,-29.5401467100154
1998-09-01,-15.904713052690504,9.565836711513017,-25.470549764203525
1998-09-02,-16.38544983910601,9.565836711513017,-25.95128655061903
1998-09-03,-15.439724182765293,9.565836711513017,-25.005560894278315
1998-09-04,-17.161334906018354,9.565836711513017,-26.727171617531376
1998-09-08,-15.08664874206606,9.565836711513017,-24.652485453579082
1998-09-09,-17.31076132978741,7.341724123791665,-24.652485453579082
1998-09-10,-17.25728941397832,7.395196039600756,-24.652485453579082
1998-09-11,-13.764742517636648,10.887742935942427,-24.652485453579082
1998-09-14,-13.229451860221836,10.887742935942427,-24.11719479616427
1998-09-15,-12.091749742468927,10.887742935942427,-22.97949267841136
1998-09-16,-11.863370606941285,10.887742935942427,-22.75111354288372
1998-09-17,-12.118168770805285,10.887742935942427,-23.005911706747717
1998-09-18,-12.403272107994272,10.60263959875344,-23.005911706747717
1998-09-21,-10.026671927951698,10.60263959875344,-20.629311526705145
1998-09-22,-10.642367298770678,10.60263959875344,-21.245006897524124
1998-09-23,-7.688309170141302,13.556697727382815,-21.245006897524124
1998-09-24,-9.537577868647409,11.707429028876708,-21.245006897524124
1998-09-25,-8.462576266240825,11.707429028876708,-20.17000529511754
1998-09-28,-8.591341125806442,11.578664169311091,-20.17000529511754
1998-09-29,-9.01738927423244,11.152616020885093,-20.17000529511754
1998-09-30,-10.732668112504378,11.152616020885093,-21.885284133389476
1998-10-01,-11.968520332548955,11.152616020885093,-23.121136353434053
1998-10-02,-10.130965039759605,12.990171313674443,-23.121136353434053
1998-10-05,-11.055076999934498,12.990171313674443,-24.045248313608944
1998-10-06,-13.22850986505504,12.990171313674443,-26.218681178729486
1998-10-07,-14.77110691287771,12.990171313674443,-27.761278226552157
1998-10-08,-12.655802134496199,12.990171313674443,-25.645973448170643
1998-10-09,-11.099524310301048,12.990171313674443,-24.089695623975494
1998-10-12,-11.763834169194654,12.990171313674443,-24.7540054828691
1998-10-13,-11.711079225183472,12.990171313674443,-24.701250538857916
1998-10-14,-10.091970514046366,12.990171313674443,-23.08214182772081
1998-10-15,-4.429487120307501,18.65265470741331,-23.08214182772081
1998-10-16,-4.557342172251937,18.524799655468872,-23.08214182772081
1998-10-19,-3.9189461487780166,19.16319567894279,-23.08214182772081
1998-10-20,-4.453270099763211,18.6288717279576,-23.08214182772081
1998-10-21,-4.697462244271326,18.6288717279576,-23.326333972228927
1998-10-22,-3.370233015558298,19.956100956670625,-23.326333972228927
1998-10-23,-4.4276676718051995,18.898666300423724,-23.326333972228927
1998-10-26,-4.5247377687295804,18.898666300423724,-23.423404069153307
1998-10-27,-5.869251336656797,18.898666300423724,-24.767917637080522
1998-10-28,-5.644921996859438,18.898666300423724,-24.543588297283165
1998-10-29,-3.5185820888537678,18.898666300423724,-22.417248389277496
1998-10-30,-3.6421539352465055,18.775094454030985,-22.417248389277496
1998-11-02,-2.69789465918723,18.775094454030985,-21.47298911321822
1998-11-03,-3.18508854717241,18.287900566045803,-21.47298911321822
1998-11-04,-3.389776412866469,18.287900566045803,-21.677676978912277
1998-11-05,-1.4024839443391608,20.27519303457311,-21.677676978912277
1998-11-06,-0.8357969142868277,20.841880064625443,-21.677676978912277
1998-11-09,-1.3958533066680356,20.281823672244233,-21.677676978912277
1998-11-10,-1.4058533066680357,20.281823672244233,-21.68767697891228
1998-11-11,-2.798236393214335,20.281823672244233,-23.08006006545858
1998-11-12,-2.9753208096960844,20.281823672244233,-23.25714448194033
1998-11-13,-2.098151142796667,20.281823672244233,-22.379974815040914
1998-11-16,-2.24504370353084,20.281823672244233,-22.526867375775087
1998-11-17,-1.8982435445760286,20.281823672244233,-22.180067216820277
1998-11-18,-1.5262512656190206,20.281823672244233,-21.808074937863267
1998-11-19,-1.1304614486795663,20.281823672244233,-21.412285120923812
1998-11-20,-0.9124417670261509,20.281823672244233,-21.194265439270396
1998-11-23,0.6873040366181218,21.881569475888504,-21.194265439270396
1998-11-24,0.36168041847437804,21.55594585774476,-21.194265439270396
1998-11-25,0.08859160584674808,21.55594585774476,-21.467354251898026
1998-11-27,0.10474565333464617,21.57209990523266,-21.467354251898026
1998-11-30,-2.3640133345767236,21.57209990523266,-23.936113239809394
1998-12-01,-1.0905732574226048,22.84553998238678,-23.936113239809394
1998-12-02,-1.0472683521092754,22.88884488770011,-23.936113239809394
1998-12-03,-2.6964290617209627,22.88884488770011,-25.585273949421083
1998-12-04,-1.2170398278475212,24.36823412157355,-25.585273949421083
1998-12-07,-0.4886398483835319,25.09663410103754,-25.585273949421083
1998-12-08,-0.6041529154133605,25.09663410103754,-25.70078701645091
1998-12-09,-0.6668260796546289,25.09663410103754,-25.763460180692178
1998-12-10,-2.3339197412346393,23.42954043945753,-25.763460180692178
1998-12-11,-1.7552105215567546,24.008249659135412,-25.763460180692178
1998-12-14,-3.8585314882033335,21.904928692488834,-25.763460180692178
1998-12-15,-2.1396931828981334,23.623766997794036,-25.763460180692178
1998-12-16,-2.6579195008473313,23.623766997794036,-26.281686498641374
1998-12-17,-1.6731503718932481,23.623766997794036,-25.29691736968729
1998-12-18,-1.5247972113288262,23.772120158358458,-25.29691736968729
1998-12-21,-0.7777122741721105,23.772120158358458,-24.549832432530575
1998-12-22,-0.5544004379419027,23.772120158358458,-24.326520596300366
1998-12-23,1.0978293695611083,23.772120158358458,-22.674290788797354
1998-12-24,0.7064891337013768,23.772120158358458,-23.065631024657087
1998-12-28,-0.015982073511139894,23.772120158358458,-23.788102231869605
1998-12-29,1.2643584100796383,23.772120158358458,-22.507761748278828
1998-12-30,0.7487961603615814,23.772120158358458,-23.023323997996883
1998-12-31,0.7387961603615814,23.772120158358458,-23.033323997996884
1999-01-04,0.4497851993981202,23.483109197394995,-23.033323997996884
1999-01-05,1.6525337669118352,24.68585776490871,-23.033323997996884
1999-01-06,2.925868260378202,25.959192258375076,-23.033323997996884
1999-01-07,3.2614622849179917,25.959192258375076,-22.697729973457093
1999-01-08,2.9095816100394196,25.959192258375076,-23.049610648335666
1999-01-11,1.9899256754987917,25.039536323834447,-23.049610648335666
1999-01-12,0.4078408968039726,25.039536323834447,-24.631695427030486
1999-01-13,2.8335464895254323,25.039536323834447,-22.205989834309026
1999-01-14,0.857943959261869,25.039536323834447,-24.18159236457259
1999-01-15,2.4690534220701155,25.039536323834447,-22.570482901764343
1999-01-19,2.3717226199381303,24.942205521702462,-22.570482901764343
1999-01-20,2.436044436811496,24.942205521702462,-22.506161084890977
1999-01-21,0.22455921372020615,24.942205521702462,-24.717646307982267
1999-01-22,0.5721585730820355,24.942205521702462,-24.370046948620438
1999-01-25,0.9921579709342007,24.942205521702462,-23.95004755076827
1999-01-26,2.5310273058435877,26.481074856611848,-23.95004755076827
1999-01-27,1.1015040299429073,25.051551580711166,-23.95004755076827
1999-01-28,2.2326724546673713,25.051551580711166,-22.818879126043807
1999-01-29,2.4677706165813653,25.051551580711166,-22.583780964129815
1999-02-01,1.0639346264376666,25.051551580711166,-23.987616954273513
1999-02-02,0.30107701310463186,25.051551580711166,-24.75047456760655
1999-02-03,1.649290261770227,26.39976482937676,-24.75047456760655
1999-02-04,0.1563169646651963,26.39976482937676,-26.24344786471158
1999-02-05,-1.1301363569385878,25.113311507772977,-26.24344786471158
1999-02-08,-1.7666263148042005,25.113311507772977,-26.879937822577194
1999-02-09,-4.089602727077811,25.113311507772977,-29.2029142348508
1999-02-10,-3.9461892477429865,25.256724987107802,-29.2029142348508
1999-02-11,-2.294101124138958,25.256724987107802,-27.550826111246774
1999-02-12,-3.260083247454718,25.256724987107802,-28.516808234562536
1999-02-16,-4.784498863884445,23.732309370678074,-28.516808234562536
1999-02-17,-5.150280687715329,23.732309370678074,-28.88259005839342
1999-02-18,-4.729954748368832,23.732309370678074,-28.46226411904692
1999-02-19,-4.5385448111987134,23.732309370678074,-28.270854181876803
1999-02-22,-2.0682589366338733,26.202595245242915,-28.270854181876803
1999-02-23,-2.1517613287707054,26.202595245242915,-28.354356574013636
1999-02-24,-4.211468845240491,26.202595245242915,-30.41406409048342
1999-02-25,-4.59859059954842,26.202595245242915,-30.801185844791352
1999-02-26,-5.565053969627656,26.202595245242915,-31.767649214870588
1999-03-01,-5.373084701275257,26.394564513595313,-31.767649214870588
1999-03-02,-6.747776085393434,26.394564513595313,-33.14234059898877
1999-03-03,-6.453593341344962,26.394564513595313,-32.8481578549403
1999-03-04,-5.685769823745069,26.394564513595313,-32.0803343373404
1999-03-05,-5.659011874424751,26.42132246291563,-32.0803343373404
1999-03-08,-5.595956958232741,26.484377379107638,-32.0803343373404
1999-03-09,-5.654749347588141,26.484377379107638,-32.1391267266958
1999-03-10,-5.10683401320462,26.484377379107638,-31.591211392312278
1999-03-11,-4.396542783798818,27.19466860851344,-31.591211392312278
1999-03-12,-5.65475870195061,27.19466860851344,-32.84942731046407
1999-03-15,-4.683537475327112,27.19466860851344,-31.878206083840574
1999-03-16,-5.003837282726049,26.874368801114503,-31.878206083840574
1999-03-17,-5.421169821489627,26.457036262350925,-31.878206083840574
1999-03-18,-3.546796830751439,26.457036262350925,-30.003833093102386
1999-03-19,-5.560680677758093,26.457036262350925,-32.01771694010904
1999-03-22,-5.666834531320237,26.457036262350925,-32.12387079367119
1999-03-23,-8.12314047459079,24.000730319080375,-32.12387079367119
1999-03-24,-8.083879389850791,24.000730319080375,-32.08460970893119
1999-03-25,-6.977633875803396,24.000730319080375,-30.978364194883795
1999-03-26,-7.0362365499071835,23.942127644976587,-30.978364194883795
1999-03-29,-5.509591667721327,23.942127644976587,-29.45171931269794
1999-03-30,-5.111574781021559,24.340144531676355,-29.45171931269794
1999-03-31,-7.264944009535755,22.186775303162158,-29.45171931269794
1999-04-01,-7.540356157136923,22.186775303162158,-29.72713146029911
1999-04-05,-6.43488238609935,23.29224907419973,-29.72713146029911
1999-04-06,-6.51582953345273,23.29224907419973,-29.80807860765249
1999-04-07,-6.17317840978165,23.29224907419973,-29.46542748398141
1999-04-08,-4.947299323885073,24.518128160096307,-29.46542748398141
1999-04-09,-4.632397668850089,24.518128160096307,-29.150525828946428
1999-04-12,-2.534130076839292,24.518128160096307,-27.052258236935632
1999-04-13,-3.1422455015168493,23.91001273541875,-27.052258236935632
1999-04-14,-5.311354330974915,23.91001273541875,-29.221367066393697
1999-04-15,-5.908555078697181,23.312811987696485,-29.221367066393697
1999-04-16,-6.9585077270034725,23.312811987696485,-30.271319714699988
1999-04-19,-9.400093559391713,20.871226155308243,-30.271319714699988
1999-04-20,-8.40409705137869,20.871226155308243,-29.275323206686966
1999-04-21,-5.5466855597626905,20.871226155308243,-26.417911715070968
1999-04-22,-4.796400823928376,20.871226155308243,-25.667626979236655
1999-04-23,-4.8524095664008815,20.871226155308243,-25.723635721709158
1999-04-26,-4.793751822543526,20.9298838991656,-25.723635721709158
1999-04-27,-4.712635643118961,21.011000078590165,-25.723635721709158
1999-04-28,-5.504428542019748,20.219207179689377,-25.723635721709158
1999-04-29,-6.417526031073571,19.306109690635555,-25.723635721709158
1999-04-30,-7.801717913268706,17.92191780844042,-25.723635721709158
1999-05-03,-6.139593491712004,17.92191780844042,-24.061511300152457
1999-05-04,-7.172382510037647,17.92191780844042,-25.094300318478098
1999-05-05,-6.531217418479711,17.92191780844042,-24.45313522692016
1999-05-06,-6.878839253827721,17.92191780844042,-24.80075706226817
1999-05-07,-6.517781314174165,17.92191780844042,-24.439699122614613
1999-05-10,-6.910901304477126,17.52879781813746,-24.439699122614613
1999-05-11,-6.644148360306968,17.52879781813746,-24.172946178444455
1999-05-12,-5.920200111502393,17.52879781813746,-23.44899792963988
1999-05-13,-5.86191741851132,17.52879781813746,-23.390715236648806
1999-05-14,-6.45419459644756,17.52879781813746,-23.982992414585045
1999-05-17,-6.0441239670685265,17.938868447516494,-23.982992414585045
1999-05-18,-6.496448049899403,17.938868447516494,-24.435316497415922
1999-05-19,-6.181621778211626,17.938868447516494,-24.120490225728144
1999-05-20,-6.957731154969048,17.938868447516494,-24.896599602485566
1999-05-21,-7.551913211227969,17.344686391257575,-24.896599602485566
1999-05-24,-9.614114021146275,17.344686391257575,-26.95880041240387
1999-05-25,-11.44845650469058,15.51034390771327,-26.95880041240387
1999-05-26,-10.592233571524805,16.366566840879045,-26.95880041240387
1999-05-27,-11.593897279189424,16.366566840879045,-27.96046412006849
1999-05-28,-10.675564613103134,17.284899506965335,-27.96046412006849
1999-06-01,-10.974165102016643,16.986299018051824,-27.96046412006849
1999-06-02,-10.887872364677287,16.986299018051824,-27.874171382729134
1999-06-03,-10.969634118743638,16.986299018051824,-27.955933136795483
1999-06-04,-9.657300801274694,18.298632335520768,-27.955933136795483
1999-06-07,-9.57366783563243,18.298632335520768,-27.872300171153217
1999-06-08,-10.430731723983307,17.44156844716989,-27.872300171153217
1999-06-09,-10.653372087626396,17.2189280835268,-27.872300171153217
1999-06-10,-11.068375619187421,17.2189280835268,-28.28730370271424
1999-06-11,-12.155843244000993,16.131460458713228,-28.28730370271424
1999-06-14,-12.741384401063046,16.131460458713228,-28.872844859776293
1999-06-15,-12.488257828964139,16.131460458713228,-28.619718287677387
1999-06-16,-11.792538597964263,16.131460458713228,-27.92399905667751
1999-06-17,-10.540544751717299,16.131460458713228,-26.672005210430545
1999-06-18,-10.364238223677976,16.131460458713228,-26.49569868239122
1999-06-21,-10.258107679910022,16.131460458713228,-26.389568138623268
1999-06-22,-10.501588990738725,15.887979147884526,-26.389568138623268
1999-06-23,-10.48809551007153,15.887979147884526,-26.376074657956075
1999-06-24,-11.135115477127977,15.887979147884526,-27.023094625012522
1999-06-25,-11.81907605360678,15.887979147884526,-27.707055201491325
1999-06-28,-11.35915037679734,15.887979147884526,-27.247129524681885
1999-06-29,-10.201185686514535,15.887979147884526,-26.08916483439908
1999-06-30,-8.462406651357318,15.887979147884526,-24.350385799241867
1999-07-01,-7.722488354489812,15.887979147884526,-23.610467502374362
1999-07-02,-6.80916234883772,15.887979147884526,-22.69714149672227
1999-07-06,-6.729436008138752,15.967705488583494,-22.69714149672227
1999-07-07,-6.380530284157025,15.967705488583494,-22.348235772740544
1999-07-08,-5.953285347394876,16.394950425345645,-22.348235772740544
1999-07-09,-5.606778730945261,16.394950425345645,-22.00172915629093
1999-07-12,-6.373515037436093,16.394950425345645,-22.768465462781762
1999-07-13,-6.3835150374360925,16.394950425345645,-22.778465462781764
1999-07-14,-6.281970129049531,16.394950425345645,-22.676920554395203
1999-07-15,-6.103468659472389,16.573451894922787,-22.676920554395203
1999-07-16,-5.716029408121371,16.573451894922787,-22.289481303044184
1999-07-19,-6.653393086654293,15.636088216389865,-22.289481303044184
1999-07-20,-8.202835814973659,15.636088216389865,-23.83892403136355
1999-07-21,-8.405372258165494,15.636088216389865,-24.041460474555386
1999-07-22,-9.455322205401718,15.636088216389865,-25.09141042179161
1999-07-23,-10.130691185316637,14.960719236474946,-25.09141042179161
1999-07-26,-10.23341256423585,14.857997857555732,-25.09141042179161
1999-07-27,-10.335366593703705,14.756043828087877,-25.09141042179161
1999-07-28,-10.299505551854248,14.791904869937335,-25.09141042179161
1999-07-29,-10.703983380955894,14.791904869937335,-25.495888250893255
1999-07-30,-12.255709783688587,13.240178467204641,-25.495888250893255
1999-08-02,-12.03058153052359,13.46530672036964,-25.495888250893255
1999-08-03,-13.003369289380826,12.492518961512403,-25.495888250893255
1999-08-04,-14.603529768827727,10.892358482065502,-25.495888250893255
1999-08-05,-13.899750863998497,11.596137386894732,-25.495888250893255
1999-08-06,-14.554837320351517,10.941050930541712,-25.495888250893255
1999-08-09,-14.948438845645526,10.5474494052477,-25.495888250893255
1999-08-10,-15.90127189056687,10.5474494052477,-26.4487212958146
1999-08-11,-15.502470070795916,10.5474494052477,-26.049919476043648
1999-08-12,-15.931808132114295,10.5474494052477,-26.479257537362027
1999-08-13,-14.785180107509705,10.5474494052477,-25.33262951275744
1999-08-16,-14.32679517626706,10.5474494052477,-24.874244581514795
1999-08-17,-14.197422331406672,10.5474494052477,-24.744871736654407
1999-08-18,-14.61575282934375,10.129118907310623,-24.744871736654407
1999-08-19,-14.484209989010695,10.129118907310623,-24.613328896321352
1999-08-20,-13.862111431165156,10.129118907310623,-23.991230338475813
1999-08-23,-12.651038777519233,11.340191560956546,-23.991230338475813
1999-08-24,-11.997192915087567,11.340191560956546,-23.337384476044146
1999-08-25,-11.145314139156527,11.340191560956546,-22.48550570011311
1999-08-26,-12.291690004188037,11.340191560956546,-23.631881565144617
1999-08-27,-13.634736634554095,11.340191560956546,-24.974928195510675
1999-08-30,-15.721097243553988,11.340191560956546,-27.061288804510568
1999-08-31,-16.391477001972035,11.340191560956546,-27.731668562928615
1999-09-01,-15.838887613755192,11.340191560956546,-27.179079174711774
1999-09-02,-15.86071423549447,11.340191560956546,-27.20090579645105
1999-09-03,-15.063048601228992,11.340191560956546,-26.403240162185572
1999-09-07,-15.510383859214036,11.340191560956546,-26.850575420170614
1999-09-08,-15.543561516056682,11.340191560956546,-26.88375307701326
1999-09-09,-15.553561516056682,11.340191560956546,-26.893753077013262
1999-09-10,-15.839170326254667,11.340191560956546,-27.179361887211247
1999-09-13,-15.976448330130552,11.202913557080661,-27.179361887211247
1999-09-14,-15.986448330130552,11.202913557080661,-27.18936188721125
1999-09-15,-18.614643698934394,11.202913557080661,-29.817557256015093
1999-09-16,-18.660027316688712,11.202913557080661,-29.86294087376941
1999-09-17,-17.825348432491836,12.037592441277535,-29.86294087376941
1999-09-20,-18.115722447934765,11.747218425834607,-29.86294087376941
1999-09-21,-19.26641922727241,11.747218425834607,-31.013637653107057
1999-09-22,-19.7657095404973,11.747218425834607,-31.512927966331947
1999-09-23,-22.808432937217578,8.70449502911433,-31.512927966331947
1999-09-24,-22.81843293721758,8.69449502911433,-31.512927966331947
1999-09-27,-22.949865860457763,8.69449502911433,-31.64436088957213
1999-09-28,-22.642831086925383,8.69449502911433,-31.33732611603975
1999-09-29,-23.926109797377414,8.69449502911433,-32.620604826491785
1999-09-30,-22.91146067646027,8.69449502911433,-31.60595570557464
1999-10-01,-22.507078608795915,9.098877096778686,-31.60595570557464
1999-10-04,-21.314852058491404,9.098877096778686,-30.41372915527013
1999-10-05,-21.396596650831047,9.098877096778686,-30.495473747609772
1999-10-06,-19.982747251919545,10.512726495690188,-30.495473747609772
1999-10-07,-20.73642063149851,9.759053116111224,-30.495473747609772
1999-10-08,-19.146386496854397,11.349087250755336,-30.495473747609772
1999-10-11,-19.109613811249606,11.385859936360129,-30.495473747609772
1999-10-12,-20.27651492139844,10.218958826211294,-30.495473747609772
1999-10-13,-22.21800905702374,8.277464690585994,-30.495473747609772
1999-10-14,-22.48371695891282,8.277464690585994,-30.76118164949885
1999-10-15,-23.390583957188856,7.370597692309956,-30.76118164949885
1999-10-18,-22.727516477957007,7.370597692309956,-30.098114170267003
1999-10-19,-22.885045395789298,7.370597692309956,-30.255643088099294
1999-10-20,-22.504419899082777,7.370597692309956,-29.875017591392773
1999-10-21,-21.1239840332408,8.751033558151935,-29.875017591392773
1999-10-22,-20.8694017983157,9.005615793077032,-29.875017591392773
1999-10-25,-20.782783433311582,9.005615793077032,-29.788399226388655
1999-10-26,-22.633920711718567,9.005615793077032,-31.63953650479564
1999-10-27,-21.289934843077496,10.349601661718102,-31.63953650479564
1999-10-28,-19.708140933471103,11.931395571324495,-31.63953650479564
1999-10-29,-18.870581169565156,12.76895533523044,-31.63953650479564
1999-11-01,-19.56976377335728,12.069772731438315,-31.63953650479564
1999-11-02,-20.596173540014227,12.069772731438315,-32.66594627145258
1999-11-03,-20.97449808164387,11.691448189808675,-32.66594627145258
1999-11-04,-21.144589596682003,11.521356674770539,-32.66594627145258
1999-11-05,-21.697086406368467,10.968859865084076,-32.66594627145258
1999-11-08,-20.9798104734605,10.968859865084076,-31.948670338544616
1999-11-09,-22.295682661540557,10.968859865084076,-33.26454252662467
1999-11-10,-21.23346981164987,12.031072714974766,-33.26454252662467
1999-11-11,-21.017583110677066,12.031072714974766,-33.04865582565187
1999-11-12,-20.669159787895556,12.031072714974766,-32.70023250287036
1999-11-15,-20.51170231086234,12.031072714974766,-32.54277502583714
1999-11-16,-20.03378828016073,12.508986745676374,-32.54277502583714
1999-11-17,-20.484123645987726,12.05865137984938,-32.54277502583714
1999-11-18,-20.36257352835405,12.180201497483052,-32.54277502583714
1999-11-19,-20.306762403899143,12.236012621937963,-32.54277502583714
1999-11-22,-20.294825363117972,12.236012621937963,-32.53083798505597
1999-11-23,-21.448952255164457,12.236012621937963,-33.68496487710245
1999-11-24,-20.596782661176746,12.236012621937963,-32.83279528311474
1999-11-26,-21.33325806317261,12.236012621937963,-33.56927068511061
1999-11-29,-21.298902329466898,12.270368355643678,-33.56927068511061
1999-11-30,-22.357902016763955,11.211368668346621,-33.56927068511061
1999-12-01,-21.58586250432937,11.983408180781208,-33.56927068511061
1999-12-02,-21.15240279754279,12.416867887567784,-33.56927068511061
1999-12-03,-20.59595248118285,12.416867887567784,-33.01282036875067
1999-12-06,-21.129856757435046,12.416867887567784,-33.54672464500286
1999-12-07,-22.302533011701886,11.244191633300947,-33.54672464500286
1999-12-08,-22.755697929329045,10.791026715673787,-33.54672464500286
1999-12-09,-23.052578849905096,10.791026715673787,-33.84360556557891
1999-12-10,-23.34851327984393,10.791026715673787,-34.139539995517744
1999-12-13,-22.873610412149525,10.791026715673787,-33.66463712782334
1999-12-14,-23.50335564498658,10.791026715673787,-34.29438236066039
1999-12-15,-22.71512524251807,10.791026715673787,-33.506151958191886
1999-12-16,-22.76909094997501,10.791026715673787,-33.560117665648825
1999-12-17,-22.997861546964298,10.5622561186845,-33.560117665648825
1999-12-20,-23.64557673731271,10.5622561186845,-34.20783285599723
1999-12-21,-22.100744144495415,12.107088711501794,-34.20783285599723
1999-12-22,-21.719864167990153,12.107088711501794,-33.82695287949197
1999-12-23,-20.722136943668286,13.10481593582366,-33.82695287949197
1999-12-27,-20.881565939346096,13.10481593582366,-33.986381875169776
1999-12-28,-20.67757056557832,13.308811309591434,-33.986381875169776
1999-12-29,-20.34641884877813,13.639963026391625,-33.986381875169776
1999-12-30,-20.686188840728477,13.300193034441277,-33.986381875169776
1999-12-31,-20.674909981195057,13.300193034441277,-33.97510301563636
2000-01-03,-22.60026966272751,13.300193034441277,-35.900462697168805
2000-01-04,-25.280036611813344,13.300193034441277,-38.580229646254644
2000-01-05,-25.24538378678026,13.334845859474362,-38.580229646254644
2000-01-06,-26.607364722414356,11.972864923840264,-38.580229646254644
2000-01-07,-22.81528999301152,11.972864923840264,-34.7881549168518
2000-01-10,-22.82528999301152,11.972864923840264,-34.7981549168518
2000-01-11,-23.73949421592771,11.058660700924076,-34.7981549168518
2000-01-12,-24.81414305537648,9.984011861475306,-34.7981549168518
2000-01-13,-24.457090932168914,9.984011861475306,-34.441102793644234
2000-01-14,-24.16896464662275,10.272138147021467,-34.441102793644234
2000-01-18,-23.856972310894935,10.584130482749284,-34.441102793644234
2000-01-19,-22.71237321118884,10.584130482749284,-33.29650369393814
2000-01-20,-24.24355948041051,10.584130482749284,-34.82768996315981
2000-01-21,-24.98647933810528,9.841210625054515,-34.82768996315981
2000-01-24,-28.71194166660556,9.841210625054515,-38.5531522916601
2000-01-25,-27.715128935512197,9.841210625054515,-37.556339560566734
2000-01-26,-27.858196154082705,9.841210625054515,-37.69940677913724
2000-01-27,-28.998151679476035,8.701255099661187,-37.69940677913724
2000-01-28,-31.5962643546138,6.10314242452342,-37.69940677913724
2000-01-31,-28.882537196240985,6.10314242452342,-34.98567962076443
2000-02-01,-28.046395430062084,6.10314242452342,-34.149537854585525
2000-02-02,-28.211348421774495,5.938189432811009,-34.149537854585525
2000-02-03,-26.5931496363971,5.938189432811009,-32.53133906920813
2000-02-04,-27.018677845000934,5.938189432811009,-32.95686727781196
2000-02-07,-27.160285672727,5.796581605084943,-32.95686727781196
2000-02-08,-26.931803174874638,6.025064102937305,-32.95686727781196
2000-02-09,-29.17286684423667,3.784000433575274,-32.95686727781196
2000-02-10,-29.227007211318398,3.729860066493546,-32.95686727781196
2000-02-11,-31.48729710771104,3.729860066493546,-35.2171571742046
2000-02-14,-31.698707044881164,3.729860066493546,-35.428567111374726
2000-02-15,-30.404413430839785,5.024153680534925,-35.428567111374726
2000-02-16,-31.39876142363133,5.024153680534925,-36.42291510416627
2000-02-17,-32.95605095395581,3.466864150210448,-36.42291510416627
2000-02-18,-35.56478393025432,3.466864150210448,-39.031648080464784
2000-02-22,-35.73672728548462,3.466864150210448,-39.20359143569508
2000-02-23,-35.05786118596609,3.466864150210448,-38.52472533617655
2000-02-24,-37.193634394674596,3.466864150210448,-40.66049854488506
2000-02-25,-38.58858524831107,3.466864150210448,-42.05544939852153
2000-02-28,-36.557698085190346,3.466864150210448,-40.02456223540081
2000-02-29,-35.56220515316897,4.4623570822318275,-40.02456223540081
2000-03-01,-34.98356863350789,4.4623570822318275,-39.44592571573973
2000-03-02,-35.10629550825645,4.4623570822318275,-39.56865259048829
2000-03-03,-34.627948255828635,4.9407043346596415,-39.56865259048829
2000-03-06,-35.395358871554095,4.1732937189341826,-39.56865259048829
2000-03-07,-37.53729907331354,4.1732937189341826,-41.71059279224774
2000-03-08,-37.250054084820455,4.460538707427269,-41.71059279224774
2000-03-09,-34.65316488779041,4.460538707427269,-39.11370359521769
2000-03-10,-34.707757976600725,4.405945618616958,-39.11370359521769
2000-03-13,-33.332788625904065,5.780914969313615,-39.11370359521769
2000-03-14,-35.26832099091673,5.780914969313615,-41.049235960230355
2000-03-15,-33.15490712295843,5.780914969313615,-38.935822092272055
2000-03-16,-29.88734841939396,5.780914969313615,-35.66826338870759
2000-03-17,-29.12877076753001,5.780914969313615,-34.90968573684364
2000-03-20,-29.60795482293258,5.780914969313615,-35.38886979224621
2000-03-21,-27.13664843129275,5.780914969313615,-32.91756340060638
2000-03-22,-26.792075111642188,5.780914969313615,-32.572990080955826
2000-03-23,-24.48265036454353,5.780914969313615,-30.26356533385717
2000-03-24,-24.043944737137377,6.219620596719769,-30.26356533385717
2000-03-27,-24.9956098326107,6.219620596719769,-31.215230429330493
2000-03-28,-25.129653677335604,6.219620596719769,-31.349274274055396
2000-03-29,-25.366715391156653,6.219620596719769,-31.586335987876446
2000-03-30,-26.359678445305654,6.219620596719769,-32.57929904202545
2000-03-31,-25.86967740363507,6.709621638390352,-32.57929904202545
2000-04-03,-25.133095752554727,6.709621638390352,-31.842717390945104
2000-04-04,-26.219710706500745,6.709621638390352,-32.92933234489112
2000-04-05,-25.34605252645093,6.709621638390352,-32.05567416484131
2000-04-06,-25.200184047863363,6.709621638390352,-31.90980568625374
2000-04-07,-25.292692303369154,6.709621638390352,-32.00231394175953
2000-04-10,-25.901682011253293,6.100631930506214,-32.00231394175953
2000-04-11,-25.64121477054059,6.100631930506214,-31.74184670104683
2000-04-12,-28.411318349990474,6.100631930506214,-34.51195028049671
2000-04-13,-30.62815670383567,3.8837935766610174,-34.51195028049671
2000-04-14,-35.39454894845444,3.8837935766610174,-39.278342525115484
2000-04-17,-31.372292617802206,3.8837935766610174,-35.25608619446325
2000-04-18,-28.641193470905776,3.8837935766610174,-32.524987047566825
2000-04-19,-29.607306795304062,3.8837935766610174,-33.49110037196511
2000-04-20,-29.44331806067731,3.8837935766610174,-33.327111637338355
2000-04-24,-28.92468246836253,4.4024291689757975,-33.327111637338355
2000-04-25,-26.522355009507415,4.4024291689757975,-30.924784178483243
2000-04-26,-27.54058854365865,4.4024291689757975,-31.94301771263448
2000-04-27,-25.47438939881575,4.4024291689757975,-29.876818567791577
2000-04-28,-26.78963955466987,4.4024291689757975,-31.192068723645697
2000-05-01,-26.459068769971605,4.4024291689757975,-30.861497938947434
2000-05-02,-27.418579572204013,4.4024291689757975,-31.821008741179842
2000-05-03,-29.711382827824085,2.109625913355726,-31.821008741179842
2000-05-04,-29.853512333944096,2.109625913355726,-31.963138247299852
2000-05-05,-28.128539639112862,2.109625913355726,-30.23816555246862
2000-05-08,-28.34672467020173,1.8914408822668574,-30.23816555246862
2000-05-09,-29.587509437661414,0.6506561148071759,-30.23816555246862
2000-05-10,-31.302351087839735,0.6506561148071759,-31.95300720264694
2000-05-11,-30.490580777584285,0.6506561148071759,-31.14123689239149
2000-05-12,-29.79789892273796,0.6506561148071759,-30.448555037545166
2000-05-15,-28.050231887264097,2.398323150281038,-30.448555037545166
2000-05-16,-27.974980390199722,2.473574647345413,-30.448555037545166
2000-05-17,-28.350297224976067,2.473574647345413,-30.82387187232151
2000-05-18,-29.917422112019104,2.473574647345413,-32.39099675936455
2000-05-19,-30.94086986949717,2.473574647345413,-33.414444516842615
2000-05-22,-31.79513171603763,2.473574647345413,-34.268706363383075
2000-05-23,-33.55601819487195,2.473574647345413,-36.0295928422174
2000-05-24,-31.948732270311858,2.473574647345413,-34.4223069176573
2000-05-25,-34.00076440648565,2.473574647345413,-36.474339053831095
2000-05-26,-34.5978060562298,1.8765329976012661,-36.474339053831095
2000-05-30,-32.83784834628971,1.8765329976012661,-34.714381343891006
2000-05-31,-32.672640241898,1.8765329976012661,-34.5491732394993
2000-06-01,-31.55806091607048,2.991112323428788,-34.5491732394993
2000-06-02,-32.305139118824414,2.2440341206748533,-34.5491732394993
2000-06-05,-32.54851145344642,2.2440341206748533,-34.792545574121306
2000-06-06,-32.665132638512425,2.2440341206748533,-34.90916675918731
2000-06-07,-32.09073953934911,2.2440341206748533,-34.33477366002399
2000-06-08,-32.50409429489616,2.2440341206748533,-34.748128415571045
2000-06-09,-33.130396320010476,2.2440341206748533,-35.37443044068536
2000-06-12,-34.57526406855104,2.2440341206748533,-36.819298189225925
2000-06-13,-32.68288757817149,2.2440341206748533,-34.92692169884637
2000-06-14,-32.96729408281281,2.2440341206748533,-35.211328203487696
2000-06-15,-32.95619926151319,2.2440341206748533,-35.200233382188074
2000-06-16,-34.13183712823828,2.2440341206748533,-36.375871248913164
2000-06-19,-32.78559680181676,2.2440341206748533,-35.02963092249164
2000-06-20,-32.964444456958915,2.0651864655326944,-35.02963092249164
2000-06-21,-32.338444857132664,2.0651864655326944,-34.40363132266539
2000-06-22,-33.670143909709324,2.0651864655326944,-35.73533037524205
2000-06-23,-34.670890760268406,1.0644396149736113,-35.73533037524205
2000-06-26,-34.09148756439278,1.0644396149736113,-35.15592717936642
2000-06-27,-34.670372262899924,1.0644396149736113,-35.73481187787357
2000-06-28,-34.723299930440454,1.0644396149736113,-35.7877395454141
2000-06-29,-35.12265798235367,1.0644396149736113,-36.187097597327316
2000-06-30,-34.20342385135825,1.9836737459690348,-36.187097597327316
2000-07-03,-32.95366554520889,1.9836737459690348,-34.937339291177956
2000-07-05,-34.16642918561297,0.7709101055649574,-34.937339291177956
2000-07-06,-33.617408164127845,0.7709101055649574,-34.38831826969283
2000-07-07,-32.6733036084659,1.7150146612268995,-34.38831826969283
2000-07-10,-32.70443855517885,1.7150146612268995,-34.41945321640578
2000-07-11,-32.24932143760576,2.1701317787999876,-34.41945321640578
2000-07-12,-32.36404445482127,2.055408761584474,-34.41945321640578
2000-07-13,-32.50956701921731,2.055408761584474,-34.56497578080182
2000-07-14,-31.9809288824513,2.055408761584474,-34.03633764403581
2000-07-17,-31.980580664922545,2.055408761584474,-34.03598942650706
2000-07-18,-32.56275387740719,1.4732355490998332,-34.03598942650706
2000-07-19,-33.18091345342295,1.4732355490998332,-34.65414900252282
2000-07-20,-32.10621362347694,1.4732355490998332,-33.57944917257681
2000-07-21,-33.503081828320155,0.0763673442566144,-33.57944917257681
2000-07-24,-34.38182338695081,0.0763673442566144,-34.458190731207466
2000-07-25,-34.6883709459366,0.0763673442566144,-34.76473829019325
2000-07-26,-35.445359799796734,0.0763673442566144,-35.521727144053386
2000-07-27,-35.841543502235545,0.0763673442566144,-35.9179108464922
2000-07-28,-38.37067780056658,0.0763673442566144,-38.447045144823235
2000-07-31,-38.33696195287585,0.0763673442566144,-38.413329297132506
2000-08-01,-38.17304886556316,0.0763673442566144,-38.24941620981981
2000-08-02,-37.684726959040525,0.0763673442566144,-37.76109430329718
2000-08-03,-35.80971826883096,0.0763673442566144,-35.886085613087616
2000-08-04,-35.77701060215578,0.0763673442566144,-35.85337794641243
2000-08-07,-34.83310829747989,0.0763673442566144,-34.90947564173654
2000-08-08,-34.0412470691497,0.0763673442566144,-34.11761441340635
2000-08-09,-35.19977663237793,0.0763673442566144,-35.276143976634586
2000-08-10,-35.76202952277029,0.0763673442566144,-35.838396867026944
2000-08-11,-35.240622171680734,0.0763673442566144,-35.31698951593739
2000-08-14,-34.240725097072115,0.0763673442566144,-34.31709244132877
2000-08-15,-34.37635325429828,0.0763673442566144,-34.45272059855493
2000-08-16,-34.847860261806524,0.0763673442566144,-34.92422760606318
2000-08-17,-33.854087718455396,1.0701398876077444,-34.92422760606318
2000-08-18,-34.32232638741624,1.0701398876077444,-35.39246627502402
2000-08-21,-34.020378541644575,1.0701398876077444,-35.090518429252356
2000-08-22,-34.238149237621876,1.0701398876077444,-35.308289125229656
2000-08-23,-33.56214717100556,1.0701398876077444,-34.63228705861334
2000-08-24,-33.4688307035035,1.0701398876077444,-34.53897059111128
2000-08-25,-33.41682801473408,1.1221425763771653,-34.53897059111128
2000-08-28,-33.08649870156329,1.1221425763771653,-34.208641277940494
2000-08-29,-32.85947071405088,1.1221425763771653,-33.98161329042808
2000-08-30,-33.511760293905894,1.1221425763771653,-34.633902870283094
2000-08-31,-32.677178077053966,1.1221425763771653,-33.79932065343117
2000-09-01,-33.17777595393942,1.1221425763771653,-34.29991853031662
2000-09-05,-33.57948864942391,1.1221425763771653,-34.70163122580111
2000-09-06,-34.670130919589305,0.03150030621176736,-34.70163122580111
2000-09-07,-34.28573497504438,0.03150030621176736,-34.31723528125618
2000-09-08,-34.60813760337768,0.03150030621176736,-34.63963790958948
2000-09-11,-34.722532643655306,0.03150030621176736,-34.75403294986711
2000-09-12,-35.57076051893576,0.03150030621176736,-35.60226082514756
2000-09-13,-34.980790296495634,0.03150030621176736,-35.01229060270744
2000-09-14,-35.14729301506872,-0.13500241236131458,-35.01229060270744
2000-09-15,-36.64446722679751,-0.13500241236131458,-36.50946481443623
2000-09-18,-37.83562559543126,-0.13500241236131458,-37.70062318306998
2000-09-19,-37.26591382699867,-0.13500241236131458,-37.13091141463739
2000-09-20,-37.824390762540844,-0.6934793479034904,-37.13091141463739
2000-09-21,-39.07502045238929,-0.6934793479034904,-38.381541104485834
2000-09-22,-37.23974938152745,1.1417917229583454,-38.381541104485834
2000-09-25,-38.41280362902819,1.1417917229583454,-39.55459535198657
2000-09-26,-39.79582291021839,1.1417917229583454,-40.93761463317677
2000-09-27,-40.08920184644852,0.8484127867282178,-40.93761463317677
2000-09-28,-38.8413236257625,2.0962910074142362,-40.93761463317677
2000-09-29,-40.12687870001461,0.8107359331621264,-40.93761463317677
2000-10-02,-40.440566568989354,0.8107359331621264,-41.25130250215152
2000-10-03,-41.86594131279872,0.8107359331621264,-42.67667724596088
2000-10-04,-41.30887327195616,0.8107359331621264,-42.11960920511832
2000-10-05,-40.77557083806959,0.8107359331621264,-41.586306771231754
2000-10-06,-42.759752084498814,0.8107359331621264,-43.57048801766098
2000-10-09,-43.70288482738723,-0.13239680972629286,-43.57048801766098
2000-10-10,-45.44540650670234,-0.13239680972629286,-45.31300969697609
2000-10-11,-46.2533133958158,-0.13239680972629286,-46.12091658608955
2000-10-12,-49.337633867052155,-3.2167172809626434,-46.12091658608955
2000-10-13,-45.92770723442969,0.19320935165982034,-46.12091658608955
2000-10-16,-45.37074801077155,0.19320935165982034,-45.56395736243141
2000-10-17,-48.08052305580638,0.19320935165982034,-48.27373240746624
2000-10-18,-46.8727094103237,0.19320935165982034,-47.06591876198356
2000-10-19,-45.09472469588211,1.9711940661014173,-47.06591876198356
2000-10-20,-44.00420825463829,3.061710507345233,-47.06591876198356
2000-10-23,-43.590809293437566,3.4751094685459636,-47.06591876198356
2000-10-24,-44.58099089906529,3.4751094685459636,-48.056100367611286
2000-10-25,-46.36336176553489,1.6927386020763635,-48.056100367611286
2000-10-26,-46.69292378137567,1.6927386020763635,-48.385662383452065
2000-10-27,-45.6881445240594,1.6927386020763635,-47.3808831261358
2000-10-30,-44.1970521509068,1.6927386020763635,-45.889790752983195
2000-10-31,-42.842444203061454,1.6927386020763635,-44.53518280513785
2000-11-01,-42.698783762334,1.836399042803817,-44.53518280513785
2000-11-02,-43.025810537834865,1.5093722673029564,-44.53518280513785
2000-11-03,-43.51616080642991,1.5093722673029564,-45.025533073732895
2000-11-06,-43.09052517955726,1.9350078941756057,-45.025533073732895
2000-11-07,-42.67571107736495,2.3498219963679174,-45.025533073732895
2000-11-08,-45.14521142450827,-0.11967835077540023,-45.025533073732895
2000-11-09,-45.13289248679706,-0.11967835077540023,-45.01321413602169
2000-11-10,-46.86629115019598,-0.11967835077540023,-46.7466127994206
2000-11-13,-46.92238472095907,-0.11967835077540023,-46.8027063701837
2000-11-14,-45.73476561628751,-0.11967835077540023,-45.61508726551214
2000-11-15,-45.38585989230579,0.22922737320632597,-45.61508726551214
2000-11-16,-46.267843221605304,0.22922737320632597,-46.49707059481165
2000-11-17,-46.76834782678515,-0.27127723197352555,-46.49707059481165
2000-11-20,-47.56411567838294,-1.0670450835713159,-46.49707059481165
2000-11-21,-47.204087504097345,-0.7070169092857213,-46.49707059481165
2000-11-22,-48.86759923149781,-2.370528636686192,-46.49707059481165
2000-11-24,-47.96966609423856,-2.370528636686192,-45.5991374575524
2000-11-27,-48.3007672875649,-2.370528636686192,-45.93023865087874
2000-11-28,-49.38029619923971,-2.370528636686192,-47.00976756255355
2000-11-29,-50.09041574513807,-3.0806481825845506,-47.00976756255355
2000-11-30,-50.26564651564606,-3.0806481825845506,-47.18499833306154
2000-12-01,-51.00566270949555,-3.0806481825845506,-47.925014526911035
2000-12-04,-49.90807509370131,-1.9830605667903052,-47.925014526911035
2000-12-05,-47.83156124730513,-1.9830605667903052,-45.84850068051486
2000-12-06,-49.49959477064785,-1.9830605667903052,-47.51653420385758
2000-12-07,-50.417316585759515,-1.9830605667903052,-48.43425601896924
2000-12-08,-52.71036282374517,-1.9830605667903052,-50.7273022569549
2000-12-11,-51.814559529070586,-1.9830605667903052,-49.831498962280314
2000-12-12,-51.937694511157105,-1.9830605667903052,-49.95463394436683
2000-12-13,-54.20594650473496,-4.2513125603681585,-49.95463394436683
2000-12-14,-55.30278805047133,-4.2513125603681585,-51.0514754901032
2000-12-15,-56.945767184305794,-4.2513125603681585,-52.694454623937666
2000-12-18,-56.46007397057888,-3.765619346641249,-52.694454623937666
2000-12-19,-58.339287271794134,-3.765619346641249,-54.57366792515292
2000-12-20,-60.212999871668586,-3.765619346641249,-56.44738052502737
2000-12-21,-59.334105129943985,-3.765619346641249,-55.56848578330277
2000-12-22,-57.85333455446552,-3.765619346641249,-54.0877152078243
2000-12-26,-56.723450447764385,-2.635735239940115,-54.0877152078243
2000-12-27,-55.55446956675461,-2.635735239940115,-52.91873432681453
2000-12-28,-54.88443411691918,-1.9656997901046858,-52.91873432681453
2000-12-29,-57.062285271067616,-4.1435509442531195,-52.91873432681453
2001-01-02,-59.51669166463692,-6.597957337822427,-52.91873432681453
2001-01-03,-54.44608329870921,-1.5273489718947157,-52.91873432681453
2001-01-04,-55.492000145577194,-1.5273489718947157,-53.96465117368251
2001-01-05,-58.76225320555248,-1.5273489718947157,-57.2349042336578
2001-01-08,-58.53192624537256,-1.5273489718947157,-57.00457727347788
2001-01-09,-59.464254158864335,-1.5273489718947157,-57.93690518696965
2001-01-10,-57.080650175991394,0.8562550109782263,-57.93690518696965
2001-01-11,-56.21251471230853,0.8562550109782263,-57.06876972328679
2001-01-12,-56.741996400018934,0.32677332326782405,-57.06876972328679
2001-01-16,-56.114826102749646,0.32677332326782405,-56.441599426017504
2001-01-17,-57.16146691588227,0.32677332326782405,-57.48824023915013
2001-01-18,-56.16947787336498,0.32677332326782405,-56.49625119663284
2001-01-19,-57.787099380773874,0.32677332326782405,-58.11387270404173
2001-01-22,-57.30946344409618,0.8044092599455176,-58.11387270404173
2001-01-23,-56.210138455888135,0.8044092599455176,-57.014547715833686
2001-01-24,-56.1284373949,0.8044092599455176,-56.93284665484555
2001-01-25,-56.29911687397825,0.8044092599455176,-57.1035261339238
2001-01-26,-55.77873398646619,1.3247921474575706,-57.1035261339238
2001-01-29,-54.980198836606235,1.3247921474575706,-56.30499098406384
2001-01-30,-53.8956968732714,1.3247921474575706,-55.220489020729005
2001-01-31,-54.18263723434042,1.3247921474575706,-55.507429381798026
2001-02-01,-53.589074644394266,1.3247921474575706,-54.91386679185187
2001-02-02,-55.50948606933202,1.3247921474575706,-56.83427821678963
2001-02-05,-54.78775565429938,1.3247921474575706,-56.11254780175699
2001-02-06,-54.7312616276306,1.3247921474575706,-56.05605377508821
2001-02-07,-54.76353160945243,1.292522165635746,-56.05605377508821
2001-02-08,-56.02765968187672,1.292522165635746,-57.3201818475125
2001-02-09,-57.17648548331958,1.292522165635746,-58.46900764895536
2001-02-12,-55.94141440117218,2.5275932477831455,-58.46900764895536
2001-02-13,-57.03429645807615,1.4347111908791774,-58.46900764895536
2001-02-14,-57.49006528730029,1.4347111908791774,-58.9247764781795
2001-02-15,-57.12437920882604,1.4347111908791774,-58.559090399705255
2001-02-16,-57.593451260296185,1.4347111908791774,-59.0281624511754
2001-02-20,-59.64645796233644,1.4347111908791774,-61.081169153215654
2001-02-21,-61.45518012479666,-0.3740109715810407,-61.081169153215654
2001-02-22,-61.89348100480289,-0.3740109715810407,-61.51947003322188
2001-02-23,-61.99946785119252,-0.3740109715810407,-61.62545687961151
2001-02-26,-60.573092707530634,-0.3740109715810407,-60.199081735949626
2001-02-27,-60.8674086489693,-0.6683269130197095,-60.199081735949626
2001-02-28,-63.11124951006643,-0.6683269130197095,-62.44292259704675
2001-03-01,-62.67886357323708,-0.23594097619036059,-62.44292259704675
2001-03-02,-61.78682128797008,-0.23594097619036059,-61.55088031177975
2001-03-05,-61.3227183151972,-0.23594097619036059,-61.08677733900687
2001-03-06,-61.54663642770431,-0.23594097619036059,-61.31069545151398
2001-03-07,-61.49361308426327,-0.23594097619036059,-61.257672108072946
2001-03-08,-61.09370846652772,-0.23594097619036059,-60.857767490337395
2001-03-09,-63.30054007728586,-0.23594097619036059,-63.06459910109553
2001-03-12,-66.85470482943475,-3.790105728339257,-63.06459910109553
2001-03-13,-66.34678944408232,-3.790105728339257,-62.5566837157431
2001-03-14,-65.84549863069827,-3.790105728339257,-62.05539290235905
2001-03-15,-66.50768122612254,-3.790105728339257,-62.717575497783315
2001-03-16,-68.3442118215211,-5.62663632373782,-62.717575497783315
2001-03-19,-66.99003096981701,-4.272455472033729,-62.717575497783315
2001-03-20,-70.1885859684654,-7.471010470682119,-62.717575497783315
2001-03-21,-71.89443843501633,-7.471010470682119,-64.42342796433424
2001-03-22,-72.71110580012301,-7.471010470682119,-65.24009532944092
2001-03-23,-71.64086577928592,-7.471010470682119,-64.16985530860383
2001-03-26,-71.44364286469337,-7.471010470682119,-63.972632394011285
2001-03-27,-69.15371264266136,-5.18108024865011,-63.972632394011285
2001-03-28,-70.7676106026417,-6.794978208630444,-63.972632394011285
2001-03-29,-70.09987196911815,-6.794978208630444,-63.30489376048775
2001-03-30,-69.12812160821127,-6.794978208630444,-62.33314339958086
2001-04-02,-70.96030313481387,-6.794978208630444,-64.16532492618346
2001-04-03,-74.1706510705732,-10.005326144389768,-64.16532492618346
2001-04-04,-73.92773902029572,-9.762414094112286,-64.16532492618346
2001-04-05,-72.4049742165248,-8.239649290341374,-64.16532492618346
2001-04-06,-73.02212537042703,-8.239649290341374,-64.78247608008569
2001-04-09,-72.54210201975884,-8.239649290341374,-64.3024527294175
2001-04-10,-71.51805180162341,-8.239649290341374,-63.27840251128206
2001-04-11,-73.26899459042629,-8.239649290341374,-65.02934530008494
2001-04-12,-71.11008507017674,-8.239649290341374,-62.87043577983538
2001-04-16,-71.7051072509732,-8.239649290341374,-63.465457960631845
2001-04-17,-70.06650536084425,-8.239649290341374,-61.82685607050289
2001-04-18,-67.67697583000356,-8.239649290341374,-59.4373265396622
2001-04-19,-66.56651471432895,-7.129188174666768,-59.4373265396622
2001-04-20,-66.89728605868638,-7.459959519024198,-59.4373265396622
2001-04-23,-68.05415589520928,-7.459959519024198,-60.5941963761851
2001-04-24,-68.83433161365318,-7.459959519024198,-61.37437209462901
2001-04-25,-67.41334106711655,-7.459959519024198,-59.95338154809238
2001-04-26,-67.43142523446421,-7.478043686371871,-59.95338154809238
2001-04-27,-66.75534306914096,-6.801961521048615,-59.95338154809238
2001-04-30,-66.59940196720814,-6.6460204191157946,-59.95338154809238
2001-05-01,-65.03868640065517,-5.085304852562822,-59.95338154809238
2001-05-02,-65.51283698770402,-5.559455439611675,-59.95338154809238
2001-05-03,-66.25491488314174,-6.3015333350493865,-59.95338154809238
2001-05-04,-63.324350930878595,-6.3015333350493865,-57.02281759582924
2001-05-07,-63.82427901501724,-6.801461419188028,-57.02281759582924
2001-05-08,-64.37174498059066,-7.348927384761456,-57.02281759582924
2001-05-09,-64.06289136373967,-7.348927384761456,-56.71396397897825
2001-05-10,-65.05205703525819,-8.338093056279973,-56.71396397897825
2001-05-11,-65.73894472338763,-9.024980744409413,-56.71396397897825
2001-05-14,-65.34942362152992,-8.63545964255171,-56.71396397897825
2001-05-15,-65.0175155285662,-8.303551549587977,-56.71396397897825
2001-05-16,-61.78833346926739,-5.074369490289179,-56.71396397897825
2001-05-17,-61.682126677161975,-5.074369490289179,-56.60775718687283
2001-05-18,-61.18985837968882,-5.074369490289179,-56.11548888939968
2001-05-21,-59.81546392178039,-5.074369490289179,-54.74109443149125
2001-05-22,-60.0913150576318,-5.074369490289179,-55.01694556734266
2001-05-23,-61.48435902441676,-5.074369490289179,-56.40998953412762
2001-05-24,-61.37085174639328,-5.074369490289179,-56.296482256104134
2001-05-25,-62.583572582256004,-5.074369490289179,-57.50920309196686
2001-05-29,-63.48664500920589,-5.9774419172390605,-57.50920309196686
2001-05-30,-64.52090525542647,-5.9774419172390605,-58.543463338187436
2001-05-31,-64.11719104551808,-5.9774419172390605,-58.13974912827905
2001-06-01,-63.70809707975419,-5.9774419172390605,-57.730655162515156
2001-06-04,-63.293139103779474,-5.562483941264344,-57.730655162515156
2001-06-05,-62.28084670677376,-4.550191544258632,-57.730655162515156
2001-06-06,-63.14834997479573,-4.550191544258632,-58.598158430537126
2001-06-07,-62.26506761650032,-3.666909185963223,-58.598158430537126
2001-06-08,-62.82473288470366,-4.22657445416656,-58.598158430537126
2001-06-11,-63.31731015621504,-4.22657445416656,-59.09073570204851
2001-06-12,-62.51371657068802,-4.22657445416656,-58.28714211652149
2001-06-13,-63.615487474541574,-4.22657445416656,-59.38891302037504
2001-06-14,-65.39659584064336,-4.22657445416656,-61.170021386476826
2001-06-15,-64.63216883318692,-4.22657445416656,-60.405594379020386
2001-06-18,-64.96327518440621,-4.557680805385854,-60.405594379020386
2001-06-19,-65.45654298191124,-5.050948602890883,-60.405594379020386
2001-06-20,-64.44855713663071,-4.042962757610354,-60.405594379020386
2001-06-21,-63.157938519441586,-4.042962757610354,-59.11497576183126
2001-06-22,-63.687546247881194,-4.042962757610354,-59.64458349027087
2001-06-25,-64.9710308531247,-5.326447362853859,-59.64458349027087
2001-06-26,-64.44483529038459,-4.800251800113744,-59.64458349027087
2001-06-27,-64.55356420763867,-4.9089807173678315,-59.64458349027087
2001-06-28,-64.44068766140485,-4.796104171134016,-59.64458349027087
2001-06-29,-64.61369061224217,-4.969107121971333,-59.64458349027087
2001-07-02,-63.5464565285713,-3.9018730383004634,-59.64458349027087
2001-07-03,-63.4597174720896,-3.815133981818768,-59.64458349027087
2001-07-05,-64.6055820966392,-4.960998606368363,-59.64458349027087
2001-07-06,-66.49614550567449,-6.851562015403663,-59.64458349027087
2001-07-09,-66.33055359716312,-6.685970106892293,-59.64458349027087
2001-07-10,-68.04254291320835,-8.397959422937525,-59.64458349027087
2001-07-11,-67.81573733539962,-8.397959422937525,-59.417777912462135
2001-07-12,-66.42141625998876,-7.003638347526673,-59.417777912462135
2001-07-13,-65.27951808704157,-5.861740174579484,-59.417777912462135
2001-07-16,-66.16382056929939,-6.746042656837308,-59.417777912462135
2001-07-17,-64.81865238749033,-6.746042656837308,-58.072609730653085
2001-07-18,-64.45608534792942,-6.746042656837308,-57.71004269109218
2001-07-19,-64.55615750169687,-6.746042656837308,-57.810114844859626
2001-07-20,-64.409454254087,-6.599339409227424,-57.810114844859626
2001-07-23,-66.78717117789861,-8.977056333039044,-57.810114844859626
2001-07-24,-67.81069077667664,-10.000575931817062,-57.810114844859626
2001-07-25,-66.8249857130344,-10.000575931817062,-56.82440978121738
2001-07-26,-65.7573252799505,-10.000575931817062,-55.756749348133496
2001-07-27,-65.78388236698675,-10.027133018853299,-55.756749348133496
2001-07-30,-66.07483112722711,-10.31808177909367,-55.756749348133496
2001-07-31,-65.79599372705998,-10.03924437892654,-55.756749348133496
2001-08-01,-65.69127772906656,-9.934528380933113,-55.756749348133496
2001-08-02,-66.20567412596138,-10.448924777827932,-55.756749348133496
2001-08-03,-66.55951250294359,-10.448924777827932,-56.11058772511571
2001-08-06,-67.438539627932,-11.327951902816343,-56.11058772511571
2001-08-07,-67.03367011990044,-10.92308239478478,-56.11058772511571
2001-08-08,-68.37618843867277,-12.265600713557115,-56.11058772511571
2001-08-09,-68.23466024268818,-12.124072517572529,-56.11058772511571
2001-08-10,-67.8330524074965,-12.124072517572529,-55.708979889924024
2001-08-13,-68.07743957443883,-12.124072517572529,-55.95336705686636
2001-08-14,-68.81423176411565,-12.124072517572529,-56.690159246543175
2001-08-15,-69.65803074813155,-12.967871501588432,-56.690159246543175
2001-08-16,-68.94906088629561,-12.258901639752494,-56.690159246543175
2001-08-17,-69.72698404569674,-12.258901639752494,-57.4680824059443
2001-08-20,-68.85900137141076,-12.258901639752494,-56.600099731658325
2001-08-21,-70.56410516751272,-12.258901639752494,-58.3052035277603
2001-08-22,-70.34311165508804,-12.037908127327817,-58.3052035277603
2001-08-23,-70.66138438947006,-12.037908127327817,-58.62347626214232
2001-08-24,-69.13895158068694,-10.51547531854469,-58.62347626214232
2001-08-27,-69.7052608926,-11.08178463045775,-58.62347626214232
2001-08-28,-71.1629545265998,-11.08178463045775,-60.08116989614212
2001-08-29,-72.53971526217563,-12.458545366033583,-60.08116989614212
2001-08-30,-73.89083962017506,-12.458545366033583,-61.432294254141546
2001-08-31,-73.2416414608006,-12.458545366033583,-60.78309609476708
2001-09-04,-73.63004672733545,-12.846950632568445,-60.78309609476708
2001-09-05,-73.64004672733546,-12.846950632568445,-60.79309609476708
2001-09-06,-75.33301984735147,-14.53992375258445,-60.79309609476708
2001-09-07,-76.53165543379536,-15.738559339028352,-60.79309609476708
2001-09-10,-74.38312744614505,-15.738559339028352,-58.644568107116775
2001-09-17,-71.17804000365608,-12.533471896539384,-58.644568107116775
2001-09-18,-71.4567787897677,-12.533471896539384,-58.923306893228386
2001-09-19,-73.55372817741855,-14.630421284190234,-58.923306893228386
2001-09-20,-75.26132550749345,-14.630421284190234,-60.63090422330329
2001-09-21,-72.13889145257181,-14.630421284190234,-57.50847016838165
2001-09-24,-71.17094160033062,-14.630421284190234,-56.54052031614046
2001-09-25,-70.19327925073941,-14.630421284190234,-55.562857966549245
2001-09-26,-71.14566287616033,-15.582804909611152,-55.562857966549245
2001-09-27,-70.1532992754557,-15.582804909611152,-54.57049436584461
2001-09-28,-68.7555052763381,-14.18501091049356,-54.57049436584461
2001-10-01,-68.41003089477206,-14.18501091049356,-54.22501998427857
2001-10-02,-66.91222313508055,-12.687203150802054,-54.22501998427857
2001-10-03,-64.32712582831418,-10.102105844035675,-54.22501998427857
2001-10-04,-65.12515054394127,-10.900130559662767,-54.22501998427857
2001-10-05,-65.15379717095672,-10.928777186678218,-54.22501998427857
2001-10-08,-64.91943413411147,-10.69441414983296,-54.22501998427857
2001-10-09,-65.54100072650277,-11.315980742224268,-54.22501998427857
2001-10-10,-63.19707491872072,-8.97205493444222,-54.22501998427857
2001-10-11,-62.24794167747926,-8.97205493444222,-53.275886743037105
2001-10-12,-61.93779644938408,-8.661909706347036,-53.275886743037105
2001-10-15,-61.33291285522498,-8.057026112187941,-53.275886743037105
2001-10-16,-61.17002522744845,-7.894138484411406,-53.275886743037105
2001-10-17,-64.30756447210985,-7.894138484411406,-56.4134259876985
2001-10-18,-64.6892444482641,-8.275818460565665,-56.4134259876985
2001-10-19,-64.37267688338133,-8.275818460565665,-56.09685842281573
2001-10-22,-62.38048966443299,-6.2836312416173286,-56.09685842281573
2001-10-23,-63.349966490267924,-6.2836312416173286,-57.06633524865066
2001-10-24,-63.69084969679862,-6.2836312416173286,-57.40721845518136
2001-10-25,-60.83852898605634,-6.2836312416173286,-54.554897744439074
2001-10-26,-60.512574838669565,-5.957677094230555,-54.554897744439074
2001-10-29,-63.01340413637795,-8.458506391938943,-54.554897744439074
2001-10-30,-64.13811269544301,-9.583214951003999,-54.554897744439074
2001-10-31,-65.18244109905298,-9.583214951003999,-55.599226148049034
2001-11-01,-63.4165554089151,-9.583214951003999,-53.833340457911156
2001-11-02,-62.68237672578061,-9.583214951003999,-53.09916177477666
2001-11-05,-62.18513147979254,-9.08596970501593,-53.09916177477666
2001-11-06,-60.354448263801544,-7.255286489024935,-53.09916177477666
2001-11-07,-59.935911437887256,-6.8367496631106475,-53.09916177477666
2001-11-08,-60.185415052617024,-7.086253277840416,-53.09916177477666
2001-11-09,-59.777579872859256,-6.678418098082646,-53.09916177477666
2001-11-12,-58.863931836651126,-5.764770061874517,-53.09916177477666
2001-11-13,-57.90019671311158,-4.80103493833497,-53.09916177477666
2001-11-14,-58.353998949412606,-5.254837174635989,-53.09916177477666
2001-11-15,-57.927774223446946,-5.254837174635989,-52.672937048811
2001-11-16,-58.56539240377445,-5.254837174635989,-53.31055522913851
2001-11-19,-57.838470699447356,-5.254837174635989,-52.58363352481141
2001-11-20,-58.34375752716762,-5.254837174635989,-53.08892035253167
2001-11-21,-58.756312619337436,-5.667392266805809,-53.08892035253167
2001-11-23,-57.33846372174125,-5.667392266805809,-51.671071454935486
2001-11-26,-57.19307668690317,-5.667392266805809,-51.525684420097406
2001-11-27,-57.36754540079738,-5.667392266805809,-51.70015313399162
2001-11-28,-58.60520161330452,-5.667392266805809,-52.93780934649876
2001-11-29,-57.556250615421746,-5.667392266805809,-51.88885834861598
2001-11-30,-57.872662294955106,-5.667392266805809,-52.20527002814934
2001-12-03,-58.12933564180101,-5.924065613651717,-52.20527002814934
2001-12-04,-56.94390868225689,-4.738638654107595,-52.20527002814934
2001-12-05,-55.41746293979396,-4.738638654107595,-50.67882428568641
2001-12-06,-55.427462939793955,-4.738638654107595,-50.68882428568641
2001-12-07,-55.72873699873587,-4.738638654107595,-50.99009834462832
2001-12-10,-57.0157393220196,-6.025640977391321,-50.99009834462832
2001-12-11,-57.68062050118474,-6.025640977391321,-51.654979523793465
2001-12-12,-57.926607387173874,-6.025640977391321,-51.9009664097826
2001-12-13,-59.169383784746536,-6.025640977391321,-53.14374280735526
2001-12-14,-58.46972461413469,-6.025640977391321,-52.444083636743414
2001-12-17,-57.326994895582594,-6.025640977391321,-51.30135391819132
2001-12-18,-57.032124573138304,-6.025640977391321,-51.00648359574703
2001-12-19,-55.563061071026205,-6.025640977391321,-49.53742009363493
2001-12-20,-56.311711805917895,-6.774291712283012,-49.53742009363493
2001-12-21,-56.391284669443344,-6.774291712283012,-49.61699295716038
2001-12-24,-56.48840653578437,-6.774291712283012,-49.714114823501404
2001-12-26,-55.8810409143294,-6.166926090828039,-49.714114823501404
2001-12-27,-55.23405851595475,-5.519943692453396,-49.714114823501404
2001-12-28,-55.49374732309298,-5.779632499591628,-49.714114823501404
2001-12-31,-57.10933480841808,-7.395219984916725,-49.714114823501404
2002-01-02,-56.75513203846713,-7.041017214965776,-49.714114823501404
2002-01-03,-55.74142760794598,-7.041017214965776,-48.70041039298025
2002-01-04,-55.36810197490626,-6.667691581926054,-48.70041039298025
2002-01-07,-56.15425499574554,-6.667691581926054,-49.48656341381953
2002-01-08,-56.395710480572085,-6.909147066752598,-49.48656341381953
2002-01-09,-57.361584807399915,-6.909147066752598,-50.45243774064736
2002-01-10,-57.03504448677902,-6.909147066752598,-50.12589742002647
2002-01-11,-58.143906190406085,-6.909147066752598,-51.23475912365353
2002-01-14,-58.52966605929779,-7.2949069356443035,-51.23475912365353
2002-01-15,-58.017245661583274,-7.2949069356443035,-50.72233872593902
2002-01-16,-59.33054285092902,-7.2949069356443035,-52.035635915284765
2002-01-17,-59.41969157525123,-7.2949069356443035,-52.12478463960697
2002-01-18,-59.29703488998544,-7.172250250378517,-52.12478463960697
2002-01-22,-60.527638436879656,-8.40285379727273,-52.12478463960697
2002-01-23,-60.00632920695368,-8.40285379727273,-51.603475409680996
2002-01-24,-60.06913931140383,-8.40285379727273,-51.66628551413115
2002-01-25,-59.699732411509046,-8.033446897377948,-51.66628551413115
2002-01-28,-59.7448579081401,-8.033446897377948,-51.7114110107622
2002-01-29,-62.94077831021413,-8.033446897377948,-54.90733141283623
2002-01-30,-61.61898201929639,-8.033446897377948,-53.58553512191849
2002-01-31,-60.71476203541249,-8.033446897377948,-52.68131513803459
2002-02-01,-61.11458694315427,-8.033446897377948,-53.08114004577637
2002-02-04,-63.26804514308523,-8.033446897377948,-55.23459824570733
2002-02-05,-63.48850718467678,-8.253908938969495,-55.23459824570733
2002-02-06,-64.36867945744548,-9.134081211738197,-55.23459824570733
2002-02-07,-65.02462115575155,-9.134081211738197,-55.890539944013405
2002-02-08,-63.69956189017243,-7.809021946159083,-55.890539944013405
2002-02-11,-62.454410322548355,-7.809021946159083,-54.64538837638933
2002-02-12,-62.347322035270956,-7.809021946159083,-54.53830008911193
2002-02-13,-61.65117985087376,-7.112879761761889,-54.53830008911193
2002-02-14,-62.06195037282061,-7.523650283708742,-54.53830008911193
2002-02-15,-63.201806483911305,-7.523650283708742,-55.67815620020262
2002-02-19,-64.48175125342391,-8.80359505322135,-55.67815620020262
2002-02-20,-63.08943971938401,-8.80359505322135,-54.285844666162724
2002-02-21,-64.59330173750173,-8.80359505322135,-55.78970668428045
2002-02-22,-63.41974654068002,-8.80359505322135,-54.616151487458744
2002-02-25,-61.88353451217681,-8.80359505322135,-53.07993945895553
2002-02-26,-62.23461486612387,-9.15467540716841,-53.07993945895553
2002-02-27,-62.52188131784257,-9.15467540716841,-53.36720591067423
2002-02-28,-63.1418036453767,-9.774597734702533,-53.36720591067423
2002-03-01,-61.35986653602399,-7.992660625349831,-53.36720591067423
2002-03-04,-59.758685624368695,-7.992660625349831,-51.76602499901893
2002-03-05,-59.72534513341099,-7.992660625349831,-51.732684508061226
2002-03-06,-58.31198572559556,-7.992660625349831,-50.3193251002458
2002-03-07,-59.057472328560436,-7.992660625349831,-51.06481170321067
2002-03-08,-59.40027922171602,-7.992660625349831,-51.407618596366255
2002-03-11,-59.1113010993562,-7.7036825029900085,-51.407618596366255
2002-03-12,-58.20390305018789,-7.7036825029900085,-50.50022054719795
2002-03-13,-58.72105705123443,-7.7036825029900085,-51.01737454824449
2002-03-14,-58.86903884561054,-7.85166429736612,-51.01737454824449
2002-03-15,-58.29439244024728,-7.85166429736612,-50.44272814288123
2002-03-18,-58.6722760834122,-7.85166429736612,-50.82061178604615
2002-03-19,-58.55448573887842,-7.85166429736612,-50.70282144151237
2002-03-20,-59.651923871544255,-7.85166429736612,-51.800259574178206
2002-03-21,-59.670599127248884,-7.85166429736612,-51.818934829882835
2002-03-22,-60.07966193032615,-7.85166429736612,-52.2279976329601
2002-03-25,-61.38394825099803,-7.85166429736612,-53.53228395363198
2002-03-26,-60.735444600905666,-7.85166429736612,-52.883780303539616
2002-03-27,-60.27300197313463,-7.85166429736612,-52.421337675768584
2002-03-28,-60.67518041977378,-8.253842744005269,-52.421337675768584
2002-04-01,-60.38798060892162,-8.253842744005269,-52.134137864916426
2002-04-02,-60.433081446865124,-8.298943581948768,-52.134137864916426
2002-04-03,-61.20910125311477,-8.298943581948768,-52.91015767116607
2002-04-04,-61.156953876082454,-8.246796204916457,-52.91015767116607
2002-04-05,-61.60966753451942,-8.69950986335342,-52.91015767116607
2002-04-08,-60.183744882353245,-8.69950986335342,-51.4842350189999
2002-04-09,-61.11688379815233,-8.69950986335342,-52.41737393479898
2002-04-10,-59.96505513297473,-8.69950986335342,-51.265545269621384
2002-04-11,-62.033480322362095,-10.767935052740784,-51.265545269621384
2002-04-12,-61.68383100895756,-10.767935052740784,-50.91589595621685
2002-04-15,-62.6389778262116,-10.767935052740784,-51.87104277347089
2002-04-16,-61.315031820616085,-9.443989047145266,-51.87104277347089
2002-04-17,-61.70497511670946,-9.833932343238645,-51.87104277347089
2002-04-18,-62.09657055685055,-9.833932343238645,-52.26263821361198
2002-04-19,-62.3896561165913,-9.833932343238645,-52.555723773352724
2002-04-22,-63.635232109749865,-9.833932343238645,-53.80129976651129
2002-04-23,-64.15965020446579,-10.35835043795457,-53.80129976651129
2002-04-24,-65.21525130217036,-11.413951535659143,-53.80129976651129
2002-04-25,-64.98745885806636,-11.413951535659143,-53.57350732240729
2002-04-26,-67.20769849795796,-13.63419117555074,-53.57350732240729
2002-04-29,-68.21402844030501,-13.63419117555074,-54.57983726475434
2002-04-30,-67.44218903510405,-12.862351770349774,-54.57983726475434
2002-05-01,-66.33774132672632,-11.757904061972035,-54.57983726475434
2002-05-02,-66.65986527142681,-11.757904061972035,-54.90196120945483
2002-05-03,-67.61352722981559,-12.71156602036081,-54.90196120945483
2002-05-06,-69.66010286240969,-14.758141652954915,-54.90196120945483
2002-05-07,-70.61707964979654,-14.758141652954915,-55.858937996841675
2002-05-08,-68.81271993045227,-14.758141652954915,-54.05457827749741
2002-05-09,-69.65451910670886,-14.758141652954915,-54.89637745375399
2002-05-10,-71.77045118494287,-16.874073731188926,-54.89637745375399
2002-05-13,-70.23901144865961,-16.874073731188926,-53.36493771747073
2002-05-14,-69.7031599629809,-16.874073731188926,-52.82908623179202
2002-05-15,-69.44866903008281,-16.619582798290832,-52.82908623179202
2002-05-16,-68.85882748832533,-16.029741256533352,-52.82908623179202
2002-05-17,-68.65218373311863,-16.029741256533352,-52.62244247658531
2002-05-20,-69.5154179709074,-16.89297549432212,-52.62244247658531
2002-05-21,-70.81422853255664,-18.191786055971374,-52.62244247658531
2002-05-22,-70.16111944538982,-17.53867696880455,-52.62244247658531
2002-05-23,-69.405254710367,-16.782812233781733,-52.62244247658531
2002-05-24,-70.59512926692652,-17.97268679034125,-52.62244247658531
2002-05-28,-71.48011027721199,-17.97268679034125,-53.507423486870785
2002-05-29,-71.78789542764935,-17.97268679034125,-53.81520863730814
2002-05-30,-71.37645070007693,-17.97268679034125,-53.40376390973572
2002-05-31,-71.55418934985488,-18.150425440119193,-53.40376390973572
2002-06-03,-74.13691575669951,-20.73315184696382,-53.40376390973572
2002-06-04,-73.68710487822277,-20.73315184696382,-52.953953031258976
2002-06-05,-73.07019964329822,-20.73315184696382,-52.33704779633443
2002-06-06,-75.0706977358925,-20.73315184696382,-54.33754588892871
2002-06-07,-73.55960991045092,-20.73315184696382,-52.82645806348714
2002-06-10,-73.08647049319384,-20.260012429706755,-52.82645806348714
2002-06-11,-75.20242265686355,-22.37596459337646,-52.82645806348714
2002-06-12,-74.36068443936512,-21.53422637587803,-52.82645806348714
2002-06-13,-74.94020110124902,-21.53422637587803,-53.40597472537104
2002-06-14,-73.86942713640725,-21.53422637587803,-52.335200760529275
2002-06-17,-71.74383387169486,-19.408633111165646,-52.335200760529275
2002-06-18,-70.57514803712716,-18.23994727659795,-52.335200760529275
2002-06-19,-71.5365224325008,-18.23994727659795,-53.29657515590292
2002-06-20,-72.57862777120566,-19.282052615302806,-53.29657515590292
2002-06-21,-73.78013367354136,-20.483558517638507,-53.29657515590292
2002-06-24,-72.59058053730483,-19.294005381401977,-53.29657515590292
2002-06-25,-75.3703982444182,-19.294005381401977,-56.076392863016295
2002-06-26,-72.76776333038366,-16.69137046736744,-56.076392863016295
2002-06-27,-71.83802994206448,-16.69137046736744,-55.146659474697124
2002-06-28,-72.13057178855998,-16.69137046736744,-55.43920132119263
2002-07-01,-74.33219055670459,-18.892989235512058,-55.43920132119263
2002-07-02,-76.31274837350813,-20.873547052315597,-55.43920132119263
2002-07-03,-75.38654065523734,-19.947339334044802,-55.43920132119263
2002-07-05,-72.81595089727932,-17.376749576086784,-55.43920132119263
2002-07-08,-73.74958461193913,-18.310383290746586,-55.43920132119263
2002-07-09,-75.96316507229156,-18.310383290746586,-57.65278178154506
2002-07-10,-80.09877374230048,-18.310383290746586,-61.78839045155397
2002-07-11,-78.90635381623508,-17.117963364681195,-61.78839045155397
2002-07-12,-80.51483623107414,-18.726445779520255,-61.78839045155397
2002-07-15,-79.76388358158468,-17.975493130030788,-61.78839045155397
2002-07-16,-80.39035976013635,-18.601969308582465,-61.78839045155397
2002-07-17,-82.27814555660743,-18.601969308582465,-63.67617624802506
2002-07-18,-85.53772436413092,-21.861548116105958,-63.67617624802506
2002-07-19,-87.93893065866034,-24.26275441063537,-63.67617624802506
2002-07-22,-90.2340590485754,-26.557882800550438,-63.67617624802506
2002-07-23,-93.44433967113558,-29.76816342311062,-63.67617624802506
2002-07-24,-85.35657518641801,-29.76816342311062,-55.58841176330749
2002-07-25,-85.68748429696751,-29.76816342311062,-55.91932087385698
2002-07-26,-84.58147042525512,-29.76816342311062,-54.8133070021446
2002-07-29,-82.03026912423502,-29.76816342311062,-52.2621057011245
2002-07-30,-80.24281395544453,-27.980708254320128,-52.2621057011245
2002-07-31,-79.51512187603115,-27.253016174906747,-52.2621057011245
2002-08-01,-81.86297578549433,-29.60087008436993,-52.2621057011245
2002-08-02,-83.82408916639083,-31.56198346526644,-52.2621057011245
2002-08-05,-87.02947591906693,-31.56198346526644,-55.46749245380058
2002-08-06,-85.4563989944447,-29.98890654064421,-55.46749245380058
2002-08-07,-85.2049955087251,-29.737503054924613,-55.46749245380058
2002-08-08,-82.39382513668507,-26.92633268288457,-55.46749245380058
2002-08-09,-81.091713643998,-25.624221190197513,-55.46749245380058
2002-08-12,-80.40406961995292,-24.93657716615242,-55.46749245380058
2002-08-13,-81.73164147977893,-26.264149025978426,-55.46749245380058
2002-08-14,-78.21004006601979,-22.742547612219276,-55.46749245380058
2002-08-15,-77.51165063264088,-22.742547612219276,-54.769103020421674
2002-08-16,-77.0916332812157,-22.742547612219276,-54.34908566899651
2002-08-19,-75.04712658397315,-20.69804091497672,-54.34908566899651
2002-08-20,-75.51164912246495,-20.69804091497672,-54.81360820748831
2002-08-21,-74.79841086669647,-19.98480265920824,-54.81360820748831
2002-08-22,-73.569905726599,-18.756297519110767,-54.81360820748831
2002-08-23,-75.0593972297571,-18.756297519110767,-56.30309971064639
2002-08-26,-74.70130672270689,-18.756297519110767,-55.94500920359619
2002-08-27,-76.33358319527494,-18.756297519110767,-57.57728567616425
2002-08-28,-77.61666147748625,-18.756297519110767,-58.860363958375565
2002-08-29,-76.67795716398008,-18.756297519110767,-57.92165964486941
2002-08-30,-76.57894322685664,-18.756297519110767,-57.82264570774597
2002-09-03,-79.32639648883548,-18.756297519110767,-60.57009896972482
2002-09-04,-78.29232267980267,-18.756297519110767,-59.536025160692
2002-09-05,-77.97513682802246,-18.43911166733056,-59.536025160692
2002-09-06,-77.70697253183478,-18.43911166733056,-59.26786086450432
2002-09-09,-75.98127567630618,-16.713414811801968,-59.26786086450432
2002-09-10,-75.37871899193243,-16.713414811801968,-58.66530418013057
2002-09-11,-76.84844423410726,-18.183140053976803,-58.66530418013057
2002-09-12,-78.30131396482176,-19.636009784691296,-58.66530418013057
2002-09-13,-77.21240660199602,-18.547102421865553,-58.66530418013057
2002-09-16,-76.5750808584115,-18.547102421865553,-58.02797843654605
2002-09-17,-80.00976372227771,-21.981785285731767,-58.02797843654605
2002-09-18,-80.08875106498166,-21.981785285731767,-58.10696577925001
2002-09-19,-81.6102930602034,-23.503327280953506,-58.10696577925001
2002-09-20,-82.29377549728491,-23.503327280953506,-58.79044821633151
2002-09-23,-82.29181908591413,-23.503327280953506,-58.78849180496072
2002-09-24,-82.45963991723012,-23.671148112269492,-58.78849180496072
2002-09-25,-81.30101736371851,-23.671148112269492,-57.629869251449115
2002-09-26,-80.47937952360721,-23.671148112269492,-56.80823141133781
2002-09-27,-83.17210374692162,-23.671148112269492,-59.50095563465223
2002-09-30,-83.43852867929523,-23.937573044643102,-59.50095563465223
2002-10-01,-79.5348553974367,-20.033899762784568,-59.50095563465223
2002-10-02,-81.3799889745581,-21.879033339905973,-59.50095563465223
2002-10-03,-82.39332389053833,-22.892368255886193,-59.50095563465223
2002-10-04,-84.8484333857246,-22.892368255886193,-61.956065129838514
2002-10-07,-86.02686220156086,-22.892368255886193,-63.13449394567476
2002-10-08,-85.33763949144496,-22.20314554577029,-63.13449394567476
2002-10-09,-86.60727558345717,-22.20314554577029,-64.40413003768697
2002-10-10,-83.22413324364011,-22.20314554577029,-61.02098769786991
2002-10-11,-80.75595378061136,-22.20314554577029,-58.552808234841166
2002-10-14,-79.06180677254804,-20.50899853770696,-58.552808234841166
2002-10-15,-77.12513577775873,-20.50899853770696,-56.616137240051856
2002-10-16,-78.1238775383481,-20.50899853770696,-57.61487900064123
2002-10-17,-78.81131730376276,-21.19643830312162,-57.61487900064123
2002-10-18,-77.69815857004052,-20.083279569399373,-57.61487900064123
2002-10-21,-75.40843815980837,-20.083279569399373,-55.32515859040908
2002-10-22,-74.89203990995037,-19.56688131954137,-55.32515859040908
2002-10-23,-73.30397231283068,-19.56688131954137,-53.737090993289385
2002-10-24,-75.98288108137956,-22.24579008809025,-53.737090993289385
2002-10-25,-73.7619742470177,-22.24579008809025,-51.51618415892752
2002-10-28,-75.47593326278277,-22.24579008809025,-53.230143174692586
2002-10-29,-76.0600999196263,-22.829956744933774,-53.230143174692586
2002-10-30,-75.22791876151443,-22.829956744933774,-52.39796201658072
2002-10-31,-76.5175489926877,-22.829956744933774,-53.687592247753976
2002-11-01,-74.37765292993763,-20.6900606821837,-53.687592247753976
2002-11-04,-75.12018318004988,-20.6900606821837,-54.43012249786623
2002-11-05,-74.02447136756058,-19.594348869694397,-54.43012249786623
2002-11-06,-73.43076368481383,-19.594348869694397,-53.83641481511948
2002-11-07,-74.81948616462054,-20.983071349501113,-53.83641481511948
2002-11-08,-75.80629185780495,-21.96987704268553,-53.83641481511948
2002-11-11,-77.22262652814914,-21.96987704268553,-55.25274948546366
2002-11-12,-76.89483156926663,-21.96987704268553,-54.924954526581146
2002-11-13,-76.0816850760279,-21.96987704268553,-54.11180803334242
2002-11-14,-75.3615892987029,-21.249781265360525,-54.11180803334242
2002-11-15,-73.82800681626723,-21.249781265360525,-52.57822555090676
2002-11-18,-75.66688999278945,-21.249781265360525,-54.417108727428975
2002-11-19,-75.29990321472373,-21.249781265360525,-54.05012194936325
2002-11-20,-72.68842125287294,-18.638299303509736,-54.05012194936325
2002-11-21,-71.10216056053609,-18.638299303509736,-52.4638612570264
2002-11-22,-71.1763715713013,-18.638299303509736,-52.53807226779162
2002-11-25,-71.13286662028638,-18.638299303509736,-52.494567316776696
2002-11-26,-72.62582151388739,-20.131254197110746,-52.494567316776696
2002-11-27,-70.75139510984884,-20.131254197110746,-50.62014091273815
2002-11-29,-71.63013631566737,-20.131254197110746,-51.49888211855668
2002-12-02,-73.05366615723398,-20.131254197110746,-52.92241196012329
2002-12-03,-73.47200247338675,-20.54959051326352,-52.92241196012329
2002-12-04,-72.74375101616165,-19.82133905603842,-52.92241196012329
2002-12-05,-74.16559356607678,-19.82133905603842,-54.34425451003841
2002-12-06,-72.07834841151747,-19.82133905603842,-52.2570093554791
2002-12-09,-73.82732970630897,-21.570320350829924,-52.2570093554791
2002-12-10,-73.08478041625334,-21.570320350829924,-51.51446006542347
2002-12-11,-72.69742821969521,-21.570320350829924,-51.127107868865345
2002-12-12,-73.18003482592987,-21.570320350829924,-51.6097144751
2002-12-13,-73.82602840535453,-21.570320350829924,-52.25570805452467
2002-12-16,-71.81909573808075,-21.570320350829924,-50.24877538725087
2002-12-17,-72.39984064047394,-22.151065253223116,-50.24877538725087
2002-12-18,-72.98723135752243,-22.738455970271605,-50.24877538725087
2002-12-19,-73.21009885119896,-22.738455970271605,-50.4716428809274
2002-12-20,-72.33834645780959,-22.738455970271605,-49.599890487538026
2002-12-23,-71.86952997374529,-22.738455970271605,-49.13107400347372
2002-12-24,-72.14777409427316,-22.738455970271605,-49.4093181240016
2002-12-26,-72.50396637138566,-22.738455970271605,-49.7655104011141
2002-12-27,-74.30600918340065,-24.540498782286594,-49.7655104011141
2002-12-30,-73.95216603949376,-24.540498782286594,-49.41166725720721
2002-12-31,-73.68977284927587,-24.540498782286594,-49.14927406698932
2003-01-02,-71.23188276910429,-24.540498782286594,-46.69138398681775
2003-01-03,-70.75906079872489,-24.540498782286594,-46.21856201643835
2003-01-06,-68.90146987351403,-24.540498782286594,-44.36097109122748
2003-01-07,-69.09462799666002,-24.540498782286594,-44.55412921437347
2003-01-08,-69.98703208242497,-24.540498782286594,-45.44653330013842
2003-01-09,-68.92460900198161,-23.47807570184323,-45.44653330013842
2003-01-10,-67.73465876990797,-22.28812546976959,-45.44653330013842
2003-01-13,-68.29137411255091,-22.84484081241253,-45.44653330013842
2003-01-14,-67.61327401559295,-22.166740715454566,-45.44653330013842
2003-01-15,-68.84949070797394,-22.166740715454566,-46.682749992519405
2003-01-16,-69.37976433512752,-22.697014342608135,-46.682749992519405
2003-01-17,-69.75309443356495,-22.697014342608135,-47.05608009095684
2003-01-21,-71.56194676085556,-24.50586666989874,-47.05608009095684
2003-01-22,-72.25014365410864,-25.19406356315182,-47.05608009095684
2003-01-23,-72.30522526845685,-25.249145177500033,-47.05608009095684
2003-01-24,-74.84150600347296,-27.78542591251614,-47.05608009095684
2003-01-27,-75.4716523865924,-28.415572295635585,-47.05608009095684
2003-01-28,-75.24835637653936,-28.415572295635585,-46.832784080903814
2003-01-29,-74.02505955944046,-28.415572295635585,-45.60948726380491
2003-01-30,-76.79192215033729,-31.1824348865324,-45.60948726380491
2003-01-31,-74.5575461231232,-31.1824348865324,-43.37511123659083
2003-02-03,-74.46311498773912,-31.1824348865324,-43.28068010120675
2003-02-04,-74.39109530190397,-31.1824348865324,-43.20866041537161
2003-02-05,-75.45620653681056,-32.24754612143898,-43.20866041537161
2003-02-06,-75.37143789827043,-32.16277748289885,-43.20866041537161
2003-02-07,-77.15182273043109,-32.16277748289885,-44.98904524753228
2003-02-10,-76.50498266930197,-32.16277748289885,-44.342205186403156
2003-02-11,-77.63537868527176,-33.29317349886864,-44.342205186403156
2003-02-12,-78.92822960066697,-34.58602441426384,-44.342205186403156
2003-02-13,-78.69507209697906,-34.58602441426384,-44.10904768271526
2003-02-14,-76.56711084977339,-32.45806316705816,-44.10904768271526
2003-02-18,-75.28419380344036,-32.45806316705816,-42.826130636382224
2003-02-19,-75.45841599829319,-32.45806316705816,-43.00035283123506
2003-02-20,-76.50652517789123,-33.50617234665619,-43.00035283123506
2003-02-21,-75.57289578471664,-33.50617234665619,-42.06672343806046
2003-02-24,-76.92233053271524,-33.50617234665619,-43.41615818605906
2003-02-25,-75.11648289825493,-33.50617234665619,-41.61031055159875
2003-02-26,-76.05916789078776,-33.50617234665619,-42.55299554413158
2003-02-27,-75.30744150450163,-33.50617234665619,-41.801269157845454
2003-02-28,-74.80967599457807,-33.50617234665619,-41.3035036479219
2003-03-03,-76.20145860434015,-34.89795495641827,-41.3035036479219
2003-03-04,-77.651191895769,-34.89795495641827,-42.75323693935075
2003-03-05,-76.64950513825059,-34.89795495641827,-41.75155018183234
2003-03-06,-76.8044185129545,-34.89795495641827,-41.90646355653625
2003-03-07,-74.74073833595027,-32.834274779414045,-41.90646355653625
2003-03-10,-76.31250604059551,-34.406042484059284,-41.90646355653625
2003-03-11,-77.50771338831295,-35.60124983177673,-41.90646355653625
2003-03-12,-76.67528976525618,-35.60124983177673,-41.07403993347948
2003-03-13,-74.66161158004928,-35.60124983177673,-39.060361748272584
2003-03-14,-74.75478118887771,-35.60124983177673,-39.15353135710102
2003-03-17,-70.86391097789661,-31.710379620795614,-39.15353135710102
2003-03-18,-70.71339800180465,-31.710379620795614,-39.00301838100906
2003-03-19,-69.94731522786945,-31.710379620795614,-38.23693560707387
2003-03-20,-69.02272935175047,-31.710379620795614,-37.31234973095489
2003-03-21,-68.05777333382396,-31.710379620795614,-36.34739371302838
2003-03-24,-69.59031915398407,-33.24292544095573,-36.34739371302838
2003-03-25,-68.70510050016043,-32.35770678713209,-36.34739371302838
2003-03-26,-69.26479923799832,-32.91740552496998,-36.34739371302838
2003-03-27,-68.41048963759481,-32.063095924566476,-36.34739371302838
2003-03-28,-68.14332366347865,-31.795929950450326,-36.34739371302838
2003-03-31,-68.87059480081552,-32.5232010877872,-36.34739371302838
2003-04-01,-67.95817491315346,-32.5232010877872,-35.43497382536631
2003-04-02,-67.30780382498739,-32.5232010877872,-34.78460273720025
2003-04-03,-68.64308323254303,-32.5232010877872,-36.119882144755906
2003-04-04,-68.89084058502901,-32.5232010877872,-36.36763949724188
2003-04-07,-71.4683825938195,-32.5232010877872,-38.94518150603237
2003-04-08,-71.60303625257816,-32.5232010877872,-39.07983516479104
2003-04-09,-73.12968752100646,-32.5232010877872,-40.606486433219345
2003-04-10,-72.65858029059883,-32.5232010877872,-40.13537920281172
2003-04-11,-73.82084003752647,-32.5232010877872,-41.297638949739344
2003-04-14,-72.15299119595504,-30.855352246215777,-41.297638949739344
2003-04-15,-71.11046500071923,-29.81282605097997,-41.297638949739344
2003-04-16,-72.98401649213017,-29.81282605097997,-43.17119044115028
2003-04-17,-71.57715426219127,-29.81282605097997,-41.764328211211385
2003-04-21,-71.82112359846342,-30.05679538725212,-41.764328211211385
2003-04-22,-69.34817856722424,-30.05679538725212,-39.2913831799722
2003-04-23,-68.74882135057997,-30.05679538725212,-38.692025963327936
2003-04-24,-68.94472349774115,-30.252697534413304,-38.692025963327936
2003-04-25,-70.13360527933462,-30.252697534413304,-39.88090774492141
2003-04-28,-68.66193579927258,-28.781028054351268,-39.88090774492141
2003-04-29,-68.70449892498432,-28.781028054351268,-39.923470870633146
2003-04-30,-68.71449892498433,-28.781028054351268,-39.933470870633144
2003-05-01,-68.74625569049242,-28.781028054351268,-39.965227636141236
2003-05-02,-66.97020230738742,-28.781028054351268,-38.189174253036235
2003-05-05,-67.45205566693451,-28.781028054351268,-38.671027612583316
2003-05-06,-66.53131589074333,-28.781028054351268,-37.75028783639213
2003-05-07,-66.57343277950388,-28.823144943111814,-37.75028783639213
2003-05-08,-66.65912040516338,-28.823144943111814,-37.83597546205164
2003-05-09,-65.70427426149652,-28.823144943111814,-36.88112931838478
2003-05-12,-64.24912726081472,-28.823144943111814,-35.425982317702974
2003-05-13,-64.06889225606749,-28.823144943111814,-35.24574731295575
2003-05-14,-64.69070239898062,-29.44495508602495,-35.24574731295575
2003-05-15,-64.46912206316554,-29.22337475020988,-35.24574731295575
2003-05-16,-64.50019778293296,-29.22337475020988,-35.27682303272316
2003-05-19,-66.11622799387332,-30.839404961150255,-35.27682303272316
2003-05-20,-66.51483018057348,-30.839404961150255,-35.675425219423325
2003-05-21,-65.94028542315627,-30.839404961150255,-35.10088046200611
2003-05-22,-65.2854719540412,-30.839404961150255,-34.44606699289105
2003-05-23,-65.04985983226806,-30.839404961150255,-34.210454871117896
2003-05-27,-62.83401444362865,-28.623559572510842,-34.210454871117896
2003-05-28,-63.03198474576956,-28.623559572510842,-34.40842517325881
2003-05-29,-63.522904747930355,-29.114479574671634,-34.40842517325881
2003-05-30,-62.443969506882816,-29.114479574671634,-33.329489932211274
2003-06-02,-62.63869893925164,-29.309209007040458,-33.329489932211274
2003-06-03,-62.03299820569122,-29.309209007040458,-32.723789198650856
2003-06-04,-60.51873340906798,-29.309209007040458,-31.209524402027608
2003-06-05,-59.44916919710271,-29.309209007040458,-30.13996019006234
2003-06-06,-60.6011222745794,-30.46116208451715,-30.13996019006234
2003-06-09,-61.13898529290782,-30.46116208451715,-30.677823208390755
2003-06-10,-60.349829839336294,-29.67200663094562,-30.677823208390755
2003-06-11,-59.216731709748025,-29.67200663094562,-29.544725078802482
2003-06-12,-59.36578555538033,-29.67200663094562,-29.693778924434785
2003-06-13,-60.42490649468406,-29.67200663094562,-30.752899863738516
2003-06-16,-58.74852137127892,-29.67200663094562,-29.076514740333373
2003-06-17,-59.16101150964627,-29.67200663094562,-29.489004878700722
2003-06-18,-58.894960088701886,-29.67200663094562,-29.222953457756336
2003-06-19,-60.511662090581545,-29.67200663094562,-30.839655459635996
2003-06-20,-61.472474377543975,-29.67200663094562,-31.800467746598425
2003-06-23,-62.52357015557333,-30.72310240897498,-31.800467746598425
2003-06-24,-62.2286035416375,-30.428135795039147,-31.800467746598425
2003-06-25,-63.258708289386355,-31.45824054278801,-31.800467746598425
2003-06-26,-62.23094919181245,-30.4304814452141,-31.800467746598425
2003-06-27,-63.35087995672823,-31.550412210129878,-31.800467746598425
2003-06-30,-63.96338775016174,-31.550412210129878,-32.41297554003194
2003-07-01,-62.66578020549417,-30.252804665462307,-32.41297554003194
2003-07-02,-61.66841797089045,-30.252804665462307,-31.415613305428217
2003-07-03,-62.01207364176256,-30.252804665462307,-31.75926897630033
2003-07-07,-60.97390289697354,-29.214633920673286,-31.75926897630033
2003-07-08,-60.33921777698033,-29.214633920673286,-31.124583856307115
2003-07-09,-60.6866834450258,-29.214633920673286,-31.472049524352585
2003-07-10,-61.239010060776,-29.214633920673286,-32.02437614010279
2003-07-11,-60.397431017004386,-29.214633920673286,-31.182797096331175
2003-07-14,-60.87293335870539,-29.214633920673286,-31.65829943803218
2003-07-15,-61.744789324874745,-30.086489886842642,-31.65829943803218
2003-07-16,-62.64155786045846,-30.086489886842642,-32.5550679736159
2003-07-17,-63.309290078194685,-30.754222104578865,-32.5550679736159
2003-07-18,-62.8256553719086,-30.754222104578865,-32.071433267329816
2003-07-21,-64.01909931004022,-30.754222104578865,-33.26487720546143
2003-07-22,-63.54391112882124,-30.754222104578865,-32.789689024242456
2003-07-23,-63.5236780424149,-30.754222104578865,-32.76945593783611
2003-07-24,-65.0451941555676,-30.754222104578865,-34.290972050988806
2003-07-25,-63.4763995950671,-29.185427544078365,-34.290972050988806
2003-07-28,-63.99581699564152,-29.70484494465278,-34.290972050988806
2003-07-29,-64.74752417498087,-30.45655212399212,-34.290972050988806
2003-07-30,-65.20026469219859,-30.90929264120984,-34.290972050988806
2003-07-31,-65.80213476445223,-30.90929264120984,-34.892842123242445
2003-08-01,-66.50004874628506,-30.90929264120984,-35.59075610507527
2003-08-04,-66.30681264549254,-30.90929264120984,-35.39752000428275
2003-08-05,-68.3596958591523,-30.90929264120984,-37.450403217942494
2003-08-06,-68.07021620449052,-30.90929264120984,-37.160923563280726
2003-08-07,-67.22966863818537,-30.90929264120984,-36.32037599697557
2003-08-08,-67.28036133034183,-30.90929264120984,-36.37106868913203
2003-08-11,-66.89424138482853,-30.90929264120984,-35.98494874361872
2003-08-12,-66.05686018374291,-30.90929264120984,-35.1475675425331
2003-08-13,-66.85133446413295,-30.90929264120984,-35.94204182292314
2003-08-14,-66.64965242483292,-30.707610601909817,-35.94204182292314
2003-08-15,-66.3983173360602,-30.4562755131371,-35.94204182292314
2003-08-18,-65.85943811593346,-29.917396293010352,-35.94204182292314
2003-08-19,-65.70074726335655,-29.758705440433445,-35.94204182292314
2003-08-20,-65.55134099824036,-29.60929917531726,-35.94204182292314
2003-08-21,-65.8388225053023,-29.89678068237921,-35.94204182292314
2003-08-22,-67.81395460970356,-29.89678068237921,-37.917173927324384
2003-08-25,-67.60355658282428,-29.89678068237921,-37.70677590044511
2003-08-26,-67.00236224645886,-29.89678068237921,-37.10558156407968
2003-08-27,-66.92245131898413,-29.89678068237921,-37.02567063660495
2003-08-28,-66.57452629598824,-29.89678068237921,-36.677745613609055
2003-08-29,-65.76294105739453,-29.085195443785505,-36.677745613609055
2003-09-02,-64.63811803134512,-29.085195443785505,-35.55292258755964
2003-09-03,-64.32833304829963,-29.085195443785505,-35.24313760451415
2003-09-04,-64.03810020955443,-29.085195443785505,-34.95290476576895
2003-09-05,-64.15501629892228,-29.085195443785505,-35.0698208551368
2003-09-08,-63.545819868302694,-28.47599901316592,-35.0698208551368
2003-09-09,-63.9144021604182,-28.844581305281427,-35.0698208551368
2003-09-10,-64.48188778517327,-29.4120669300365,-35.0698208551368
2003-09-11,-64.33529775353676,-29.265476898399996,-35.0698208551368
2003-09-12,-63.81682394135788,-29.265476898399996,-34.551347042957914
2003-09-15,-64.24713668557246,-29.265476898399996,-34.98165978717249
2003-09-16,-62.94522977882849,-27.963569991656033,-34.98165978717249
2003-09-17,-63.05191943464574,-28.070259647473282,-34.98165978717249
2003-09-18,-61.908063413476555,-28.070259647473282,-33.837803766003304
2003-09-19,-62.495153106895984,-28.070259647473282,-34.424893459422734
2003-09-22,-62.79726180548421,-28.070259647473282,-34.72700215801096
2003-09-23,-62.466672651651265,-28.070259647473282,-34.396413004178015
2003-09-24,-64.44510726424404,-30.04869426006606,-34.396413004178015
2003-09-25,-65.57565532611149,-31.179242321933504,-34.396413004178015
2003-09-26,-66.07470814440461,-31.179242321933504,-34.89546582247114
2003-09-29,-65.45855965638286,-31.179242321933504,-34.27931733444939
2003-09-30,-65.99743022791253,-31.71811289346318,-34.27931733444939
2003-10-01,-64.18847540218525,-31.71811289346318,-32.470362508722104
2003-10-02,-63.68962152990174,-31.21925902117967,-32.470362508722104
2003-10-03,-63.97007352764877,-31.4997110189267,-32.470362508722104
2003-10-06,-63.61352807418765,-31.143165565465573,-32.470362508722104
2003-10-07,-62.65975810518457,-30.189395596462496,-32.470362508722104
2003-10-08,-62.986565194095654,-30.51620268537358,-32.470362508722104
2003-10-09,-63.570288784926035,-30.51620268537358,-33.05408609955249
2003-10-10,-63.292984376402615,-30.51620268537358,-32.77678169102907
2003-10-13,-63.121692937165534,-30.3449112461365,-32.77678169102907
2003-10-14,-62.68422840039865,-30.3449112461365,-32.33931715426219
2003-10-15,-63.51946690196167,-30.3449112461365,-33.17455565582521
2003-10-16,-62.83452065882108,-29.659965002995907,-33.17455565582521
2003-10-17,-63.99839706212569,-29.659965002995907,-34.33843205912982
2003-10-20,-63.44511906958994,-29.659965002995907,-33.785154066594075
2003-10-21,-63.4169648193473,-29.659965002995907,-33.75699981635143
2003-10-22,-63.899093522611885,-29.659965002995907,-34.23912851961602
2003-10-23,-63.46301143181706,-29.659965002995907,-33.80304642882119
2003-10-24,-62.74629926924583,-28.943252840424677,-33.80304642882119
2003-10-27,-62.86239043311633,-28.943252840424677,-33.91913759269169
2003-10-28,-61.85812708606202,-27.93898949337036,-33.91913759269169
2003-10-29,-61.47755391218519,-27.93898949337036,-33.538564418814865
2003-10-30,-61.856889419043924,-28.31832500022909,-33.538564418814865
2003-10-31,-61.96180966532455,-28.42324524650972,-33.538564418814865
2003-11-03,-61.74511846954886,-28.42324524650972,-33.32187322303918
2003-11-04,-61.97235182774062,-28.650478604701473,-33.32187322303918
2003-11-05,-61.651117451430274,-28.650478604701473,-33.00063884672883
2003-11-06,-60.90639400883417,-28.650478604701473,-32.25591540413273
2003-11-07,-61.886954069763796,-28.650478604701473,-33.236475465062355
2003-11-10,-62.427960023961035,-29.191484558898708,-33.236475465062355
2003-11-11,-62.38087746095938,-29.191484558898708,-33.1893929020607
2003-11-12,-61.35097543797474,-29.191484558898708,-32.15949087907606
2003-11-13,-61.031363170260676,-29.191484558898708,-31.839878611361996
2003-11-14,-61.92874975300699,-30.088871141645022,-31.839878611361996
2003-11-17,-61.91969081024215,-30.088871141645022,-31.830819668597158
2003-11-18,-63.26891262869258,-30.088871141645022,-33.18004148704759
2003-11-19,-62.61783003771111,-30.088871141645022,-32.528958896066115
2003-11-20,-62.83959373413025,-30.088871141645022,-32.75072259248525
2003-11-21,-62.87837644455783,-30.127653852072605,-32.75072259248525
2003-11-24,-62.032375496110824,-30.127653852072605,-31.90472164403825
2003-11-25,-61.79677315714562,-29.892051513107408,-31.90472164403825
2003-11-26,-61.85376354491586,-29.892051513107408,-31.961712031808485
2003-11-28,-61.703938218401774,-29.892051513107408,-31.811886705294405
2003-12-01,-61.01447161219512,-29.892051513107408,-31.12242009908775
2003-12-02,-61.07104179847432,-29.892051513107408,-31.178990285366943
2003-12-03,-61.537257711893226,-30.358267426526314,-31.178990285366943
2003-12-04,-61.14682852116691,-30.358267426526314,-30.788561094640624
2003-12-05,-61.40920447502349,-30.358267426526314,-31.05093704849721
2003-12-08,-60.64462000357153,-29.593682955074353,-31.05093704849721
2003-12-09,-61.73551355490095,-29.593682955074353,-32.141830599826626
2003-12-10,-61.782977991997534,-29.593682955074353,-32.18929503692321
2003-12-11,-60.62806104296649,-29.593682955074353,-31.03437808789217
2003-12-12,-60.48073541848893,-29.44635733059679,-31.03437808789217
2003-12-15,-61.93930041579062,-29.44635733059679,-32.49294308519386
2003-12-16,-61.50452267355096,-29.01157958835713,-32.49294308519386
2003-12-17,-61.10816595778531,-29.01157958835713,-32.09658636942821
2003-12-18,-60.046090682097464,-27.949504312669283,-32.09658636942821
2003-12-19,-60.422728597374004,-27.949504312669283,-32.47322428470475
2003-12-22,-59.63620094512515,-27.16297666042043,-32.47322428470475
2003-12-23,-59.4181090690881,-27.16297666042043,-32.255132408667706
2003-12-24,-59.33683763462917,-27.16297666042043,-32.17386097420877
2003-12-26,-59.3559549368654,-27.16297666042043,-32.192978276445004
2003-12-29,-58.407794141946965,-26.21481586550199,-32.192978276445004
2003-12-30,-58.33680797776488,-26.21481586550199,-32.121992112262916
2003-12-31,-58.29287758671056,-26.21481586550199,-32.0780617212086
2004-01-02,-58.76033409961939,-26.21481586550199,-32.54551823411743
2004-01-05,-58.1010771656401,-26.21481586550199,-31.886261300138138
2004-01-06,-57.76396331260156,-26.21481586550199,-31.5491474470996
2004-01-07,-57.294643278761065,-25.745495831661493,-31.5491474470996
2004-01-08,-57.189921247916935,-25.640773800817364,-31.5491474470996
2004-01-09,-57.59065297584438,-25.640773800817364,-31.949879175027043
2004-01-12,-57.007128483566426,-25.640773800817364,-31.36635468274909
2004-01-13,-57.48688232203305,-25.640773800817364,-31.846108521215708
2004-01-14,-56.84276714897162,-24.996658627755934,-31.846108521215708
2004-01-15,-56.66803071122801,-24.996658627755934,-31.671372083472107
2004-01-16,-56.511559005152534,-24.84018692168046,-31.671372083472107
2004-01-20,-56.81011063037937,-25.13873854690729,-31.671372083472107
2004-01-21,-55.973792933306775,-24.302420849834693,-31.671372083472107
2004-01-22,-56.279519281105785,-24.302420849834693,-31.977098431271116
2004-01-23,-56.78640361777634,-24.809305186505245,-31.977098431271116
2004-01-26,-55.51087966666713,-24.809305186505245,-30.70157448016191
2004-01-27,-56.449584595673834,-24.809305186505245,-31.640279409168617
2004-01-28,-57.8697245091471,-24.809305186505245,-33.060419322641884
2004-01-29,-57.95019156750487,-24.88977224486302,-33.060419322641884
2004-01-30,-57.99542794331688,-24.88977224486302,-33.10565569845389
2004-02-02,-57.768238677083595,-24.66258297862974,-33.10565569845389
2004-02-03,-57.743076127391525,-24.66258297862974,-33.08049314876182
2004-02-04,-58.05391157450995,-24.66258297862974,-33.39132859588024
2004-02-05,-58.055073813251354,-24.66258297862974,-33.39249083462165
2004-02-06,-57.16104448403511,-24.66258297862974,-32.4984615054054
2004-02-09,-57.336870235101365,-24.66258297862974,-32.67428725647166
2004-02-10,-56.8493353182634,-24.66258297862974,-32.18675233963369
2004-02-11,-55.802681428060716,-23.615929088427055,-32.18675233963369
2004-02-12,-56.088995990385826,-23.615929088427055,-32.4730669019588
2004-02-13,-56.69653182373688,-24.22346492177811,-32.4730669019588
2004-02-17,-56.43069361810654,-24.22346492177811,-32.20722869632846
2004-02-18,-56.90648699431154,-24.69925829798311,-32.20722869632846
2004-02-19,-57.866570535358186,-24.69925829798311,-33.1673122373751
2004-02-20,-58.39750078260656,-24.69925829798311,-33.69824248462348
2004-02-23,-58.95578542448562,-25.25754293986217,-33.69824248462348
2004-02-24,-58.8608236824395,-25.25754293986217,-33.60328074257736
2004-02-25,-58.51325677390212,-24.90997603132479,-33.60328074257736
2004-02-26,-58.235735925279734,-24.632455182702405,-33.60328074257736
2004-02-27,-58.39343222858579,-24.632455182702405,-33.760977045883415
2004-03-01,-57.77300279535864,-24.632455182702405,-33.14054761265627
2004-03-02,-58.180548105854264,-24.632455182702405,-33.54809292315189
2004-03-03,-57.80949417915017,-24.261401255998315,-33.54809292315189
2004-03-04,-57.58644703717845,-24.261401255998315,-33.32504578118017
2004-03-05,-56.76814281619263,-24.261401255998315,-32.50674156019435
2004-03-08,-57.97141013600028,-24.261401255998315,-33.710008880002
2004-03-09,-58.50405808365609,-24.261401255998315,-34.24265682765781
2004-03-10,-60.39708720282324,-24.261401255998315,-36.135685946824964
2004-03-11,-61.55240998999093,-25.416724043166,-36.135685946824964
2004-03-12,-60.804528020385064,-25.416724043166,-35.3878039772191
2004-03-15,-61.77215804013821,-26.384354062919144,-35.3878039772191
2004-03-16,-61.77321038504065,-26.384354062919144,-35.38885632212154
2004-03-17,-61.01950841755924,-26.384354062919144,-34.63515435464013
2004-03-18,-60.701738489457114,-26.384354062919144,-34.317384426538005
2004-03-19,-61.91997451157296,-26.384354062919144,-35.53562044865385
2004-03-22,-62.73837110233622,-27.202750653682404,-35.53562044865385
2004-03-23,-63.46750479985813,-27.931884351204317,-35.53562044865385
2004-03-24,-63.50488469199141,-27.96926424333759,-35.53562044865385
2004-03-25,-62.682603642646775,-27.96926424333759,-34.71333939930922
2004-03-26,-62.6295380110256,-27.96926424333759,-34.66027376768805
2004-03-29,-61.78323172435844,-27.122957956670426,-34.66027376768805
2004-03-30,-61.198389861864015,-27.122957956670426,-34.075431905193625
2004-03-31,-61.11108293027664,-27.122957956670426,-33.98812497360625
2004-04-01,-60.495117395704675,-27.122957956670426,-33.372159439034284
2004-04-02,-60.65329626021696,-27.122957956670426,-33.53033830354657
2004-04-05,-59.95811980938914,-27.122957956670426,-32.83516185271875
2004-04-06,-59.907178969300595,-27.07201711658188,-32.83516185271875
2004-04-07,-60.19594881871228,-27.07201711658188,-33.123931702130434
2004-04-08,-61.11116945427292,-27.07201711658188,-34.03915233769107
2004-04-12,-60.911929742211115,-27.07201711658188,-33.83991262562927
2004-04-13,-62.71652689616103,-27.07201711658188,-35.64450977957918
2004-04-14,-62.036259748960724,-27.07201711658188,-34.96424263237888
2004-04-15,-62.47910161758226,-27.07201711658188,-35.40708450100041
2004-04-16,-62.09298774244114,-26.68590324144076,-35.40708450100041
2004-04-19,-61.85670494288768,-26.68590324144076,-35.170801701446955
2004-04-20,-63.77827081486452,-28.607469113417597,-35.170801701446955
2004-04-21,-63.37024981133826,-28.607469113417597,-34.7627806979207
2004-04-22,-61.81889262461383,-28.607469113417597,-33.211423511196266
2004-04-23,-61.88134262923776,-28.607469113417597,-33.27387351582019
2004-04-26,-62.153697878768554,-28.607469113417597,-33.54622876535099
2004-04-27,-62.10243704207282,-28.556208276721865,-33.54622876535099
2004-04-28,-63.05638097410051,-28.556208276721865,-34.50017269737868
2004-04-29,-63.85908107472944,-29.358908377350794,-34.50017269737868
2004-04-30,-64.95366043248924,-29.358908377350794,-35.59475205513849
2004-05-03,-64.26573458197632,-29.358908377350794,-34.90682620462556
2004-05-04,-64.44514520915872,-29.538319004533207,-34.90682620462556
2004-05-05,-64.12653785881575,-29.219711654190238,-34.90682620462556
2004-05-06,-64.32417950786089,-29.417353303235373,-34.90682620462556
2004-05-07,-65.47353728425573,-29.417353303235373,-36.0561839810204
2004-05-10,-66.04248004920908,-29.417353303235373,-36.62512674597375
2004-05-11,-65.78789258885465,-29.16276584288095,-36.62512674597375
2004-05-12,-64.99796352847297,-28.372836782499267,-36.62512674597375
2004-05-13,-64.79863855780631,-28.17351181183261,-36.62512674597375
2004-05-14,-64.72681304466396,-28.17351181183261,-36.553301232831394
2004-05-17,-64.54414443464297,-28.17351181183261,-36.37063262281041
2004-05-18,-64.40811569412259,-28.17351181183261,-36.234603882290024
2004-05-19,-65.53748250378366,-28.17351181183261,-37.3639706919511
2004-05-20,-65.39227564505892,-28.17351181183261,-37.21876383322636
2004-05-21,-65.54787914971436,-28.17351181183261,-37.374367337881814
2004-05-24,-65.79338844481869,-28.17351181183261,-37.61987663298615
2004-05-25,-64.04460854480621,-26.424731911820132,-37.61987663298615
2004-05-26,-63.53652413657399,-26.424731911820132,-37.11179222475393
2004-05-27,-63.25372252044359,-26.424731911820132,-36.82899060862353
2004-05-28,-63.1484716090369,-26.424731911820132,-36.72373969721684
2004-06-01,-62.93641706823803,-26.424731911820132,-36.51168515641797
2004-06-02,-62.857985442493444,-26.424731911820132,-36.43325353067338
2004-06-03,-63.508273303815734,-26.424731911820132,-37.083541391995674
2004-06-04,-63.51827330381573,-26.434731911820133,-37.083541391995674
2004-06-07,-62.414864477064896,-26.434731911820133,-35.98013256524484
2004-06-08,-61.997347482863134,-26.434731911820133,-35.562615571043075
2004-06-09,-62.638099649460464,-27.07548407841746,-35.562615571043075
2004-06-10,-62.376636144234496,-27.07548407841746,-35.30115206581711
2004-06-14,-62.91517725459034,-27.07548407841746,-35.83969317617295
2004-06-15,-62.81988142338792,-27.07548407841746,-35.74439734497053
2004-06-16,-62.82988142338792,-27.07548407841746,-35.75439734497053
2004-06-17,-62.85744699180942,-27.07548407841746,-35.78196291339203
2004-06-18,-62.550125773551,-27.07548407841746,-35.47464169513361
2004-06-21,-63.04481767564789,-27.57017598051435,-35.47464169513361
2004-06-22,-62.49069153714403,-27.57017598051435,-34.92051555662975
2004-06-23,-61.50226023849391,-27.57017598051435,-33.93208425797963
2004-06-24,-61.66076270842417,-27.72867845044461,-33.93208425797963
2004-06-25,-62.17022251930608,-27.72867845044461,-34.44154406886154
2004-06-28,-63.118949178363124,-28.677405109501652,-34.44154406886154
2004-06-29,-62.786016861731895,-28.344472792870427,-34.44154406886154
2004-06-30,-62.393567423053284,-27.952023354191812,-34.44154406886154
2004-07-01,-63.55679781433136,-29.115253745469886,-34.44154406886154
2004-07-02,-63.814547372622094,-29.373003303760616,-34.44154406886154
2004-07-06,-64.25262557236337,-29.811081503501896,-34.44154406886154
2004-07-07,-63.89659948470042,-29.45505541583894,-34.44154406886154
2004-07-08,-64.23806237916092,-29.45505541583894,-34.78300696332205
2004-07-09,-64.2391099190739,-29.45505541583894,-34.784054503235026
2004-07-12,-64.01623731803582,-29.45505541583894,-34.56118190219694
2004-07-13,-64.07985923273654,-29.45505541583894,-34.62480381689766
2004-07-14,-63.85644992642731,-29.45505541583894,-34.40139451058843
2004-07-15,-64.7112422321285,-30.30984772154013,-34.40139451058843
2004-07-16,-65.4950454589312,-31.093650948342827,-34.40139451058843
2004-07-19,-65.96660756272064,-31.093650948342827,-34.87295661437787
2004-07-20,-64.97736387050008,-30.10440725612227,-34.87295661437787
2004-07-21,-67.0109178754308,-32.13796126105299,-34.87295661437787
2004-07-22,-66.54655405202482,-31.673597437647,-34.87295661437787
2004-07-23,-67.16045711949157,-31.673597437647,-35.48685968184462
2004-07-26,-67.57424076113445,-31.673597437647,-35.90064332348749
2004-07-27,-66.92616911262198,-31.673597437647,-35.252571674975016
2004-07-28,-66.43537551553021,-31.673597437647,-34.76177807788325
2004-07-29,-66.4182408048449,-31.656462726961685,-34.76177807788325
2004-07-30,-65.95799518120413,-31.656462726961685,-34.301532454242476
2004-08-02,-65.17254920366288,-30.871016749420438,-34.301532454242476
2004-08-03,-65.83372381419295,-30.871016749420438,-34.96270706477255
2004-08-04,-65.56202290206456,-30.871016749420438,-34.69100615264416
2004-08-05,-67.30053945578729,-30.871016749420438,-36.42952270636689
2004-08-06,-68.03788208307523,-31.608359376708382,-36.42952270636689
2004-08-09,-68.0665687884656,-31.637046082098756,-36.42952270636689
2004-08-10,-67.08439622769056,-31.637046082098756,-35.44735014559184
2004-08-11,-66.64961848545093,-31.637046082098756,-35.0125724033522
2004-08-12,-67.3118121102846,-31.637046082098756,-35.67476602818588
2004-08-13,-67.23781008294492,-31.637046082098756,-35.6007640008462
2004-08-16,-66.170930339981,-31.637046082098756,-34.533884257882285
2004-08-17,-66.03390866559114,-31.500024407708903,-34.533884257882285
2004-08-18,-64.6620498725318,-31.500024407708903,-33.16202546482294
2004-08-19,-64.76315636175116,-31.500024407708903,-33.2631319540423
2004-08-20,-63.982564092751154,-30.719432138708903,-33.2631319540423
2004-08-23,-64.30967068102817,-31.046538726985908,-33.2631319540423
2004-08-24,-64.58212697751142,-31.046538726985908,-33.53558825052556
2004-08-25,-63.89664782321913,-31.046538726985908,-32.85010909623327
2004-08-26,-63.780556307649924,-30.930447211416695,-32.85010909623327
2004-08-27,-63.565988499954244,-30.930447211416695,-32.63554128853759
2004-08-30,-64.19831514557572,-30.930447211416695,-33.26786793415907
2004-08-31,-63.802491492992736,-30.930447211416695,-32.87204428157609
2004-09-01,-63.47956028865643,-30.607516007080388,-32.87204428157609
2004-09-02,-62.292151674817426,-30.607516007080388,-31.68463566773708
2004-09-03,-62.489274990893115,-30.804639323156078,-31.68463566773708
2004-09-07,-62.21533541001569,-30.804639323156078,-31.410696086859655
2004-09-08,-62.26086020143214,-30.804639323156078,-31.4562208782761
2004-09-09,-62.350839176297754,-30.804639323156078,-31.54619985314171
2004-09-10,-61.88207158972821,-30.33587173658654,-31.54619985314171
2004-09-13,-61.786221048211736,-30.240021195070064,-31.54619985314171
2004-09-14,-61.47898373624388,-30.240021195070064,-31.238962541173862
2004-09-15,-61.931266621304744,-30.240021195070064,-31.69124542623472
2004-09-16,-61.68461714349382,-30.240021195070064,-31.44459594842379
2004-09-17,-61.51770017652903,-30.240021195070064,-31.277678981459005
2004-09-20,-61.70536474203619,-30.42768576057722,-31.277678981459005
2004-09-21,-61.529286016309875,-30.42768576057722,-31.10160025573269
2004-09-22,-62.38731335712753,-31.285713101394876,-31.10160025573269
2004-09-23,-62.981454797283675,-31.87985454155102,-31.10160025573269
2004-09-24,-62.73093188201616,-31.87985454155102,-30.851077340465178
2004-09-27,-63.05645928062172,-31.87985454155102,-31.176604739070747
2004-09-28,-62.73341507960821,-31.87985454155102,-30.853560538057234
2004-09-29,-62.17852026530964,-31.87985454155102,-30.298665723758667
2004-09-30,-62.000441682624256,-31.87985454155102,-30.120587141073283
2004-10-01,-60.77984816449313,-30.659261023419894,-30.120587141073283
2004-10-04,-61.01798035271087,-30.897393211637635,-30.120587141073283
2004-10-05,-60.98406987845293,-30.86348273737969,-30.120587141073283
2004-10-06,-60.19738921535615,-30.07680207428291,-30.120587141073283
2004-10-07,-61.02379223016828,-30.903205089095046,-30.120587141073283
2004-10-08,-61.60101822966733,-30.903205089095046,-30.697813140572332
2004-10-11,-61.442688230756545,-30.74487509018426,-30.697813140572332
2004-10-12,-61.15900062827896,-30.461187487706674,-30.697813140572332
2004-10-13,-62.46945458256596,-31.771641441993673,-30.697813140572332
2004-10-14,-63.41505057323646,-31.771641441993673,-31.643409131242837
2004-10-15,-63.20910169096899,-31.771641441993673,-31.437460248975366
2004-10-18,-62.50920886240436,-31.071748613429037,-31.437460248975366
2004-10-19,-63.66843933341429,-31.071748613429037,-32.596690719985304
2004-10-20,-63.551685678130625,-31.071748613429037,-32.47993706470164
2004-10-21,-63.15633724155496,-31.071748613429037,-32.08458862812597
2004-10-22,-64.25144109407914,-31.071748613429037,-33.179692480650154
2004-10-25,-64.16126294258764,-31.071748613429037,-33.08951432915865
2004-10-26,-62.899081149380464,-31.071748613429037,-31.827332535951474
2004-10-27,-61.571328178308136,-31.071748613429037,-30.499579564879145
2004-10-28,-61.191944994815685,-30.692365429936586,-30.499579564879145
2004-10-29,-61.13125375665797,-30.692365429936586,-30.43888832672143
2004-11-01,-61.18528900855241,-30.692365429936586,-30.49292357861587
2004-11-02,-61.300909224816856,-30.692365429936586,-30.608543794880315
2004-11-03,-61.3543816153097,-30.74583782042943,-30.608543794880315
2004-11-04,-59.8340666532284,-30.74583782042943,-29.088228832799018
2004-11-05,-59.64776588115713,-30.55953704835816,-29.088228832799018
2004-11-08,-59.54669982572701,-30.458470992928042,-29.088228832799018
2004-11-09,-59.727673177701966,-30.639444344902998,-29.088228832799018
2004-11-10,-59.814583268541796,-30.726354435742827,-29.088228832799018
2004-11-11,-59.24595648180116,-30.726354435742827,-28.51960204605838
2004-11-12,-58.56326940107791,-30.726354435742827,-27.83691496533513
2004-11-15,-58.37936186345882,-30.542446898123732,-27.83691496533513
2004-11-16,-58.79573167536555,-30.542446898123732,-28.253284777241866
2004-11-17,-58.628479820208504,-30.37519504296668,-28.253284777241866
2004-11-18,-58.46146701431042,-30.37519504296668,-28.086271971343784
2004-11-19,-59.55567110069096,-30.37519504296668,-29.18047605772432
2004-11-22,-58.87674200312988,-30.37519504296668,-28.50154696016324
2004-11-23,-58.69189815050231,-30.37519504296668,-28.31670310753567
2004-11-24,-58.55825755379924,-30.37519504296668,-28.1830625108326
2004-11-26,-58.70336156970322,-30.520299058870663,-28.1830625108326
2004-11-29,-59.54177151708119,-31.35870900624863,-28.1830625108326
2004-11-30,-59.645035850973784,-31.35870900624863,-28.286326844725195
2004-12-01,-58.75355987525138,-31.35870900624863,-27.394850869002795
2004-12-02,-58.570628257599594,-31.35870900624863,-27.21191925135101
2004-12-03,-58.630928023254135,-31.419008771903176,-27.21191925135101
2004-12-06,-58.64092802325413,-31.419008771903176,-27.22191925135101
2004-12-07,-59.82102379332134,-31.419008771903176,-28.402015021418215
2004-12-08,-59.34156979420199,-30.93955477278383,-28.402015021418215
2004-12-09,-58.44994186048119,-30.93955477278383,-27.510387087697413
2004-12-10,-58.11576216113168,-30.93955477278383,-27.1762073883479
2004-12-13,-57.617702435081334,-30.93955477278383,-26.678147662297558
2004-12-14,-57.12141375992347,-30.443266097625962,-26.678147662297558
2004-12-15,-56.982394517596916,-30.304246855299404,-26.678147662297558
2004-12-16,-56.917872642458875,-30.239724980161363,-26.678147662297558
2004-12-17,-56.94461323934912,-30.266465577051605,-26.678147662297558
2004-12-20,-57.188706463772945,-30.266465577051605,-26.922240886721383
2004-12-21,-56.54034255189271,-29.618101665171363,-26.922240886721383
2004-12-22,-56.301439200295654,-29.618101665171363,-26.68333753512433
2004-12-23,-56.39421201065653,-29.618101665171363,-26.776110345485208
2004-12-27,-56.9668482153906,-29.618101665171363,-27.34874655021927
2004-12-28,-56.530233531906106,-29.181486981686874,-27.34874655021927
2004-12-29,-56.30924945257223,-29.181486981686874,-27.127762470885397
2004-12-30,-56.54190593660923,-29.181486981686874,-27.360418954922398
2004-12-31,-56.90702898800543,-29.181486981686874,-27.725542006318598
2005-01-03,-57.95895894961576,-29.181486981686874,-28.777471967928932
2005-01-04,-59.33134138005104,-29.181486981686874,-30.149854398364212
2005-01-05,-59.95802399124442,-29.181486981686874,-30.776537009557586
2005-01-06,-59.82459585718023,-29.181486981686874,-30.643108875493397
2005-01-07,-60.281080547442144,-29.63797167194879,-30.643108875493397
2005-01-10,-59.73491186657799,-29.63797167194879,-30.096940194629237
2005-01-11,-60.13339228510634,-29.63797167194879,-30.49542061315759
2005-01-12,-59.99991572922829,-29.63797167194879,-30.36194405727954
2005-01-14,-59.78130833606169,-29.63797167194879,-30.14333666411294
2005-01-18,-58.595606869675244,-28.452270205562343,-30.14333666411294
2005-01-19,-59.62391912104432,-28.452270205562343,-31.17164891548201
2005-01-20,-59.965283875296855,-28.793634959814877,-31.17164891548201
2005-01-21,-60.836441209382436,-29.664792293900458,-31.17164891548201
2005-01-24,-61.308685901256155,-30.137036985774174,-31.17164891548201
2005-01-25,-61.34435544121823,-30.172706525736245,-31.17164891548201
2005-01-26,-61.431095020102234,-30.172706525736245,-31.258388494366017
2005-01-27,-61.236510632864324,-29.978122138498335,-31.258388494366017
2005-01-28,-61.297589775011346,-30.039201280645358,-31.258388494366017
2005-01-31,-61.12970085145547,-29.87131235708948,-31.258388494366017
2005-02-01,-60.58311006397895,-29.324721569612958,-31.258388494366017
2005-02-02,-60.41688454144421,-29.15849604707822,-31.258388494366017
2005-02-03,-60.51090981782005,-29.15849604707822,-31.352413770741858
2005-02-04,-59.49259883819811,-29.15849604707822,-30.334102791119925
2005-02-07,-59.65239938668741,-29.15849604707822,-30.493903339609215
2005-02-08,-59.629117985278285,-29.15849604707822,-30.470621938200093
2005-02-09,-60.565166925851884,-29.15849604707822,-31.406670878773692
2005-02-10,-60.50833801680637,-29.15849604707822,-31.349841969728175
2005-02-11,-59.62840847457429,-28.278566504846143,-31.349841969728175
2005-02-14,-59.64669627846241,-28.278566504846143,-31.368129773616285
2005-02-15,-59.383894719418734,-28.278566504846143,-31.105328214572616
2005-02-16,-59.16262445857575,-28.278566504846143,-30.884057953729627
2005-02-17,-60.00092371271182,-28.278566504846143,-31.722357207865695
2005-02-18,-59.88624969283004,-28.163892484964364,-31.722357207865695
2005-02-22,-60.986409799016485,-28.163892484964364,-32.822517314052135
2005-02-23,-60.56013370719243,-27.73761639314031,-32.822517314052135
2005-02-24,-59.7349860288079,-27.73761639314031,-31.99736963566761
2005-02-25,-58.78510801200481,-26.78773837633722,-31.99736963566761
2005-02-28,-59.22525531688949,-26.78773837633722,-32.437516940552285
2005-03-01,-58.89647899045092,-26.78773837633722,-32.10874061411372
2005-03-02,-58.56754093010532,-26.78773837633722,-31.779802553768114
2005-03-03,-58.939862170150526,-26.78773837633722,-32.152123793813324
2005-03-04,-58.394259558303375,-26.24213576449007,-32.152123793813324
2005-03-07,-58.29833390081831,-26.24213576449007,-32.056198136328256
2005-03-08,-58.585882109919055,-26.24213576449007,-32.343746345429004
2005-03-09,-59.41913528998475,-27.07538894455577,-32.343746345429004
2005-03-10,-59.39613667857878,-27.052390333149795,-32.343746345429004
2005-03-11,-60.167413156611644,-27.052390333149795,-33.11502282346187
2005-03-14,-59.73894397074037,-26.623921147278523,-33.11502282346187
2005-03-15,-60.808730998767366,-27.693708175305517,-33.11502282346187
2005-03-16,-61.304448562352455,-28.18942573889061,-33.11502282346187
2005-03-17,-61.27254714795346,-28.18942573889061,-33.083121409062876
2005-03-18,-61.762244841355795,-28.679123432292947,-33.083121409062876
2005-03-21,-62.287427448361015,-28.679123432292947,-33.6083040160681
2005-03-22,-63.54707281218956,-29.938768796121494,-33.6083040160681
2005-03-23,-63.51432602597756,-29.938768796121494,-33.575557229856095
2005-03-24,-63.797130710858255,-29.938768796121494,-33.85836191473679
2005-03-28,-63.900855944451045,-29.938768796121494,-33.96208714832958
2005-03-29,-64.43296147859702,-29.938768796121494,-34.49419268247556
2005-03-30,-63.251253868852146,-29.938768796121494,-33.31248507273068
2005-03-31,-63.45604821835551,-29.938768796121494,-33.51727942223405
2005-04-01,-64.482745072828,-29.938768796121494,-34.54397627670652
2005-04-04,-64.26295081406673,-29.938768796121494,-34.324182017945255
2005-04-05,-63.925445561205514,-29.601263543260284,-34.324182017945255
2005-04-06,-63.80888867548809,-29.484706657542862,-34.324182017945255
2005-04-07,-63.120384513062575,-29.484706657542862,-33.63567785551974
2005-04-08,-64.11702504026115,-29.484706657542862,-34.63231838271832
2005-04-11,-64.2962480097925,-29.66392962707421,-34.63231838271832
2005-04-12,-63.62151853188804,-28.989200149169744,-34.63231838271832
2005-04-13,-64.69995445983788,-30.067636077119587,-34.63231838271832
2005-04-14,-66.10810297685791,-31.47578459413961,-34.63231838271832
2005-04-15,-67.50139211140038,-32.869073728682075,-34.63231838271832
2005-04-18,-67.1789648532499,-32.546646470531584,-34.63231838271832
2005-04-19,-66.91999138397382,-32.28767300125551,-34.63231838271832
2005-04-20,-68.30883703547354,-33.676518652755234,-34.63231838271832
2005-04-21,-67.26163377063047,-33.676518652755234,-33.58511511787523
2005-04-22,-67.41862110481121,-33.676518652755234,-33.742102452055974
2005-04-25,-67.02377864157485,-33.676518652755234,-33.347259988819616
2005-04-26,-67.69133608031663,-33.676518652755234,-34.0148174275614
2005-04-27,-67.01589596818047,-33.676518652755234,-33.339377315425246
2005-04-28,-67.95848626733863,-34.61910895191339,-33.339377315425246
2005-04-29,-67.37928058903218,-34.61910895191339,-32.7601716371188
2005-05-02,-67.10537122353513,-34.34519958641635,-32.7601716371188
2005-05-03,-66.65979061566918,-33.8996189785504,-32.7601716371188
2005-05-04,-65.94375841207477,-33.18358677495599,-32.7601716371188
2005-05-05,-66.13238227356568,-33.372210636446894,-32.7601716371188
2005-05-06,-66.85722148406948,-33.372210636446894,-33.48501084762261
2005-05-09,-66.34813712614287,-32.863126278520284,-33.48501084762261
2005-05-10,-67.0078249466881,-33.52281409906552,-33.48501084762261
2005-05-11,-66.75306196073217,-33.26805111310959,-33.48501084762261
2005-05-12,-67.93768237334076,-33.26805111310959,-34.669631260231206
2005-05-13,-68.44764188417203,-33.778010623940865,-34.669631260231206
2005-05-16,-67.51139301426889,-33.778010623940865,-33.73338239032806
2005-05-17,-66.52134353146059,-32.78796114113256,-33.73338239032806
2005-05-18,-65.94032139080669,-32.20693900047866,-33.73338239032806
2005-05-19,-65.72372209513286,-31.990339704804832,-33.73338239032806
2005-05-20,-65.91823409258872,-31.990339704804832,-33.92789438778393
2005-05-23,-65.45122603307367,-31.523331645289783,-33.92789438778393
2005-05-24,-65.41100626305469,-31.523331645289783,-33.88767461776495
2005-05-25,-65.37074224168197,-31.523331645289783,-33.84741059639224
2005-05-26,-65.16392917148438,-31.523331645289783,-33.64059752619465
2005-05-27,-65.01579802177855,-31.375200495583957,-33.64059752619465
2005-05-31,-65.52671613475097,-31.886118608556377,-33.64059752619465
2005-06-01,-64.72011017145128,-31.886118608556377,-32.83399156289496
2005-06-02,-64.2902582093739,-31.886118608556377,-32.40413960081759
2005-06-03,-64.63262371539447,-31.886118608556377,-32.746505106838164
2005-06-06,-64.56761727987137,-31.82111217303327,-32.746505106838164
2005-06-07,-64.79381738059939,-31.82111217303327,-32.97270520756619
2005-06-08,-65.23653556806087,-32.26383036049475,-32.97270520756619
2005-06-09,-64.63042714226619,-31.657721934700056,-32.97270520756619
2005-06-10,-64.93948087782454,-31.657721934700056,-33.281758943124544
2005-06-13,-64.41729986271864,-31.135540919594153,-33.281758943124544
2005-06-14,-64.08748463682791,-30.80572569370343,-33.281758943124544
2005-06-15,-64.1552822229312,-30.80572569370343,-33.34955652922783
2005-06-16,-63.884820133152516,-30.80572569370343,-33.07909443944914
2005-06-17,-64.04302955019175,-30.963935110742657,-33.07909443944914
2005-06-20,-63.78909035837033,-30.70999591892124,-33.07909443944914
2005-06-21,-63.823783760270636,-30.74468932082155,-33.07909443944914
2005-06-22,-63.92422620043489,-30.8451317609858,-33.07909443944914
2005-06-23,-65.14495421870247,-32.06585977925338,-33.07909443944914
2005-06-24,-65.9085321750365,-32.82943773558741,-33.07909443944914
2005-06-27,-65.76734761482753,-32.82943773558741,-32.93790987924017
2005-06-28,-65.15117150040714,-32.82943773558741,-32.32173376481979
2005-06-29,-65.61079832386818,-32.82943773558741,-32.781360588280826
2005-06-30,-66.48964331241463,-32.82943773558741,-33.66020557682727
2005-07-01,-66.43269056701881,-32.82943773558741,-33.60325283143145
2005-07-05,-65.40822912329789,-32.82943773558741,-32.578791387710524
2005-07-06,-66.17697376660222,-32.82943773558741,-33.347536031014855
2005-07-07,-64.79340181195654,-32.82943773558741,-31.963964076369184
2005-07-08,-63.6844059516553,-32.82943773558741,-30.854968216067945
2005-07-11,-63.19290401708162,-32.33793580101373,-30.854968216067945
2005-07-12,-62.98181547465132,-32.12684725858343,-30.854968216067945
2005-07-13,-62.86104008690446,-32.12684725858343,-30.73419282832108
2005-07-14,-62.92797586690123,-32.12684725858343,-30.801128608317853
2005-07-15,-62.89726795368808,-32.12684725858343,-30.770420695104704
2005-07-18,-63.02979321044072,-32.12684725858343,-30.902945951857347
2005-07-19,-62.787485613944526,-31.88453966208724,-30.902945951857347
2005-07-20,-62.1065052540539,-31.203559302196613,-30.902945951857347
2005-07-21,-62.79056621097417,-31.887620259116883,-30.902945951857347
2005-07-22,-62.264891147883205,-31.361945196025914,-30.902945951857347
2005-07-25,-62.45331878261559,-31.361945196025914,-31.091373586589732
2005-07-26,-62.3741003145219,-31.282726727932225,-31.091373586589732
2005-07-27,-62.149557027372175,-31.058183440782503,-31.091373586589732
2005-07-28,-61.66866913594342,-31.058183440782503,-30.61048569516097
2005-07-29,-62.218671088266625,-31.058183440782503,-31.160487647484178
2005-08-01,-62.37413765887841,-31.213650011394286,-31.160487647484178
2005-08-02,-61.96522410128776,-30.804736453803635,-31.160487647484178
2005-08-03,-61.59766714525457,-30.437179497770448,-31.160487647484178
2005-08-04,-62.019042701652616,-30.858555054168498,-31.160487647484178
2005-08-05,-62.491837103949635,-31.331349456465517,-31.160487647484178
2005-08-08,-62.90867248510338,-31.331349456465517,-31.577323028637924
2005-08-09,-62.65086803603055,-31.331349456465517,-31.319518579565095
2005-08-10,-63.05738715620317,-31.331349456465517,-31.726037699737713
2005-08-11,-62.622202026668155,-30.8961643269305,-31.726037699737713
2005-08-12,-63.04577934399312,-31.31974164425546,-31.726037699737713
2005-08-15,-62.57002833066389,-31.31974164425546,-31.250286686408483
2005-08-16,-63.58146421811429,-31.31974164425546,-32.26172257385889
2005-08-17,-63.583285072595665,-31.32156249873683,-32.26172257385889
2005-08-18,-63.47864422602458,-31.32156249873683,-32.1570817272878
2005-08-19,-63.61919996363104,-31.32156249873683,-32.297637464894265
2005-08-22,-63.71897806309656,-31.42134059820235,-32.297637464894265
2005-08-23,-63.94145026732444,-31.643812802430233,-32.297637464894265
2005-08-24,-64.60141833167968,-32.30378086678548,-32.297637464894265
2005-08-25,-64.41384037253907,-32.11620290764487,-32.297637464894265
2005-08-26,-65.01829490080476,-32.11620290764487,-32.90209199315996
2005-08-29,-63.970871791462606,-32.11620290764487,-31.8546688838178
2005-08-30,-64.14595391374301,-32.11620290764487,-32.02975100609821
2005-08-31,-63.01552282678885,-32.11620290764487,-30.899319919144048
2005-09-01,-63.05001062738422,-32.150690708240234,-30.899319919144048
2005-09-02,-63.533250611935294,-32.63393069279131,-30.899319919144048
2005-09-06,-62.69895814451605,-31.799638225372064,-30.899319919144048
2005-09-07,-62.48272680648585,-31.583406887341866,-30.899319919144048
2005-09-08,-62.62220057415895,-31.722880655014972,-30.899319919144048
2005-09-09,-62.012308364830545,-31.722880655014972,-30.28942770981564
2005-09-12,-62.10269299613729,-31.81326528632172,-30.28942770981564
2005-09-13,-62.49204176178085,-32.20261405196527,-30.28942770981564
2005-09-14,-62.931278125083594,-32.20261405196527,-30.728664073118388
2005-09-15,-63.29792502644095,-32.20261405196527,-31.095310974475748
2005-09-16,-63.14585291173477,-32.20261405196527,-30.943238859769565
2005-09-19,-63.464098521291106,-32.520859661521605,-30.943238859769565
2005-09-20,-64.41191896984391,-32.520859661521605,-31.89105930832237
2005-09-21,-65.14709498406705,-33.25603567574474,-31.89105930832237
2005-09-22,-64.83516693315518,-32.94410762483287,-31.89105930832237
2005-09-23,-64.68033701501793,-32.94410762483287,-31.73622939018512
2005-09-26,-65.05158109814774,-32.94410762483287,-32.10747347331493
2005-09-27,-65.03689157753105,-32.92941810421618,-32.10747347331493
2005-09-28,-65.26035811003554,-33.15288463672067,-32.10747347331493
2005-09-29,-64.36129769158912,-33.15288463672067,-31.208413054868508
2005-09-30,-64.02936284513429,-33.15288463672067,-30.87647820841368
2005-10-03,-64.33257091798338,-33.15288463672067,-31.17968628126276
2005-10-04,-65.62942092150116,-33.15288463672067,-32.47653628478054
2005-10-05,-66.98451158087653,-34.507975296096035,-32.47653628478054
2005-10-06,-67.47991034246176,-34.507975296096035,-32.971935046365786
2005-10-07,-67.56512353292715,-34.507975296096035,-33.05714823683116
2005-10-10,-68.48162784075029,-34.507975296096035,-33.97365254465431
2005-10-11,-68.96336451112907,-34.507975296096035,-34.455389215033094
2005-10-12,-69.727956579519,-34.507975296096035,-35.219981283423024
2005-10-13,-69.76349941194094,-34.507975296096035,-35.25552411584496
2005-10-14,-69.30895580003585,-34.507975296096035,-34.80098050393987
2005-10-17,-69.05835496000222,-34.507975296096035,-34.55037966390624
2005-10-18,-70.01447009014832,-34.507975296096035,-35.506494794052344
2005-10-19,-68.10263178405906,-32.59613699000677,-35.506494794052344
2005-10-20,-69.64749049094442,-32.59613699000677,-37.05135350093771
2005-10-21,-69.79284594968505,-32.59613699000677,-37.19670895967833
2005-10-24,-68.52766370943922,-32.59613699000677,-35.93152671943252
2005-10-25,-68.53766370943923,-32.59613699000677,-35.94152671943252
2005-10-26,-68.66487687321641,-32.59613699000677,-36.0687398832097
2005-10-27,-69.60197874783294,-32.59613699000677,-37.00584175782623
2005-10-28,-68.46181476334584,-32.59613699000677,-35.86567777333914
2005-10-31,-68.60491823805724,-32.59613699000677,-36.00878124805053
2005-11-01,-68.6895886421565,-32.68080739410602,-36.00878124805053
2005-11-02,-67.3933516144871,-31.38457036643662,-36.00878124805053
2005-11-03,-67.30516396394553,-31.296382715895046,-36.00878124805053
2005-11-04,-67.55237393407064,-31.54359268602016,-36.00878124805053
2005-11-07,-67.67684605299362,-31.668064804943135,-36.00878124805053
2005-11-08,-67.44110293517429,-31.432321687123792,-36.00878124805053
2005-11-09,-67.1974949479392,-31.432321687123792,-35.76517326081546
2005-11-10,-66.39342334877702,-31.432321687123792,-34.96110166165327
2005-11-11,-66.07158405669323,-31.432321687123792,-34.63926236956947
2005-11-14,-66.1623974381438,-31.523135068574362,-34.63926236956947
2005-11-15,-66.42362751220841,-31.523135068574362,-34.90049244363409
2005-11-16,-66.33641036375049,-31.523135068574362,-34.813275295176176
2005-11-17,-65.57321137185568,-30.759936076679544,-34.813275295176176
2005-11-18,-65.52725414086942,-30.71397884569329,-34.813275295176176
2005-11-21,-65.05102258114161,-30.71397884569329,-34.33704373544836
2005-11-22,-64.47338848218136,-30.71397884569329,-33.759409636488115
2005-11-23,-63.86746835514792,-30.108058718659848,-33.759409636488115
2005-11-25,-63.759414037297844,-30.00000440080977,-33.759409636488115
2005-11-28,-64.57421294450548,-30.00000440080977,-34.57420854369574
2005-11-29,-65.02736092992166,-30.00000440080977,-35.02735652911192
2005-11-30,-65.63361819444455,-30.00000440080977,-35.633613793634815
2005-12-01,-65.11336029355812,-29.479746499923337,-35.633613793634815
2005-12-02,-65.06027233894226,-29.479746499923337,-35.58052583901895
2005-12-05,-65.16502528172776,-29.479746499923337,-35.685278781804456
2005-12-06,-65.35622307380667,-29.479746499923337,-35.876476573883366
2005-12-07,-65.9119984575669,-30.035521883683558,-35.876476573883366
2005-12-08,-66.09645034515182,-30.219973771268485,-35.876476573883366
2005-12-09,-65.97179297976355,-30.219973771268485,-35.7518192084951
2005-12-12,-66.18719844012098,-30.435379231625912,-35.7518192084951
2005-12-13,-65.49566290647698,-29.74384369798191,-35.7518192084951
2005-12-14,-65.0193912681335,-29.26757205963843,-35.7518192084951
2005-12-15,-65.34276812941698,-29.5909489209219,-35.7518192084951
2005-12-16,-66.07820749688666,-29.5909489209219,-36.48725857596477
2005-12-19,-66.89632809078145,-29.5909489209219,-37.305379169859556
2005-12-20,-66.93016597003604,-29.62478680017649,-37.305379169859556
2005-12-21,-67.09081213641012,-29.785432966550566,-37.305379169859556
2005-12-22,-66.80041279366279,-29.495033623803234,-37.305379169859556
2005-12-23,-66.82618674888536,-29.495033623803234,-37.33115312508213
2005-12-27,-68.01672405952071,-29.495033623803234,-38.521690435717474
2005-12-28,-68.0187697581006,-29.495033623803234,-38.52373613429737
2005-12-29,-68.45123164468919,-29.495033623803234,-38.95619802088596
2005-12-30,-68.6938745713986,-29.737676550512646,-38.95619802088596
2006-01-03,-67.50492852465574,-29.737676550512646,-37.7672519741431
2006-01-04,-67.16868767272094,-29.737676550512646,-37.431011122208304
2006-01-05,-66.99796572148527,-29.737676550512646,-37.26028917097264
2006-01-06,-66.6804304072637,-29.737676550512646,-36.94275385675107
2006-01-09,-66.4182531715509,-29.47549931479985,-36.94275385675107
2006-01-10,-66.03181709702542,-29.089063240274378,-36.94275385675107
2006-01-11,-65.81730317615661,-29.089063240274378,-36.728239935882264
2006-01-12,-66.04445757667274,-29.31621764079051,-36.728239935882264
2006-01-13,-65.96894903769198,-29.31621764079051,-36.652731396901515
2006-01-17,-65.87759255341273,-29.224861156511253,-36.652731396901515
2006-01-18,-65.6996536865552,-29.224861156511253,-36.47479253004398
2006-01-19,-65.56927566157825,-29.094483131534307,-36.47479253004398
2006-01-20,-67.39643288701707,-29.094483131534307,-38.301949755482795
2006-01-23,-67.24018253264576,-29.094483131534307,-38.14569940111149
2006-01-24,-67.31337409929844,-29.167674698186993,-38.14569940111149
2006-01-25,-67.62293856972215,-29.477239168610698,-38.14569940111149
2006-01-26,-67.54653142394474,-29.400832022833296,-38.14569940111149
2006-01-27,-66.8695735042382,-28.72387410312676,-38.14569940111149
2006-01-30,-66.87957350423821,-28.733874103126762,-38.14569940111149
2006-01-31,-67.53065716398686,-28.733874103126762,-38.79678306086015
2006-02-01,-67.09570916253557,-28.733874103126762,-38.36183505940887
2006-02-02,-68.04689614299308,-29.685061083584262,-38.36183505940887
2006-02-03,-68.30210503774552,-29.685061083584262,-38.61704395416132
2006-02-06,-68.18564593763648,-29.685061083584262,-38.500584854052285
2006-02-07,-68.91032689137316,-30.409742037320942,-38.500584854052285
2006-02-08,-68.3103481562958,-29.80976330224359,-38.500584854052285
2006-02-09,-68.72298123735533,-30.222396383303117,-38.500584854052285
2006-02-10,-68.5670199357975,-30.222396383303117,-38.344623552494454
2006-02-13,-68.72720755377367,-30.382584001279277,-38.344623552494454
2006-02-14,-67.72228918447304,-30.382584001279277,-37.33970518319382
2006-02-15,-67.32585072544839,-29.98614554225463,-37.33970518319382
2006-02-16,-66.6989496799066,-29.35924449671284,-37.33970518319382
2006-02-17,-66.89510151571098,-29.35924449671284,-37.535857018998186
2006-02-21,-67.38646510240395,-29.35924449671284,-38.027220605691156
2006-02-22,-67.00892781422077,-29.35924449671284,-37.649683317507986
2006-02-23,-67.16601701195538,-29.35924449671284,-37.806772515242585
2006-02-24,-66.94392419014751,-29.137151674904974,-37.806772515242585
2006-02-27,-66.90755718225405,-29.100784667011514,-37.806772515242585
2006-02-28,-67.67116463983328,-29.86439212459074,-37.806772515242585
2006-03-01,-67.08420274762867,-29.277430232386127,-37.806772515242585
2006-03-02,-66.73796700835547,-29.277430232386127,-37.460536775969395
2006-03-03,-66.6780479281259,-29.217511152156558,-37.460536775969395
2006-03-06,-67.44200682977102,-29.217511152156558,-38.2244956776145
2006-03-07,-67.36601174214003,-29.14151606452558,-38.2244956776145
2006-03-08,-66.95403054257,-28.729534864955543,-38.2244956776145
2006-03-09,-67.66809473536212,-28.729534864955543,-38.93855987040663
2006-03-10,-66.99139888896048,-28.729534864955543,-38.26186402400499
2006-03-13,-67.00915649125176,-28.729534864955543,-38.27962162629627
2006-03-14,-65.88353768545527,-28.729534864955543,-37.154002820499784
2006-03-15,-65.42594215526216,-28.27193933476244,-37.154002820499784
2006-03-16,-65.42067404885678,-28.266671228357055,-37.154002820499784
2006-03-17,-65.47659640817635,-28.32259358767663,-37.154002820499784
2006-03-20,-65.66280463216444,-28.508801811664714,-37.154002820499784
2006-03-21,-66.27289783547079,-29.11889501497107,-37.154002820499784
2006-03-22,-65.61337332282051,-28.459370502320795,-37.154002820499784
2006-03-23,-65.73858929692659,-28.58458647642687,-37.154002820499784
2006-03-24,-65.57948763450759,-28.58458647642687,-36.99490115808078
2006-03-27,-65.5971742384096,-28.602273080328874,-36.99490115808078
2006-03-28,-66.1551142331518,-28.602273080328874,-37.552841152823
2006-03-29,-65.68716457882294,-28.13432342600001,-37.552841152823
2006-03-30,-65.9357069213436,-28.382865768520666,-37.552841152823
2006-03-31,-66.09194703741457,-28.539105884591645,-37.552841152823
2006-04-03,-66.36369591101811,-28.539105884591645,-37.824590026426534
2006-04-04,-65.73594212433169,-28.539105884591645,-37.196836239740115
2006-04-05,-65.4401595269602,-28.539105884591645,-36.90105364236862
2006-04-06,-65.43488441339035,-28.539105884591645,-36.895778528798765
2006-04-07,-66.6114397190853,-28.539105884591645,-38.07233383449371
2006-04-10,-66.6214397190853,-28.549105884591647,-38.07233383449371
2006-04-11,-67.56765816179575,-29.495324327302093,-38.07233383449371
2006-04-12,-67.49227053274369,-29.495324327302093,-37.996946205441645
2006-04-13,-67.40898613067927,-29.495324327302093,-37.913661803377224
2006-04-17,-67.55102868768599,-29.637366884308815,-37.913661803377224
2006-04-18,-66.19752542110459,-28.283863617727416,-37.913661803377224
2006-04-19,-66.05468095071137,-28.141019147334198,-37.913661803377224
2006-04-20,-65.96548979285075,-28.05182798947358,-37.913661803377224
2006-04-21,-66.38639324152291,-28.05182798947358,-38.33456525204938
2006-04-24,-66.38111113895097,-28.05182798947358,-38.32928314947744
2006-04-25,-66.90371560378286,-28.57443245430547,-38.32928314947744
2006-04-26,-66.99037801141266,-28.66109486193527,-38.32928314947744
2006-04-27,-66.13423615041329,-27.804953000935896,-38.32928314947744
2006-04-28,-65.62565956784634,-27.296376418368947,-38.32928314947744
2006-05-01,-66.4528690985558,-28.123585949078407,-38.32928314947744
2006-05-02,-66.18083805918916,-28.123585949078407,-38.057252110110795
2006-05-03,-66.3892769225799,-28.123585949078407,-38.265690973501535
2006-05-04,-66.18589566748771,-27.920204693986218,-38.265690973501535
2006-05-05,-65.8406008856825,-27.920204693986218,-37.92039619169633
2006-05-08,-65.9638594013945,-27.920204693986218,-38.04365470740832
2006-05-09,-65.82294105603651,-27.920204693986218,-37.902736362050334
2006-05-10,-65.7272651810897,-27.920204693986218,-37.80706048710352
2006-05-11,-66.92151769837632,-27.920204693986218,-39.00131300439013
2006-05-12,-67.79438521752829,-27.920204693986218,-39.8741805235421
2006-05-15,-67.25460898099224,-27.920204693986218,-39.334404287006066
2006-05-16,-67.6120034416261,-27.920204693986218,-39.69179874763992
2006-05-17,-69.04657333662445,-29.354774588984565,-39.69179874763992
2006-05-18,-69.95577437933973,-30.263975631699847,-39.69179874763992
2006-05-19,-69.78465394046275,-30.263975631699847,-39.520678308762946
2006-05-22,-69.91350941044813,-30.392831101685225,-39.520678308762946
2006-05-23,-71.51657036319115,-31.995892054428246,-39.520678308762946
2006-05-24,-71.13745105804239,-31.616772749279487,-39.520678308762946
2006-05-25,-70.5112775532411,-31.616772749279487,-38.89450480396167
2006-05-26,-70.23264645707464,-31.616772749279487,-38.6158737077952
2006-05-30,-71.71471046889025,-33.09883676109509,-38.6158737077952
2006-05-31,-71.02427918475315,-32.408405476958,-38.6158737077952
2006-06-01,-69.98003607464133,-31.364162366846177,-38.6158737077952
2006-06-02,-70.18364697732798,-31.364162366846177,-38.819484610481844
2006-06-05,-71.54539104061325,-31.364162366846177,-40.18122867376712
2006-06-06,-71.8703283382942,-31.364162366846177,-40.50616597144807
2006-06-07,-72.71113031127348,-31.364162366846177,-41.346967944427355
2006-06-08,-72.58585143996324,-31.364162366846177,-41.221689073117105
2006-06-09,-73.39836827324208,-31.364162366846177,-42.03420590639595
2006-06-12,-74.92118331468805,-31.364162366846177,-43.55702094784192
2006-06-13,-75.89752711095939,-32.34050616311751,-43.55702094784192
2006-06-14,-75.37167808021564,-32.34050616311751,-43.03117191709817
2006-06-15,-73.64611582080883,-32.34050616311751,-41.30560965769136
2006-06-16,-74.16823935619418,-32.86262969850286,-41.30560965769136
2006-06-19,-75.56743209808629,-32.86262969850286,-42.70480239958347
2006-06-20,-75.51294664470123,-32.808144245117795,-42.70480239958347
2006-06-21,-74.71172808611007,-32.808144245117795,-41.90358384099231
2006-06-22,-75.11465419331546,-32.808144245117795,-42.3065099481977
2006-06-23,-75.03621859767972,-32.808144245117795,-42.228074352561954
2006-06-26,-74.68554257614552,-32.808144245117795,-41.87739833102775
2006-06-27,-75.57936517694114,-32.808144245117795,-42.771220931823365
2006-06-28,-75.13945877563623,-32.808144245117795,-42.33131453051846
2006-06-29,-73.50962344198146,-32.808144245117795,-40.70147919686369
2006-06-30,-73.72369080464541,-33.02221160778175,-40.70147919686369
2006-07-03,-73.44375388428891,-33.02221160778175,-40.421542276507175
2006-07-05,-73.62673806028775,-33.02221160778175,-40.604526452506015
2006-07-06,-73.44823227579997,-33.02221160778175,-40.42602066801823
2006-07-07,-73.91528730634636,-33.48926663832814,-40.42602066801823
2006-07-10,-73.99621521582561,-33.570194547807404,-40.42602066801823
2006-07-11,-73.3763390775135,-32.950318409495296,-40.42602066801823
2006-07-12,-74.2552216799263,-32.950318409495296,-41.30490327043102
2006-07-13,-75.42778996801701,-32.950318409495296,-42.477471558521735
2006-07-14,-75.93042219821501,-33.4529506396933,-42.477471558521735
2006-07-17,-76.08625412091959,-33.60878256239787,-42.477471558521735
2006-07-18,-75.88630399865256,-33.40883244013084,-42.477471558521735
2006-07-19,-74.68765910200248,-33.40883244013084,-41.27882666187165
2006-07-20,-75.72576211430682,-33.40883244013084,-42.31692967417599
2006-07-21,-76.69924173529304,-33.40883244013084,-43.29040929516222
2006-07-24,-75.29689299849711,-32.0064837033349,-43.29040929516222
2006-07-25,-74.76857608241181,-32.0064837033349,-42.76209237907692
2006-07-26,-74.58916280275385,-31.827070423676936,-42.76209237907692
2006-07-27,-75.1265347823203,-32.364442403243395,-42.76209237907692
2006-07-28,-74.39933245871794,-32.364442403243395,-42.03489005547455
2006-07-31,-74.26061432992377,-32.22572427444923,-42.03489005547455
2006-08-01,-74.36489082837286,-32.33000077289832,-42.03489005547455
2006-08-02,-73.9837458465107,-31.94885579103616,-42.03489005547455
2006-08-03,-73.14919761878977,-31.11430756331523,-42.03489005547455
2006-08-04,-73.84328368751777,-31.11430756331523,-42.72897612420254
2006-08-07,-73.85328368751777,-31.11430756331523,-42.73897612420254
2006-08-08,-74.39556883920905,-31.6565927150065,-42.73897612420254
2006-08-09,-75.34615371490493,-31.6565927150065,-43.68956099989842
2006-08-10,-74.73398127963264,-31.6565927150065,-43.07738856462613
2006-08-11,-74.8698732094886,-31.6565927150065,-43.213280494482085
2006-08-14,-75.28813054612708,-32.07485005164497,-43.213280494482085
2006-08-15,-75.00226854613885,-32.07485005164497,-42.927418494493864
2006-08-16,-74.71886271619762,-31.791444221703742,-42.927418494493864
2006-08-17,-74.38219086391055,-31.454772369416666,-42.927418494493864
2006-08-18,-74.00887240112112,-31.454772369416666,-42.554100031704436
2006-08-21,-74.05727875819694,-31.503178726492486,-42.554100031704436
2006-08-22,-73.96732901805625,-31.503178726492486,-42.46415029156374
2006-08-23,-74.30047940287194,-31.836329111308185,-42.46415029156374
2006-08-24,-74.57238957991984,-31.836329111308185,-42.73606046861164
2006-08-25,-74.45134452671286,-31.836329111308185,-42.61501541540465
2006-08-28,-73.8615281947148,-31.836329111308185,-42.025199083406584
2006-08-29,-73.80258397367777,-31.836329111308185,-41.96625486236957
2006-08-30,-73.97317090533816,-31.836329111308185,-42.13684179402997
2006-08-31,-74.14379406844698,-31.836329111308185,-42.307464957138784
2006-09-01,-73.94051033288697,-31.836329111308185,-42.10418122157878
2006-09-05,-73.82891774509483,-31.836329111308185,-41.99258863378663
2006-09-06,-74.29760375280726,-31.836329111308185,-42.46127464149906
2006-09-07,-74.42299700004648,-31.9617223585474,-42.46127464149906
2006-09-08,-74.2793658838149,-31.9617223585474,-42.317643525267485
2006-09-11,-73.8667248868246,-31.5490813615571,-42.317643525267485
2006-09-12,-73.01494271233771,-31.5490813615571,-41.4658613507806
2006-09-13,-72.58531354242001,-31.5490813615571,-41.036232180862896
2006-09-14,-72.39092344047253,-31.5490813615571,-40.84184207891543
2006-09-15,-72.66579727684504,-31.5490813615571,-41.116715915287934
2006-09-18,-72.4105706497807,-31.5490813615571,-40.861489288223595
2006-09-19,-72.65547968607774,-31.5490813615571,-41.10639832452064
2006-09-20,-72.46907947773555,-31.36268115321491,-41.10639832452064
2006-09-21,-73.03867372773323,-31.93227540321259,-41.10639832452064
2006-09-22,-73.20068177456476,-31.93227540321259,-41.268406371352164
2006-09-25,-72.64295001668204,-31.37454364532987,-41.268406371352164
2006-09-26,-71.84115825880563,-30.57275188745347,-41.268406371352164
2006-09-27,-71.66405347067874,-30.39564709932657,-41.268406371352164
2006-09-28,-71.71144871493475,-30.39564709932657,-41.31580161560818
2006-09-29,-71.88600946467886,-30.39564709932657,-41.4903623653523
2006-10-02,-72.2410637891106,-30.750701423758304,-41.4903623653523
2006-10-03,-71.89801086223542,-30.407648496883134,-41.4903623653523
2006-10-04,-70.64750379041254,-29.15714142506025,-41.4903623653523
2006-10-05,-70.46498650351884,-29.15714142506025,-41.307845078458605
2006-10-06,-70.43053728031494,-29.15714142506025,-41.2733958552547
2006-10-09,-70.26272717774786,-28.989331322493175,-41.2733958552547
2006-10-10,-70.14697492356012,-28.873579068305443,-41.2733958552547
2006-10-11,-69.95693464532268,-28.873579068305443,-41.08335557701725
2006-10-12,-69.35603086183698,-28.873579068305443,-40.48245179353157
2006-10-13,-69.0214422251186,-28.53899043158706,-40.48245179353157
2006-10-16,-68.79732442377632,-28.314872630244775,-40.48245179353157
2006-10-17,-68.85129800812621,-28.314872630244775,-40.53642537788145
2006-10-18,-69.19020739012623,-28.314872630244775,-40.87533475988147
2006-10-19,-68.89274142782095,-28.314872630244775,-40.577868797576194
2006-10-20,-68.90274142782096,-28.314872630244775,-40.58786879757619
2006-10-23,-68.24857545233861,-27.66070665476243,-40.58786879757619
2006-10-24,-67.82246043088124,-27.66070665476243,-40.16175377611882
2006-10-25,-67.39057439566196,-27.22882061954315,-40.16175377611882
2006-10-26,-67.31407272062317,-27.15231894450436,-40.16175377611882
2006-10-27,-67.83036407942781,-27.668610303309002,-40.16175377611882
2006-10-30,-67.73146371957505,-27.569709943456242,-40.16175377611882
2006-10-31,-67.94447548904992,-27.569709943456242,-40.3747655455937
2006-11-01,-68.94328724013131,-28.568521694537633,-40.3747655455937
2006-11-02,-68.75569174308099,-28.568521694537633,-40.18717004854337
2006-11-03,-69.29891750001816,-29.11174745147481,-40.18717004854337
2006-11-06,-68.49448958183125,-28.307319533287885,-40.18717004854337
2006-11-07,-68.20825464410629,-28.307319533287885,-39.90093511081842
2006-11-08,-67.56099638257898,-28.307319533287885,-39.253676849291104
2006-11-09,-68.16986672427319,-28.307319533287885,-39.86254719098531
2006-11-10,-68.10749816930291,-28.244950978317604,-39.86254719098531
2006-11-13,-67.828432233655,-28.244950978317604,-39.58348125533738
2006-11-14,-67.3718002048875,-28.244950978317604,-39.12684922656989
2006-11-15,-67.05990219841841,-28.244950978317604,-38.814951220100795
2006-11-16,-67.11263245832997,-28.244950978317604,-38.867681480012344
2006-11-17,-66.77306512596408,-27.90538364595172,-38.867681480012344
2006-11-20,-66.64061713459148,-27.90538364595172,-38.73523348863974
2006-11-21,-66.54390927124581,-27.808675782606045,-38.73523348863974
2006-11-22,-66.43320192527968,-27.808675782606045,-38.6245261426736
2006-11-24,-66.36479527398019,-27.740269131306558,-38.6245261426736
2006-11-27,-67.70958411244101,-27.740269131306558,-39.969314981134424
2006-11-28,-67.15693475115381,-27.740269131306558,-39.41666561984723
2006-11-29,-66.4524929101631,-27.740269131306558,-38.71222377885652
2006-11-30,-66.39843173596132,-27.740269131306558,-38.658162604654734
2006-12-01,-66.62926713013938,-27.740269131306558,-38.88899799883279
2006-12-04,-65.90047474448308,-27.011476745650256,-38.88899799883279
2006-12-05,-65.67058445224508,-26.781586453412267,-38.88899799883279
2006-12-06,-65.74404036118004,-26.85504236234723,-38.88899799883279
2006-12-07,-66.36846731601149,-26.85504236234723,-39.51342495366425
2006-12-08,-66.17319859555482,-26.659773641890556,-39.51342495366425
2006-12-11,-65.89369889672835,-26.659773641890556,-39.23392525483777
2006-12-12,-65.88252901632802,-26.659773641890556,-39.22275537443744
2006-12-13,-66.14596147999372,-26.659773641890556,-39.486187838103135
2006-12-14,-65.27168697928194,-25.785499141178782,-39.486187838103135
2006-12-15,-65.49223029255153,-25.785499141178782,-39.706731151372715
2006-12-18,-65.9170056477445,-25.785499141178782,-40.13150650656569
2006-12-19,-65.45479265563533,-25.785499141178782,-39.66929351445653
2006-12-20,-65.56323819522922,-25.893944680772666,-39.66929351445653
2006-12-21,-66.03116929006619,-25.893944680772666,-40.1372246092935
2006-12-22,-66.671504881539,-25.893944680772666,-40.7775602007663
2006-12-26,-66.13615541272613,-25.893944680772666,-40.24221073195344
2006-12-27,-65.69605308943369,-25.893944680772666,-39.802108408661006
2006-12-28,-65.84658922453876,-25.893944680772666,-39.952644543766084
2006-12-29,-66.16679988839532,-26.21415534462922,-39.952644543766084
2007-01-03,-66.7973539550694,-26.21415534462922,-40.58319861044016
2007-01-04,-66.49628799133997,-26.21415534462922,-40.28213264671072
2007-01-05,-67.06683762572206,-26.21415534462922,-40.85268228109281
2007-01-08,-66.81443890463468,-26.21415534462922,-40.60028356000544
2007-01-09,-66.99441573586003,-26.394132175854566,-40.60028356000544
2007-01-10,-66.32385769181388,-25.72357413180842,-40.60028356000544
2007-01-11,-65.92503085903135,-25.324747299025894,-40.60028356000544
2007-01-12,-65.17115202705696,-25.324747299025894,-39.84640472803104
2007-01-16,-65.2580674627636,-25.324747299025894,-39.933320163737676
2007-01-17,-65.14913355377422,-25.2158133900365,-39.933320163737676
2007-01-18,-65.60014431485166,-25.2158133900365,-40.38433092481512
2007-01-19,-65.41389107167767,-25.2158133900365,-40.198077681641124
2007-01-22,-65.90734089183147,-25.2158133900365,-40.691527501794916
2007-01-23,-65.53846683337932,-24.84693933158435,-40.691527501794916
2007-01-24,-64.86534990549816,-24.84693933158435,-40.01841057391376
2007-01-25,-65.99377770450538,-24.84693933158435,-41.14683837292098
2007-01-26,-66.31287694782405,-25.16603857490303,-41.14683837292098
2007-01-29,-66.4213848272667,-25.274546454345682,-41.14683837292098
2007-01-30,-66.12277324505014,-24.97593487212911,-41.14683837292098
2007-01-31,-65.35059515424918,-24.203756781328146,-41.14683837292098
2007-02-01,-65.04198654381084,-24.203756781328146,-40.838229762482634
2007-02-02,-64.99672520862694,-24.203756781328146,-40.792968427298746
2007-02-05,-64.90310982813074,-24.110141400831946,-40.792968427298746
2007-02-06,-64.96831015443838,-24.1753417271396,-40.792968427298746
2007-02-07,-64.9163037486271,-24.12333532132831,-40.792968427298746
2007-02-08,-64.76066845152012,-23.967700024221323,-40.792968427298746
2007-02-09,-65.54575545792119,-24.75278703062239,-40.792968427298746
2007-02-12,-65.89675964667912,-24.75278703062239,-41.14397261605668
2007-02-13,-65.28962398822037,-24.75278703062239,-40.53683695759793
2007-02-14,-64.74179219949947,-24.75278703062239,-39.98900516887703
2007-02-15,-64.66258583802882,-24.75278703062239,-39.90979880740637
2007-02-16,-64.4733940367847,-24.56359522937827,-39.90979880740637
2007-02-20,-64.15417855246594,-24.56359522937827,-39.590583323087614
2007-02-21,-63.91040076831141,-24.319817445223745,-39.590583323087614
2007-02-22,-64.0437276787764,-24.319817445223745,-39.723910233552616
2007-02-23,-64.35609351420449,-24.319817445223745,-40.036276068980705
2007-02-26,-64.8197050563448,-24.319817445223745,-40.49988761112102
2007-02-27,-67.9212102066151,-24.319817445223745,-43.60139276139132
2007-02-28,-67.54731004696642,-24.319817445223745,-43.22749260174263
2007-03-01,-66.72114422660349,-24.319817445223745,-42.40132678137971
2007-03-02,-67.72139692012709,-24.319817445223745,-43.40157947490332
2007-03-05,-68.152776920875,-24.319817445223745,-43.83295947565123
2007-03-06,-67.50204614663593,-23.66908667098468,-43.83295947565123
2007-03-07,-67.5335390931294,-23.66908667098468,-43.8644524221447
2007-03-08,-67.40132333544298,-23.536870913298262,-43.8644524221447
2007-03-09,-67.7870895163144,-23.536870913298262,-44.250218603016116
2007-03-12,-67.39198088737616,-23.141762284360034,-44.250218603016116
2007-03-13,-68.78834272948234,-23.141762284360034,-45.64658044512229
2007-03-14,-68.18618703897272,-23.141762284360034,-45.04442475461267
2007-03-15,-67.8370428549105,-23.141762284360034,-44.695280570550445
2007-03-16,-68.40851768842938,-23.141762284360034,-45.26675540406933
2007-03-19,-67.74578741199953,-22.479032007930176,-45.26675540406933
2007-03-20,-67.1224464726939,-21.85569106862454,-45.26675540406933
2007-03-21,-65.59228649689616,-20.325531092826814,-45.26675540406933
2007-03-22,-65.81159590415317,-20.325531092826814,-45.48606481132634
2007-03-23,-65.74485218039203,-20.325531092826814,-45.41932108756521
2007-03-26,-65.96413237882089,-20.325531092826814,-45.63860128599407
2007-03-27,-66.15595948725577,-20.325531092826814,-45.83042839442896
2007-03-28,-66.39133784569707,-20.325531092826814,-46.065806752870245
2007-03-29,-66.80202171552583,-20.736214962655577,-46.065806752870245
2007-03-30,-66.98089699385736,-20.915090240987116,-46.065806752870245
2007-04-02,-66.99089699385736,-20.915090240987116,-46.07580675287024
2007-04-03,-66.49855782859204,-20.915090240987116,-45.58346758760492
2007-04-04,-66.39726640905441,-20.915090240987116,-45.48217616806729
2007-04-05,-66.01130373897459,-20.915090240987116,-45.09621349798746
2007-04-09,-66.16658133050075,-21.07036783251327,-45.09621349798746
2007-04-10,-65.98277025236895,-20.88655675438147,-45.09621349798746
2007-04-11,-66.5467136572531,-21.45050015926562,-45.09621349798746
2007-04-12,-65.91871000923796,-21.45050015926562,-44.468209849972325
2007-04-13,-65.639264954313,-21.45050015926562,-44.188764795047376
2007-04-16,-65.05445574784703,-21.45050015926562,-43.6039555885814
2007-04-17,-64.98284306686757,-21.45050015926562,-43.532342907601944
2007-04-18,-64.53685960058847,-21.45050015926562,-43.08635944132284
2007-04-19,-64.08393231284298,-21.45050015926562,-42.63343215357734
2007-04-20,-63.82443080124148,-21.190998647664127,-42.63343215357734
2007-04-23,-64.04358485397657,-21.41015270039921,-42.63343215357734
2007-04-24,-64.12782181621834,-21.41015270039921,-42.71766911581911
2007-04-25,-63.63481950052758,-21.41015270039921,-42.22466680012835
2007-04-26,-63.537853919929105,-21.41015270039921,-42.127701219529875
2007-04-27,-63.253163164436785,-21.41015270039921,-41.843010464037555
2007-04-30,-64.16942663337896,-21.41015270039921,-42.75927393297973
2007-05-01,-64.01112742297721,-21.41015270039921,-42.60097472257798
2007-05-02,-63.59223022540617,-21.41015270039921,-42.18207752500694
2007-05-03,-63.34916344573803,-21.41015270039921,-41.9390107453388
2007-05-04,-63.246458710118326,-21.41015270039921,-41.836306009719095
2007-05-07,-63.21008024127183,-21.41015270039921,-41.7999275408726
2007-05-08,-63.10724833874123,-21.307320797868602,-41.7999275408726
2007-05-09,-62.7726460976589,-20.972718556786276,-41.7999275408726
2007-05-10,-63.548521044907154,-20.972718556786276,-42.57580248812086
2007-05-11,-62.8200188973331,-20.972718556786276,-41.8473003405468
2007-05-14,-63.04900556815854,-21.201705227611722,-41.8473003405468
2007-05-15,-63.14530000852541,-21.201705227611722,-41.94359478091367
2007-05-16,-62.626196242730266,-20.682601461816574,-41.94359478091367
2007-05-17,-62.68905855991045,-20.745463778996754,-41.94359478091367
2007-05-18,-62.29857177499531,-20.745463778996754,-41.55310799599853
2007-05-21,-62.33479656903793,-20.781688573039375,-41.55310799599853
2007-05-22,-62.52833017048962,-20.781688573039375,-41.74664159745022
2007-05-23,-62.872326032797666,-21.12568443534742,-41.74664159745022
2007-05-24,-63.850745761331176,-22.104104163880926,-41.74664159745022
2007-05-25,-63.73541018644467,-21.988768588994418,-41.74664159745022
2007-05-29,-63.548156493758924,-21.801514896308674,-41.74664159745022
2007-05-30,-62.233293540942114,-20.48665194349186,-41.74664159745022
2007-05-31,-62.471308127801215,-20.724666530350962,-41.74664159745022
2007-06-01,-62.3514230959799,-20.724666530350962,-41.6267565656289
2007-06-04,-61.99735246988283,-20.724666530350962,-41.27268593953183
2007-06-05,-62.170097023630106,-20.897411084098245,-41.27268593953183
2007-06-06,-62.849613330051376,-20.897411084098245,-41.9522022459531
2007-06-07,-64.49604406359903,-20.897411084098245,-43.598632979500756
2007-06-08,-63.53471616945505,-19.93608318995427,-43.598632979500756
2007-06-11,-63.299862537407684,-19.701229557906903,-43.598632979500756
2007-06-12,-63.989143452108756,-19.701229557906903,-44.28791389420183
2007-06-13,-63.07979480784693,-19.701229557906903,-43.37856524994
2007-06-14,-62.56506380155966,-19.701229557906903,-42.86383424365273
2007-06-15,-62.62077887625611,-19.701229557906903,-42.91954931834918
2007-06-18,-62.950761835358804,-20.031212517009596,-42.91954931834918
2007-06-19,-62.48989496350289,-19.570345645153683,-42.91954931834918
2007-06-20,-64.10140099056531,-19.570345645153683,-44.5310553454116
2007-06-21,-63.51746147400341,-18.98640612859178,-44.5310553454116
2007-06-22,-64.1696997176673,-19.638644372255676,-44.5310553454116
2007-06-25,-64.45297189232843,-19.921916546916815,-44.5310553454116
2007-06-26,-65.74943079180618,-21.218375446394553,-44.5310553454116
2007-06-27,-64.23862365411917,-19.707568308707536,-44.5310553454116
2007-06-28,-64.24862365411917,-19.707568308707536,-44.5410553454116
2007-06-29,-64.57057508463944,-19.707568308707536,-44.86300677593187
2007-07-02,-63.9726314926528,-19.109624716720898,-44.86300677593187
2007-07-03,-63.877545664065984,-19.109624716720898,-44.767920947345054
2007-07-05,-64.03200772241696,-19.109624716720898,-44.92238300569603
2007-07-06,-63.649034434720264,-18.726651429024198,-44.92238300569603
2007-07-09,-63.69821523368073,-18.726651429024198,-44.97156380465649
2007-07-10,-64.61188231508467,-19.640318510428138,-44.97156380465649
2007-07-11,-63.802689340815746,-19.640318510428138,-44.162370830387566
2007-07-12,-62.49567701431348,-18.333306183925867,-44.162370830387566
2007-07-13,-62.32469398569634,-18.333306183925867,-43.99138780177043
2007-07-16,-62.43798213530048,-18.333306183925867,-44.10467595137457
2007-07-17,-62.56422645221247,-18.459550500837864,-44.10467595137457
2007-07-18,-62.41873209270821,-18.459550500837864,-43.959181591870305
2007-07-19,-62.512523390506196,-18.459550500837864,-44.05297288966829
2007-07-20,-63.42398504969291,-18.459550500837864,-44.964434548855
2007-07-23,-63.57027678536911,-18.459550500837864,-45.110726284531204
2007-07-24,-64.7760022704985,-19.66527598596725,-45.110726284531204
2007-07-25,-65.05607038281862,-19.945344098287368,-45.110726284531204
2007-07-26,-66.52144506677283,-19.945344098287368,-46.576100968485406
2007-07-27,-68.645260322711,-19.945344098287368,-48.69991622442358
2007-07-30,-67.66652892471976,-18.966612700296132,-48.69991622442358
2007-07-31,-69.45178424097759,-20.751868016553956,-48.69991622442358
2007-08-01,-68.60446952686448,-19.90455330244084,-48.69991622442358
2007-08-02,-68.04373038080497,-19.343814156381335,-48.69991622442358
2007-08-03,-70.44493659353725,-21.745020369113604,-48.69991622442358
2007-08-06,-69.07759927168449,-21.745020369113604,-47.33257890257082
2007-08-07,-67.84145479547007,-21.745020369113604,-46.0964344263564
2007-08-08,-66.8991956262117,-21.745020369113604,-45.15417525709803
2007-08-09,-68.30256106992427,-21.745020369113604,-46.557540700810605
2007-08-10,-68.09117923100432,-21.745020369113604,-46.34615886189065
2007-08-13,-68.97185575660369,-21.745020369113604,-47.22683538749001
2007-08-14,-70.84537303479118,-23.618537647301096,-47.22683538749001
2007-08-15,-72.03949172457054,-24.81265633708045,-47.22683538749001
2007-08-16,-70.41050876451945,-24.81265633708045,-45.59785242743892
2007-08-17,-70.96493881115184,-24.81265633708045,-46.15228247407131
2007-08-20,-71.34069525476112,-24.81265633708045,-46.52803891768059
2007-08-21,-71.12274877837528,-24.81265633708045,-46.31009244129475
2007-08-22,-70.69538088715397,-24.81265633708045,-45.88272455007345
2007-08-23,-71.26346582011973,-24.81265633708045,-46.45080948303921
2007-08-24,-70.01839957199272,-23.567590088953434,-46.45080948303921
2007-08-27,-70.63899112026175,-24.18818163722247,-46.45080948303921
2007-08-28,-72.33248775889129,-25.881678275852014,-46.45080948303921
2007-08-29,-70.85059094932366,-24.399781466284384,-46.45080948303921
2007-08-30,-70.38048236576978,-23.929672882730497,-46.45080948303921
2007-08-31,-70.4311256128936,-23.929672882730497,-46.501452730163024
2007-09-04,-69.3417283799901,-22.840275649827,-46.501452730163024
2007-09-05,-69.62876742716759,-23.12731469700448,-46.501452730163024
2007-09-06,-69.5171732933958,-23.12731469700448,-46.389858596391235
2007-09-07,-69.80745951281158,-23.41760091642025,-46.389858596391235
2007-09-10,-70.31693781332048,-23.41760091642025,-46.89933689690014
2007-09-11,-69.47581092859828,-23.41760091642025,-46.058210012177945
2007-09-12,-69.09280198403782,-23.03459197185979,-46.058210012177945
2007-09-13,-68.86075210977519,-22.802542097597154,-46.058210012177945
2007-09-14,-68.23746347389758,-22.802542097597154,-45.43492137630032
2007-09-17,-68.38915335454621,-22.95423197824578,-45.43492137630032
2007-09-18,-65.98939502324876,-20.55447364694833,-45.43492137630032
2007-09-19,-66.03199472433052,-20.59707334803009,-45.43492137630032
2007-09-20,-66.7356677993648,-21.30074642306438,-45.43492137630032
2007-09-21,-67.23142789455135,-21.79650651825092,-45.43492137630032
2007-09-24,-67.72151544719779,-22.28659407089736,-45.43492137630032
2007-09-25,-67.34766200638113,-21.912740630080695,-45.43492137630032
2007-09-26,-67.39707703652786,-21.96215566022743,-45.43492137630032
2007-09-27,-67.28943475120762,-21.96215566022743,-45.32727909098008
2007-09-28,-67.47623751176226,-21.96215566022743,-45.51408185153471
2007-10-01,-66.37837548176088,-21.96215566022743,-44.41621982153333
2007-10-02,-66.7252752352077,-21.96215566022743,-44.76311957498015
2007-10-03,-66.75478092768739,-21.96215566022743,-44.79262526745985
2007-10-04,-66.8231954533899,-21.96215566022743,-44.861039793162355
2007-10-05,-66.30565478620878,-21.96215566022743,-44.34349912598124
2007-10-08,-66.55404613187888,-21.96215566022743,-44.59189047165134
2007-10-09,-66.00009333058104,-21.408202858929595,-44.59189047165134
2007-10-10,-65.8947996921536,-21.408202858929595,-44.48659683322389
2007-10-11,-66.83950014869353,-21.408202858929595,-45.431297289763826
2007-10-12,-66.29143391741259,-21.408202858929595,-44.88323105848289
2007-10-15,-67.11100514098653,-21.408202858929595,-45.702802282056844
2007-10-16,-67.52984757933757,-21.408202858929595,-46.12164472040788
2007-10-17,-68.0119861775861,-21.408202858929595,-46.603783318656404
2007-10-18,-67.86570204494848,-21.408202858929595,-46.457499186018794
2007-10-19,-70.13501219650804,-21.408202858929595,-48.72680933757836
2007-10-22,-69.02276079891917,-20.29595146134072,-48.72680933757836
2007-10-23,-68.83489265721573,-20.29595146134072,-48.53894119587493
2007-10-24,-68.66649952688732,-20.29595146134072,-48.37054806554652
2007-10-25,-68.55128784126747,-20.29595146134072,-48.25533637992667
2007-10-26,-68.19608750582711,-20.29595146134072,-47.9001360444863
2007-10-29,-68.07623472603031,-20.17609868154392,-47.9001360444863
2007-10-30,-68.3407123007285,-20.440576256242117,-47.9001360444863
2007-10-31,-67.91653594458921,-20.01639990010284,-47.9001360444863
2007-11-01,-69.41183833297096,-20.01639990010284,-49.395438432868055
2007-11-02,-69.63985568600803,-20.24441725313991,-49.395438432868055
2007-11-05,-69.37623700365776,-19.98079857078964,-49.395438432868055
2007-11-06,-68.58736391920412,-19.98079857078964,-48.606565348414414
2007-11-07,-70.29339835802982,-21.686833009615338,-48.606565348414414
2007-11-08,-70.86582694907393,-22.25926160065945,-48.606565348414414
2007-11-09,-71.25405732694554,-22.25926160065945,-48.99479572628602
2007-11-12,-72.30938181996984,-22.25926160065945,-50.050120219310315
2007-11-13,-70.47233204185227,-22.25926160065945,-48.21307044119275
2007-11-14,-71.52650135564072,-23.3134309144479,-48.21307044119275
2007-11-15,-72.24172767782014,-23.3134309144479,-48.928296763372174
2007-11-16,-72.60777344166426,-23.679476678292026,-48.928296763372174
2007-11-19,-73.66954366025631,-23.679476678292026,-49.990066981964226
2007-11-20,-73.24997526649624,-23.679476678292026,-49.57049858820415
2007-11-21,-74.24327380741235,-23.679476678292026,-50.56379712912026
2007-11-23,-73.51511062727712,-23.679476678292026,-49.835633948985034
2007-11-26,-75.96408207658733,-23.679476678292026,-52.28460539829524
2007-11-27,-75.39020943645379,-23.679476678292026,-51.7107327581617
2007-11-28,-73.38174027180452,-21.671007513642763,-51.7107327581617
2007-11-29,-73.0105297476216,-21.671007513642763,-51.33952223397878
2007-11-30,-73.27581347908553,-21.671007513642763,-51.60480596544271
2007-12-03,-73.63056643084369,-21.671007513642763,-51.959558917200866
2007-12-04,-73.84533276229389,-21.671007513642763,-52.17432524865108
2007-12-05,-73.2622158979939,-21.671007513642763,-51.591208384351084
2007-12-06,-71.72997649614722,-20.13876811179609,-51.591208384351084
2007-12-07,-72.07735286467751,-20.13876811179609,-51.938584752881376
2007-12-10,-71.55992347075637,-20.13876811179609,-51.42115535896025
2007-12-11,-74.38963748226264,-20.13876811179609,-54.25086937046651
2007-12-12,-75.52470509132749,-20.13876811179609,-55.38593697953136
2007-12-13,-75.03703090371468,-20.13876811179609,-54.898262791918555
2007-12-14,-75.56210796956525,-20.13876811179609,-55.42333985776912
2007-12-17,-76.62806487706322,-20.13876811179609,-56.4892967652671
2007-12-18,-76.78876098916619,-20.29946422389906,-56.4892967652671
2007-12-19,-76.83988055460604,-20.29946422389906,-56.54041633070694
2007-12-20,-76.87712022662839,-20.33670389592142,-56.54041633070694
2007-12-21,-76.37273008014569,-20.33670389592142,-56.03602618422424
2007-12-24,-76.10761606725202,-20.071589883027762,-56.03602618422424
2007-12-26,-75.51398635747573,-20.071589883027762,-55.44239647444795
2007-12-27,-76.43403752846808,-20.071589883027762,-56.362447645440305
2007-12-28,-77.28232681402181,-20.919879168581502,-56.362447645440305
2007-12-31,-77.89919468912086,-21.536747043680553,-56.362447645440305
2008-01-02,-79.00713075122303,-21.536747043680553,-57.470383707542474
2008-01-03,-79.05164298611061,-21.58125927856813,-57.470383707542474
2008-01-04,-80.48797935607654,-23.017595648534062,-57.470383707542474
2008-01-07,-80.93613915049119,-23.017595648534062,-57.91854350195712
2008-01-08,-83.20254158637846,-23.017595648534062,-60.1849459378444
2008-01-09,-82.29648363928254,-23.017595648534062,-59.27888799074849
2008-01-10,-81.16044077890461,-23.017595648534062,-58.14284513037056
2008-01-11,-81.61895532371167,-23.017595648534062,-58.601359675177626
2008-01-14,-81.54398497718148,-23.017595648534062,-58.526389328647426
2008-01-15,-82.71963004102233,-23.017595648534062,-59.70203439248827
2008-01-16,-83.00666228635289,-23.30462789386463,-59.70203439248827
2008-01-17,-86.24655891723576,-23.30462789386463,-62.94193102337114
2008-01-18,-88.26562791941654,-23.30462789386463,-64.96100002555193
2008-01-22,-85.5537895715312,-23.30462789386463,-62.24916167766657
2008-01-23,-80.37388815620814,-18.124726478541568,-62.24916167766657
2008-01-24,-80.00535965783548,-18.124726478541568,-61.880633179293916
2008-01-25,-82.59016439335842,-20.70953121406451,-61.880633179293916
2008-01-28,-81.12526913889934,-19.24463595960542,-61.880633179293916
2008-01-29,-81.27497169798676,-19.24463595960542,-62.03033573838133
2008-01-30,-81.78036858924742,-19.24463595960542,-62.53573262964199
2008-01-31,-78.85777938283626,-16.32204675319426,-62.53573262964199
2008-02-01,-77.685869282323,-16.32204675319426,-61.36382252912873
2008-02-04,-78.69937863796177,-16.32204675319426,-62.37733188476751
2008-02-05,-80.04979009399688,-16.32204675319426,-63.72774334080262
2008-02-06,-81.20317119452149,-16.32204675319426,-64.88112444132723
2008-02-07,-79.6100136455969,-16.32204675319426,-63.287966892402636
2008-02-08,-79.63503394424015,-16.32204675319426,-63.31298719104589
2008-02-11,-79.15787249239668,-15.84488530135079,-63.31298719104589
2008-02-12,-79.10858992056714,-15.84488530135079,-63.26370461921636
2008-02-13,-78.85425271982689,-15.84488530135079,-63.00936741847611
2008-02-14,-80.1725168674192,-17.16314944894311,-63.00936741847611
2008-02-15,-79.70780941084965,-17.16314944894311,-62.54465996190655
2008-02-19,-80.59938794141543,-18.054727979508893,-62.54465996190655
2008-02-20,-79.17926268193767,-16.634602720031133,-62.54465996190655
2008-02-21,-80.56707810288925,-18.022418140982722,-62.54465996190655
2008-02-22,-80.09665003422745,-18.022418140982722,-62.07423189324474
2008-02-25,-78.79464486405911,-18.022418140982722,-60.7722267230764
2008-02-26,-77.63419014623842,-18.022418140982722,-59.611772005255716
2008-02-27,-77.16554417836684,-18.022418140982722,-59.143126037384135
2008-02-28,-77.4455165251531,-18.30239048776898,-59.143126037384135
2008-02-29,-78.77689176824636,-19.633765730862244,-59.143126037384135
2008-03-03,-78.51686414304329,-19.633765730862244,-58.88309841218108
2008-03-04,-77.95374609581728,-19.633765730862244,-58.319980364955065
2008-03-05,-77.65691430253246,-19.633765730862244,-58.02314857167025
2008-03-06,-79.12126368878414,-21.098115117113927,-58.02314857167025
2008-03-07,-79.17750814471346,-21.098115117113927,-58.079393027599565
2008-03-10,-80.6147712529067,-22.53537822530718,-58.079393027599565
2008-03-11,-79.19682291977733,-21.117429892177814,-58.079393027599565
2008-03-12,-80.2518947947914,-21.117429892177814,-59.13446490261364
2008-03-13,-78.70020545117032,-21.117429892177814,-57.582775558992566
2008-03-14,-81.11904484545052,-21.117429892177814,-60.001614953272764
2008-03-17,-79.77146654400399,-19.769851590731278,-60.001614953272764
2008-03-18,-77.50321491999749,-19.769851590731278,-57.73336332926626
2008-03-19,-80.4023154825868,-19.769851590731278,-60.63246389185557
2008-03-20,-78.86343567114659,-19.769851590731278,-59.09358408041537
2008-03-24,-77.82130219682443,-18.72771811640912,-59.09358408041537
2008-03-25,-77.83871349532409,-18.74512941490877,-59.09358408041537
2008-03-26,-78.79022067310143,-19.69663659268612,-59.09358408041537
2008-03-27,-79.86397944306373,-19.69663659268612,-60.16734285037767
2008-03-28,-80.9930920576861,-19.69663659268612,-61.29645546500005
2008-03-31,-80.48648531065984,-19.69663659268612,-60.78984871797379
2008-04-01,-78.27598109083235,-19.69663659268612,-58.5793444981463
2008-04-02,-78.5416934519182,-19.962348953771983,-58.5793444981463
2008-04-03,-77.76049037044528,-19.18114587229906,-58.5793444981463
2008-04-04,-77.93836437954256,-19.18114587229906,-58.75721850724358
2008-04-07,-78.61058591488272,-19.18114587229906,-59.429440042583735
2008-04-08,-78.15905997915303,-19.18114587229906,-58.97791410685404
2008-04-09,-78.74166378438784,-19.18114587229906,-59.56051791208884
2008-04-10,-78.30957192220491,-18.74905401011613,-59.56051791208884
2008-04-11,-79.1483373089471,-18.74905401011613,-60.39928329883103
2008-04-14,-79.35374528514687,-18.95446198631589,-60.39928329883103
2008-04-15,-79.61859613034419,-19.219312831513214,-60.39928329883103
2008-04-16,-77.92619839117847,-17.5269150923475,-60.39928329883103
2008-04-17,-77.18181040535394,-16.782527106522974,-60.39928329883103
2008-04-18,-77.52344268745281,-17.124159388621838,-60.39928329883103
2008-04-21,-77.30220671070578,-17.124159388621838,-60.17804732208399
2008-04-22,-77.49328088872863,-17.124159388621838,-60.36912150010686
2008-04-23,-77.77157815308348,-17.40245665297668,-60.36912150010686
2008-04-24,-77.60791278004803,-17.23879127994123,-60.36912150010686
2008-04-25,-77.47453482929863,-17.23879127994123,-60.23574354935747
2008-04-28,-77.66341934715588,-17.23879127994123,-60.42462806721472
2008-04-29,-77.89606285294825,-17.23879127994123,-60.65727157300708
2008-04-30,-78.64827402423447,-17.991002451227452,-60.65727157300708
2008-05-01,-76.69757419404934,-16.040302621042315,-60.65727157300708
2008-05-02,-77.29239309376423,-16.040302621042315,-61.25209047272198
2008-05-05,-77.4584887809809,-16.206398308258986,-61.25209047272198
2008-05-06,-76.02910580881948,-14.777015336097568,-61.25209047272198
2008-05-07,-77.72351725225951,-16.4714267795376,-61.25209047272198
2008-05-08,-78.14943883572292,-16.4714267795376,-61.678012056185395
2008-05-09,-77.94323133314403,-16.4714267795376,-61.47180455360651
2008-05-12,-77.08803936088205,-16.4714267795376,-60.61661258134453
2008-05-13,-77.32557595336765,-16.70896337202319,-60.61661258134453
2008-05-14,-77.54846493486014,-16.93185235351568,-60.61661258134453
2008-05-15,-76.5075644533235,-16.93185235351568,-59.57571209980789
2008-05-16,-76.65765760123547,-16.93185235351568,-59.72580524771986
2008-05-19,-76.49973935520877,-16.773934107488984,-59.72580524771986
2008-05-20,-76.77719790281763,-16.773934107488984,-60.003263795328714
2008-05-21,-78.43671418009075,-18.433450384762093,-60.003263795328714
2008-05-22,-78.38935285727983,-18.433450384762093,-59.9559024725178
2008-05-23,-79.41855547050953,-19.46265299799179,-59.9559024725178
2008-05-27,-78.80640155058799,-19.46265299799179,-59.34374855259625
2008-05-28,-78.72303070871088,-19.46265299799179,-59.26037771071914
2008-05-29,-78.10966674269139,-18.849289031972297,-59.26037771071914
2008-05-30,-78.20512726641552,-18.849289031972297,-59.355838234443276
2008-06-02,-78.88244789932773,-19.526609664884507,-59.355838234443276
2008-06-03,-79.76487617093159,-19.526609664884507,-60.23826650604714
2008-06-04,-79.54275121337278,-19.526609664884507,-60.016141548488335
2008-06-05,-77.97769220369551,-19.526609664884507,-58.451082538811065
2008-06-06,-80.35149847100548,-19.526609664884507,-60.82488880612104
2008-06-09,-80.53701811304826,-19.712129306927277,-60.82488880612104
2008-06-10,-80.34820042533819,-19.5233116192172,-60.82488880612104
2008-06-11,-81.86243296892,-19.5233116192172,-62.33912134970285
2008-06-12,-81.98394322286242,-19.644821873159618,-62.33912134970285
2008-06-13,-81.27154898876304,-18.93242763906024,-62.33912134970285
2008-06-16,-80.7811485930341,-18.93242763906024,-61.84872095397391
2008-06-17,-81.89151174911163,-20.04279079513777,-61.84872095397391
2008-06-18,-82.22872438389793,-20.380003429924063,-61.84872095397391
2008-06-19,-82.03765622929896,-20.188935275325097,-61.84872095397391
2008-06-20,-83.00068856599577,-21.15196761202191,-61.84872095397391
2008-06-23,-83.49638384116008,-21.15196761202191,-62.34441622913822
2008-06-24,-83.39961187653525,-21.055195647397067,-62.34441622913822
2008-06-25,-83.34131123387135,-21.055195647397067,-62.286115586474324
2008-06-26,-85.15971567005596,-21.055195647397067,-64.10452002265893
2008-06-27,-85.75609005426682,-21.055195647397067,-64.70089440686979
2008-06-30,-85.6957387273968,-20.994844320527044,-64.70089440686979
2008-07-01,-84.24631052608959,-19.54541611921983,-64.70089440686979
2008-07-02,-86.30367626738897,-21.602781860519208,-64.70089440686979
2008-07-03,-86.94504373250277,-22.244149325633003,-64.70089440686979
2008-07-07,-88.36089214332077,-22.244149325633003,-66.1167428176878
2008-07-08,-86.5867588352169,-20.47001601752914,-66.1167428176878
2008-07-09,-88.74516210943428,-22.628419291746518,-66.1167428176878
2008-07-10,-88.05840460768414,-21.941661789996388,-66.1167428176878
2008-07-11,-88.17332765035391,-22.056584832666168,-66.1167428176878
2008-07-14,-90.23195230891712,-22.056584832666168,-68.175367476251
2008-07-15,-90.90920235233204,-22.733834876081097,-68.175367476251
2008-07-16,-88.8735728309933,-20.698205354742345,-68.175367476251
2008-07-17,-88.83563997118651,-20.698205354742345,-68.13743461644421
2008-07-18,-88.9963398298573,-20.698205354742345,-68.298134475115
2008-07-21,-89.37060937663924,-20.698205354742345,-68.67240402189694
2008-07-22,-87.53596079544188,-20.698205354742345,-66.83775544069958
2008-07-23,-87.32726291715828,-20.698205354742345,-66.62905756241598
2008-07-24,-89.56701392667617,-20.698205354742345,-68.86880857193387
2008-07-25,-89.90322341214215,-21.03441484020834,-68.86880857193387
2008-07-28,-91.4143575486783,-22.545548976744485,-68.86880857193387
2008-07-29,-89.58622108138161,-20.717412509447794,-68.86880857193387
2008-07-30,-88.485273829753,-20.717412509447794,-67.76786132030526
2008-07-31,-88.94368718962475,-21.175825869319546,-67.76786132030526
2008-08-01,-89.71174440486404,-21.94388308455883,-67.76786132030526
2008-08-04,-90.55830511905788,-22.79044379875268,-67.76786132030526
2008-08-05,-88.72848280697318,-20.96062148666798,-67.76786132030526
2008-08-06,-88.03017985419459,-20.96062148666798,-67.06955836752667
2008-08-07,-88.78536661328539,-21.71580824575878,-67.06955836752667
2008-08-08,-86.61517217588002,-19.545613808353405,-67.06955836752667
2008-08-11,-85.67197450957576,-19.545613808353405,-66.12636070122241
2008-08-12,-86.398376031586,-20.272015330363637,-66.12636070122241
2008-08-13,-86.57933190271577,-20.452971201493398,-66.12636070122241
2008-08-14,-85.26831104728406,-20.452971201493398,-64.8153398457907
2008-08-15,-85.09376235852588,-20.452971201493398,-64.64079115703252
2008-08-18,-86.6801749963941,-22.039383839361612,-64.64079115703252
2008-08-19,-87.02821259031482,-22.387421433282334,-64.64079115703252
2008-08-20,-86.8891735067622,-22.24838234972971,-64.64079115703252
2008-08-21,-86.07418117163112,-21.43339001459863,-64.64079115703252
2008-08-22,-85.32543197747769,-20.684640820445193,-64.64079115703252
2008-08-25,-86.72706291923592,-20.684640820445193,-66.04242209879075
2008-08-26,-86.44619148083106,-20.403769382040338,-66.04242209879075
2008-08-27,-85.61302792713424,-20.403769382040338,-65.20925854509393
2008-08-28,-84.92159239398617,-20.403769382040338,-64.51782301194586
2008-08-29,-85.65881398150655,-20.403769382040338,-65.25504459946625
2008-09-02,-87.25012043133407,-21.995075831867855,-65.25504459946625
2008-09-03,-87.26012043133407,-21.995075831867855,-65.26504459946625
2008-09-04,-89.61285900239082,-24.347814402924605,-65.26504459946625
2008-09-05,-88.71049769600229,-24.347814402924605,-64.36268329307772
2008-09-08,-89.54393132470776,-25.181248031630073,-64.36268329307772
2008-09-09,-92.65420939440233,-25.181248031630073,-67.4729613627723
2008-09-10,-92.8015206461582,-25.328559283385932,-67.4729613627723
2008-09-11,-90.07339431263492,-25.328559283385932,-64.74483502924902
2008-09-12,-88.64555866083072,-25.328559283385932,-63.31699937744482
2008-09-15,-89.92977824793152,-25.328559283385932,-64.60121896454562
2008-09-16,-85.84392649636398,-25.328559283385932,-60.51536721297808
2008-09-17,-88.41914548574506,-27.903778272767013,-60.51536721297808
2008-09-18,-86.73248407393949,-26.217116860961447,-60.51536721297808
2008-09-19,-88.7998042271382,-28.28443701416016,-60.51536721297808
2008-09-22,-91.3652813905546,-30.849914177576572,-60.51536721297808
2008-09-23,-93.29680701750334,-32.781439804525306,-60.51536721297808
2008-09-24,-93.65933228697975,-33.14396507400172,-60.51536721297808
2008-09-25,-92.51190284111712,-33.14396507400172,-59.36793776711545
2008-09-26,-90.83628495988629,-33.14396507400172,-57.69231988588461
2008-09-29,-97.58143631744665,-33.14396507400172,-64.43747124344497
2008-09-30,-95.43013586850527,-33.14396507400172,-62.2861707945036
2008-10-01,-94.75712544488837,-33.14396507400172,-61.6131603708867
2008-10-02,-97.50098048155576,-35.8878201106691,-61.6131603708867
2008-10-03,-99.76914481096271,-35.8878201106691,-63.88132470029367
2008-10-06,-102.07310510113267,-35.8878201106691,-66.18528499046363
2008-10-07,-108.66932761827911,-42.48404262781554,-66.18528499046363
2008-10-08,-108.6895768177943,-42.48404262781554,-66.20553418997882
2008-10-09,-118.12028743028641,-42.48404262781554,-75.63624480247093
2008-10-10,-116.14460328699502,-40.50835848452415,-75.63624480247093
2008-10-13,-108.48770506358035,-40.50835848452415,-67.97934657905625
2008-10-14,-113.24070947845426,-40.50835848452415,-72.73235099393017
2008-10-15,-121.19172922322142,-40.50835848452415,-80.6833707386973
2008-10-16,-118.52136152061048,-40.50835848452415,-78.01300303608637
2008-10-17,-117.21384652218849,-39.200843486102166,-78.01300303608637
2008-10-20,-113.65939917666053,-35.64639614057421,-78.01300303608637
2008-10-21,-114.82068565729224,-36.807682621205934,-78.01300303608637
2008-10-22,-117.61589355343331,-39.60289051734699,-78.01300303608637
2008-10-23,-116.087230930502,-38.074227894415685,-78.01300303608637
2008-10-24,-112.61353162122764,-38.074227894415685,-74.53930372681201
2008-10-27,-115.00123814263436,-40.46193441582241,-74.53930372681201
2008-10-28,-107.9182538941678,-40.46193441582241,-67.45631947834545
2008-10-29,-108.6668120467628,-40.46193441582241,-68.20487763094044
2008-10-30,-108.13536521430349,-39.93048758336311,-68.20487763094044
2008-10-31,-106.32154313596372,-38.11666550502334,-68.20487763094044
2008-11-03,-105.9911417220215,-38.11666550502334,-67.87447621699822
2008-11-04,-104.64752793716693,-38.11666550502334,-66.53086243214365
2008-11-05,-107.73878353532027,-38.11666550502334,-69.62211803029699
2008-11-06,-111.63444230801993,-38.11666550502334,-73.51777680299665
2008-11-07,-109.26170971458336,-38.11666550502334,-71.14504420956008
2008-11-10,-112.01890322127309,-40.87385901171307,-71.14504420956008
2008-11-11,-113.12569092877379,-41.98064671921378,-71.14504420956008
2008-11-12,-115.90519125619005,-41.98064671921378,-73.92454453697634
2008-11-13,-110.22837879613353,-41.98064671921378,-68.24773207691982
2008-11-14,-113.40855941722867,-41.98064671921378,-71.42791269801496
2008-11-17,-114.47762784481698,-43.04971514680208,-71.42791269801496
2008-11-18,-112.24634460831435,-43.04971514680208,-69.19662946151233
2008-11-19,-117.52607051135678,-48.32944104984451,-69.19662946151233
2008-11-20,-123.5540841860533,-48.32944104984451,-75.22464313620885
2008-11-21,-120.93939839944247,-48.32944104984451,-72.60995734959802
2008-11-24,-117.22330018923256,-48.32944104984451,-68.89385913938811
2008-11-25,-119.12974847561063,-48.32944104984451,-70.80030742576618
2008-11-26,-113.74801379880097,-48.32944104984451,-65.41857274895652
2008-11-28,-112.12413777351185,-46.7055650245554,-65.41857274895652
2008-12-01,-118.5034655540093,-46.7055650245554,-71.79790052945397
2008-12-02,-116.37993026415182,-44.58202973469792,-71.79790052945397
2008-12-03,-111.79681021152989,-39.998909682075976,-71.79790052945397
2008-12-04,-112.69383108827044,-39.998909682075976,-72.69492140619452
2008-12-05,-107.71387096951895,-35.01894956332448,-72.69492140619452
2008-12-08,-106.99594928678323,-35.01894956332448,-71.9769997234588
2008-12-09,-107.97332518935171,-35.01894956332448,-72.95437562602729
2008-12-10,-108.21610153357439,-35.01894956332448,-73.19715197024996
2008-12-11,-110.0291686858504,-35.01894956332448,-75.01021912252597
2008-12-12,-106.09687430054348,-35.01894956332448,-71.07792473721905
2008-12-15,-107.54379065372864,-35.01894956332448,-72.52484109040421
2008-12-16,-107.55379065372864,-35.01894956332448,-72.53484109040421
2008-12-17,-107.39879965698424,-35.01894956332448,-72.37985009365981
2008-12-18,-109.7443981941925,-35.01894956332448,-74.72544863086807
2008-12-19,-110.7809693709653,-35.01894956332448,-75.76201980764087
2008-12-22,-112.52183047945522,-36.759810671814414,-75.76201980764087
2008-12-23,-114.10938072410644,-38.34736091646564,-75.76201980764087
2008-12-24,-113.87675254993998,-38.34736091646564,-75.5293916334744
2008-12-26,-113.97848902536457,-38.34736091646564,-75.63112810889899
2008-12-29,-114.36746645140813,-38.736338342509214,-75.63112810889899
2008-12-30,-112.72285134960272,-37.0917232407038,-75.63112810889899
2008-12-31,-111.43906123633838,-37.0917232407038,-74.34733799563465
2009-01-02,-108.70080035129291,-37.0917232407038,-71.60907711058918
2009-01-05,-108.47357657628493,-37.0917232407038,-71.3818533355812
2009-01-06,-108.66528596131641,-37.0917232407038,-71.57356272061268
2009-01-07,-110.13149151989536,-37.0917232407038,-73.03976827919163
2009-01-08,-109.17018451140277,-36.1304162322112,-73.03976827919163
2009-01-09,-111.47710360370152,-38.43733532450996,-73.03976827919163
2009-01-12,-113.63747881393947,-40.59771053474791,-73.03976827919163
2009-01-13,-113.21029767038459,-40.59771053474791,-72.61258713563676
2009-01-14,-114.5975169473976,-41.98492981176092,-72.61258713563676
2009-01-15,-114.27521332781905,-41.98492981176092,-72.29028351605821
2009-01-16,-115.22133420599675,-42.93105068993863,-72.29028351605821
2009-01-20,-119.67381662402144,-42.93105068993863,-76.7427659340829
2009-01-21,-117.14135719905255,-40.39859126496974,-76.7427659340829
2009-01-22,-116.7517661427879,-40.00900020870509,-76.7427659340829
2009-01-23,-114.06664654447863,-37.32388061039582,-76.7427659340829
2009-01-26,-113.96903133819227,-37.32388061039582,-76.64515072779653
2009-01-27,-113.50470157979917,-37.32388061039582,-76.18082096940344
2009-01-28,-112.37538566134107,-37.32388061039582,-75.05150505094534
2009-01-29,-114.21363009708215,-39.16212504613689,-75.05150505094534
2009-01-30,-116.78619384437673,-41.734688793431474,-75.05150505094534
2009-02-02,-115.56559393839365,-40.5140888874484,-75.05150505094534
2009-02-03,-114.80838878026569,-40.5140888874484,-74.29429989281738
2009-02-04,-115.9757138643976,-41.68141397158031,-74.29429989281738
2009-02-05,-113.7497113586503,-39.45541146583301,-74.29429989281738
2009-02-06,-111.29217147893273,-39.45541146583301,-71.8367600130998
2009-02-09,-111.14130807343827,-39.30454806033854,-71.8367600130998
2009-02-10,-114.88299160020878,-39.30454806033854,-75.57844353987032
2009-02-11,-114.71340277015196,-39.30454806033854,-75.4088547098135
2009-02-12,-112.92632675731076,-39.30454806033854,-73.6217786969723
2009-02-13,-113.88636804509389,-40.26458934812167,-73.6217786969723
2009-02-17,-115.07595558696922,-41.454176889996994,-73.6217786969723
2009-02-18,-116.04302388932821,-41.454176889996994,-74.5888469993313
2009-02-19,-118.15409607600756,-43.56524907667634,-74.5888469993313
2009-02-20,-117.26886492010217,-42.68001792077094,-74.5888469993313
2009-02-23,-122.014244970298,-47.425397970966756,-74.5888469993313
2009-02-24,-119.1569903859776,-44.568143386646355,-74.5888469993313
2009-02-25,-119.51761296363397,-44.92876596430273,-74.5888469993313
2009-02-26,-122.39537584875599,-44.92876596430273,-77.46660988445332
2009-02-27,-122.51353028641027,-44.92876596430273,-77.5847643221076
2009-03-02,-125.20675195748088,-44.92876596430273,-80.2779859931782
2009-03-03,-127.39075190897861,-47.11276591580047,-80.2779859931782
2009-03-04,-126.70125272702158,-46.42326673384344,-80.2779859931782
2009-03-05,-128.5831510247344,-48.30516503155625,-80.2779859931782
2009-03-06,-129.28720146549298,-48.30516503155625,-80.98203643393677
2009-03-09,-129.06200561257776,-48.30516503155625,-80.75684058102155
2009-03-10,-125.31662922581077,-48.30516503155625,-77.01146419425456
2009-03-11,-125.82100075158779,-48.30516503155625,-77.51583572003157
2009-03-12,-121.94177550683771,-44.425939786806175,-77.51583572003157
2009-03-13,-121.84658916911486,-44.425939786806175,-77.42064938230872
2009-03-16,-123.29621418459386,-45.87556480228518,-77.42064938230872
2009-03-17,-120.5702242575062,-43.149574875197516,-77.42064938230872
2009-03-18,-117.89209133714245,-40.47144195483376,-77.42064938230872
2009-03-19,-120.39173994878297,-40.47144195483376,-79.92029799394925
2009-03-20,-123.03906143457563,-40.47144195483376,-82.56761947974191
2009-03-23,-118.72432764146434,-36.15670816172248,-82.56761947974191
2009-03-24,-119.52523562504409,-36.95761614530223,-82.56761947974191
2009-03-25,-119.2647737059395,-36.697154226197654,-82.56761947974191
2009-03-26,-118.2346087796041,-36.697154226197654,-81.5374545534065
2009-03-27,-118.78231315659862,-36.697154226197654,-82.08515893040102
2009-03-30,-120.0660577386889,-36.697154226197654,-83.3689035124913
2009-03-31,-120.12634805529488,-36.75744454280365,-83.3689035124913
2009-04-01,-116.965459131366,-36.75744454280365,-80.2080145885624
2009-04-02,-116.55506517893788,-36.75744454280365,-79.79762063613428
2009-04-03,-115.64702085049126,-36.75744454280365,-78.88957630768766
2009-04-06,-115.34552887189062,-36.75744454280365,-78.58808432908702
2009-04-07,-116.0876840259868,-36.75744454280365,-79.3302394831832
2009-04-08,-115.526564870886,-36.75744454280365,-78.76912032808241
2009-04-09,-114.19914533695402,-35.43002500887165,-78.76912032808241
2009-04-13,-113.14324515788489,-34.374124829802525,-78.76912032808241
2009-04-14,-113.9561781718277,-34.374124829802525,-79.58205334202522
2009-04-15,-112.29838424476422,-34.374124829802525,-77.92425941496174
2009-04-16,-111.64724433863866,-33.722984923676954,-77.92425941496174
2009-04-17,-111.36973911531351,-33.445479700351804,-77.92425941496174
2009-04-20,-113.8773544082963,-33.445479700351804,-80.43187470794453
2009-04-21,-111.21862573922554,-33.445479700351804,-77.77314603887378
2009-04-22,-110.93246962951223,-33.445479700351804,-77.48698992916046
2009-04-23,-110.16635607358998,-32.67936614442955,-77.48698992916046
2009-04-24,-109.44671606097624,-31.959726131815817,-77.48698992916046
2009-04-27,-109.27015346506609,-31.783163535905665,-77.48698992916046
2009-04-28,-108.57650511688186,-31.089515187721435,-77.48698992916046
2009-04-29,-107.58597607989397,-31.089515187721435,-76.49646089217256
2009-04-30,-108.88030910017709,-31.089515187721435,-77.79079391245568
2009-05-01,-108.37699371589252,-31.089515187721435,-77.28747852817112
2009-05-04,-105.78974111006679,-31.089515187721435,-74.70022592234538
2009-05-05,-105.79974111006679,-31.089515187721435,-74.71022592234539
2009-05-06,-105.30925145122085,-31.089515187721435,-74.21973626349944
2009-05-07,-107.65796846855824,-31.089515187721435,-76.56845328083683
2009-05-08,-106.64098299058986,-30.07252970975306,-76.56845328083683
2009-05-11,-107.15388018856393,-30.07252970975306,-77.0813504788109
2009-05-12,-107.88677056353437,-30.805420084723494,-77.0813504788109
2009-05-13,-109.08498941890922,-32.00363894009835,-77.0813504788109
2009-05-14,-108.28672142868858,-32.00363894009835,-76.28308248859027
2009-05-15,-109.037968820085,-32.00363894009835,-77.03432987998669
2009-05-18,-107.18930236326239,-32.00363894009835,-75.18566342316407
2009-05-19,-107.26512524834807,-32.07946182518403,-75.18566342316407
2009-05-20,-108.85358049032642,-33.66791706716239,-75.18566342316407
2009-05-21,-109.14342620109535,-33.957762777931315,-75.18566342316407
2009-05-22,-109.64648239038992,-34.46081896722588,-75.18566342316407
2009-05-26,-106.38333883368425,-34.46081896722588,-71.9225198664584
2009-05-27,-108.34801899789097,-34.46081896722588,-73.88720003066513
2009-05-28,-107.85079650626518,-34.46081896722588,-73.38997753903934
2009-05-29,-106.65393148687845,-34.46081896722588,-72.1931125196526
2009-06-01,-105.49643944816911,-33.30332692851655,-72.1931125196526
2009-06-02,-105.03088035033787,-33.30332692851655,-71.72755342182136
2009-06-03,-105.45645917272385,-33.30332692851655,-72.15313224420734
2009-06-04,-104.90421424733435,-33.30332692851655,-71.60088731881784
2009-06-05,-105.90348226830845,-33.30332692851655,-72.60015533979194
2009-06-08,-105.57304861588366,-33.30332692851655,-72.26972168736715
2009-06-09,-105.63586967164537,-33.30332692851655,-72.33254274312885
2009-06-10,-106.78344440301561,-33.30332692851655,-73.4801174744991
2009-06-11,-106.5400146350239,-33.30332692851655,-73.23668770650738
2009-06-12,-105.83225739156298,-33.30332692851655,-72.52893046304646
2009-06-15,-106.97680617177889,-33.30332692851655,-73.67347924326238
2009-06-16,-108.70698051084246,-33.30332692851655,-75.40365358232594
2009-06-17,-108.77157556755942,-33.30332692851655,-75.46824863904291
2009-06-18,-108.20520643487299,-33.30332692851655,-74.90187950635648
2009-06-19,-108.80019446157102,-33.30332692851655,-75.49686753305451
2009-06-22,-110.87212387943389,-33.30332692851655,-77.56879695091737
2009-06-23,-111.0163401469669,-33.30332692851655,-77.71301321845039
2009-06-24,-111.07071657780982,-33.30332692851655,-77.7673896492933
2009-06-25,-108.42856260230252,-33.30332692851655,-75.12523567378601
2009-06-26,-108.36231435777171,-33.30332692851655,-75.0589874292552
2009-06-29,-107.73382255531818,-32.67483512606303,-75.0589874292552
2009-06-30,-108.57775198891447,-33.51876455965932,-75.0589874292552
2009-07-01,-108.59857616928464,-33.51876455965932,-75.07981160962537
2009-07-02,-110.0676489562984,-33.51876455965932,-76.54888439663912
2009-07-06,-109.11534928034773,-32.56646488370865,-76.54888439663912
2009-07-07,-110.98173555660016,-34.432851159961075,-76.54888439663912
2009-07-08,-111.65994841740066,-35.11106402076158,-76.54888439663912
2009-07-09,-112.16774607896694,-35.11106402076158,-77.05668205820541
2009-07-10,-111.88171700920022,-34.825034950994855,-77.05668205820541
2009-07-13,-109.88503462479495,-32.828352566589594,-77.05668205820541
2009-07-14,-109.64087308718169,-32.58419102897633,-77.05668205820541
2009-07-15,-108.08386141491268,-31.027179356707318,-77.05668205820541
2009-07-16,-107.97565108467776,-31.027179356707318,-76.9484717279705
2009-07-17,-107.9112585027316,-31.027179356707318,-76.88407914602433
2009-07-20,-107.44710245498487,-31.027179356707318,-76.41992309827761
2009-07-21,-107.77052002029076,-31.027179356707318,-76.7433406635835
2009-07-22,-107.1611238237992,-30.417783160215762,-76.7433406635835
2009-07-23,-105.04965655870359,-30.417783160215762,-74.63187339848788
2009-07-24,-104.17877343307222,-30.417783160215762,-73.76099027285652
2009-07-27,-103.70974155242003,-30.417783160215762,-73.29195839220432
2009-07-28,-103.48451186180105,-30.417783160215762,-73.06672870158535
2009-07-29,-103.2792274686392,-30.417783160215762,-72.8614443084235
2009-07-30,-103.45125652900856,-30.417783160215762,-73.03347336879285
2009-07-31,-103.29920237275292,-30.417783160215762,-72.88141921253721
2009-08-03,-102.72005097111466,-29.838631758577506,-72.88141921253721
2009-08-04,-102.02248999153869,-29.141070779001545,-72.88141921253721
2009-08-05,-102.39037185319657,-29.141070779001545,-73.24930107419509
2009-08-06,-103.37667303938166,-29.141070779001545,-74.23560226038018
2009-08-07,-103.1294308794985,-28.89382861911838,-74.23560226038018
2009-08-10,-102.89157470215301,-28.89382861911838,-73.99774608303468
2009-08-11,-103.71048463180651,-28.89382861911838,-74.81665601268818
2009-08-12,-102.4826913382854,-28.89382861911838,-73.58886271916708
2009-08-13,-102.1870188074282,-28.89382861911838,-73.29319018830988
2009-08-14,-102.91868249633919,-29.62549230802936,-73.29319018830988
2009-08-17,-103.47646325986314,-30.183273071553316,-73.29319018830988
2009-08-18,-102.91971994304616,-29.62652975473634,-73.29319018830988
2009-08-19,-101.26528291677268,-29.62652975473634,-71.6387531620364
2009-08-20,-100.38010929249147,-28.741356130455138,-71.6387531620364
2009-08-21,-99.2669942878297,-28.741356130455138,-70.52563815737463
2009-08-24,-99.6937628177705,-28.741356130455138,-70.95240668731543
2009-08-25,-99.9071222816037,-28.954715594288345,-70.95240668731543
2009-08-26,-99.59674742396021,-28.64434073664485,-70.95240668731543
2009-08-27,-99.32588828574978,-28.64434073664485,-70.681547549105
2009-08-28,-100.15474176156437,-28.64434073664485,-71.51040102491959
2009-08-31,-100.07686758016781,-28.64434073664485,-71.43252684352304
2009-09-01,-101.8182984694175,-30.385771625894527,-71.43252684352304
2009-09-02,-101.78821739089179,-30.355690547368823,-71.43252684352304
2009-09-03,-101.54952291184958,-30.355690547368823,-71.19383236448083
2009-09-04,-100.36686266739929,-30.355690547368823,-70.01117212003054
2009-09-08,-100.43512969622317,-30.355690547368823,-70.07943914885442
2009-09-09,-99.85532804220162,-30.355690547368823,-69.49963749483287
2009-09-10,-98.91609243305366,-30.355690547368823,-68.56040188568491
2009-09-11,-99.13585721865046,-30.355690547368823,-68.7801666712817
2009-09-14,-97.80714765589192,-29.026980984610283,-68.7801666712817
2009-09-15,-97.56142532607163,-29.026980984610283,-68.53444434146141
2009-09-16,-96.42812617853195,-29.026980984610283,-67.40114519392174
2009-09-17,-96.44745245740827,-29.026980984610283,-67.42047147279806
2009-09-18,-96.85956671285697,-29.026980984610283,-67.83258572824676
2009-09-21,-96.34211181358918,-29.026980984610283,-67.31513082897897
2009-09-22,-96.3614530567986,-29.026980984610283,-67.33447207218838
2009-09-23,-97.43937832521416,-29.026980984610283,-68.41239734060395
2009-09-24,-98.77377710598515,-29.026980984610283,-69.74679612137493
2009-09-25,-99.09922146046004,-29.026980984610283,-70.07224047584982
2009-09-28,-97.7169545864921,-27.644714110642337,-70.07224047584982
2009-09-29,-98.20693492645468,-28.134694450604922,-70.07224047584982
2009-09-30,-98.9435286241838,-28.134694450604922,-70.80883417357894
2009-10-01,-98.98265789478747,-28.134694450604922,-70.84796344418261
2009-10-02,-98.53302065378278,-28.134694450604922,-70.39832620317793
2009-10-05,-97.46047081336623,-27.06214461018837,-70.39832620317793
2009-10-06,-96.76663920568427,-26.368313002506408,-70.39832620317793
2009-10-07,-96.27442901624889,-26.368313002506408,-69.90611601374255
2009-10-08,-96.22813556611997,-26.322019552377498,-69.90611601374255
2009-10-09,-95.65842123370214,-26.322019552377498,-69.33640168132472
2009-10-12,-95.74268955325779,-26.322019552377498,-69.42067000088036
2009-10-13,-95.68752809382268,-26.322019552377498,-69.36550854144525
2009-10-14,-95.15632020380266,-25.790811662357484,-69.36550854144525
2009-10-15,-94.31501723266572,-25.790811662357484,-68.52420557030831
2009-10-16,-94.24233420449866,-25.790811662357484,-68.45152254214125
2009-10-19,-93.59437586021205,-25.142853318070884,-68.45152254214125
2009-10-20,-94.27968220205665,-25.828159659915478,-68.45152254214125
2009-10-21,-95.03529944813769,-25.828159659915478,-69.20713978822229
2009-10-22,-93.99711095524175,-25.828159659915478,-68.16895129532635
2009-10-23,-95.48576266393835,-25.828159659915478,-69.65760300402295
2009-10-26,-96.69515715674375,-25.828159659915478,-70.86699749682835
2009-10-27,-97.27672171961822,-25.828159659915478,-71.44856205970282
2009-10-28,-98.93949283438549,-25.828159659915478,-73.11133317447009
2009-10-29,-97.57107310798176,-25.828159659915478,-71.74291344806636
2009-10-30,-100.19249138280989,-25.828159659915478,-74.36433172289449
2009-11-02,-100.02019107404696,-25.828159659915478,-74.19203141413156
2009-11-03,-99.15681955987742,-24.964788145745935,-74.19203141413156
2009-11-04,-99.72758134527254,-25.535549931141063,-74.19203141413156
2009-11-05,-98.61762723636814,-25.535549931141063,-73.08207730522716
2009-11-06,-97.81221888536604,-24.730141580138962,-73.08207730522716
2009-11-09,-96.33267059122825,-23.25059328600118,-73.08207730522716
2009-11-10,-96.08684698244801,-23.25059328600118,-72.83625369644692
2009-11-11,-96.24199445724521,-23.25059328600118,-72.99140117124412
2009-11-12,-97.13772478426078,-23.25059328600118,-73.88713149825969
2009-11-13,-96.8645243140197,-23.25059328600118,-73.61393102801861
2009-11-16,-96.12538786702524,-22.511456839006712,-73.61393102801861
2009-11-17,-95.7574533045811,-22.511456839006712,-73.24599646557448
2009-11-18,-95.75847068929554,-22.512474223721146,-73.24599646557448
2009-11-19,-96.39480817524449,-22.512474223721146,-73.88233395152344
2009-11-20,-96.24018375090166,-22.357849799378318,-73.88233395152344
2009-11-23,-96.1599079718106,-22.357849799378318,-73.80205817243237
2009-11-24,-96.17891931136056,-22.357849799378318,-73.82106951198233
2009-11-25,-96.00019843864064,-22.357849799378318,-73.64234863926241
2009-11-27,-94.93664758362368,-22.357849799378318,-72.57879778424545
2009-11-30,-94.52736060320137,-22.357849799378318,-72.16951080382314
2009-12-01,-94.19535245709987,-22.357849799378318,-71.83750265772164
2009-12-02,-94.23231401701823,-22.357849799378318,-71.87446421764
2009-12-03,-95.29671552780938,-23.422251310169482,-71.87446421764
2009-12-04,-96.05160944312694,-24.17714522548703,-71.87446421764
2009-12-07,-96.12475021114912,-24.17714522548703,-71.94760498566218
2009-12-08,-96.52628296917902,-24.578677983516936,-71.94760498566218
2009-12-09,-96.13555855765313,-24.578677983516936,-71.55688057413629
2009-12-10,-96.19977158833524,-24.642891014199044,-71.55688057413629
2009-12-11,-96.20977158833524,-24.652891014199046,-71.55688057413629
2009-12-14,-96.21977158833525,-24.652891014199046,-71.56688057413629
2009-12-15,-96.32851098108597,-24.652891014199046,-71.67561996688701
2009-12-16,-96.58927809178547,-24.91365812489855,-71.67561996688701
2009-12-17,-97.08818889979875,-25.41256893291183,-71.67561996688701
2009-12-18,-97.08911296275656,-25.413492995869632,-71.67561996688701
2009-12-21,-96.58580670296406,-24.910186736077137,-71.67561996688701
2009-12-22,-96.4524984295146,-24.77687846262768,-71.67561996688701
2009-12-23,-96.50715398054844,-24.83153401366151,-71.67561996688701
2009-12-24,-96.25899662166412,-24.583376654777204,-71.67561996688701
2009-12-28,-96.42855724676296,-24.583376654777204,-71.84518059198585
2009-12-29,-96.83755106263979,-24.992370470654034,-71.84518059198585
2009-12-30,-96.58949237782087,-24.744311785835123,-71.84518059198585
2009-12-31,-97.78588888750788,-24.744311785835123,-73.04157710167286
2010-01-04,-96.94519783354994,-23.903620731877183,-73.04157710167286
2010-01-05,-96.6290526123813,-23.587475510708547,-73.04157710167286
2010-01-06,-96.47181898190951,-23.430241880236753,-73.04157710167286
2010-01-07,-95.87572776467854,-22.834150663005786,-73.04157710167286
2010-01-08,-95.29043553320406,-22.834150663005786,-72.45628487019837
2010-01-11,-95.60503388560596,-23.148749015407684,-72.45628487019837
2010-01-12,-95.88740373456085,-23.431118864362574,-72.45628487019837
2010-01-13,-95.31114331696561,-23.431118864362574,-71.88002445260314
2010-01-14,-94.93756474107266,-23.057540288469625,-71.88002445260314
2010-01-15,-95.90216668661355,-23.057540288469625,-72.84462639814403
2010-01-19,-94.65275279519207,-23.057540288469625,-71.59521250672255
2010-01-20,-95.0046029705679,-23.409390463845458,-71.59521250672255
2010-01-21,-96.98257825420461,-25.38736574748217,-71.59521250672255
2010-01-22,-98.7983511088208,-25.38736574748217,-73.41098536133873
2010-01-25,-99.20839023668384,-25.38736574748217,-73.82102448920178
2010-01-26,-99.24583023697885,-25.42480574777717,-73.82102448920178
2010-01-27,-98.6530853417487,-24.83206085254703,-73.82102448920178
2010-01-28,-100.14419006406105,-24.83206085254703,-75.31212921151412
2010-01-29,-101.67896342385195,-26.366834212337935,-75.31212921151412
2010-02-01,-100.85106336344846,-25.538934151934438,-75.31212921151412
2010-02-02,-99.84120830254767,-25.538934151934438,-74.30227415061333
2010-02-03,-99.89671867843819,-25.538934151934438,-74.35778452650385
2010-02-04,-102.26501276961287,-27.90722824310912,-74.35778452650385
2010-02-05,-102.18120720702358,-27.90722824310912,-74.27397896391456
2010-02-08,-102.9907209284285,-28.716741964514053,-74.27397896391456
2010-02-09,-102.91674241364856,-28.642763449734108,-74.27397896391456
2010-02-10,-102.9641159678142,-28.642763449734108,-74.32135251808019
2010-02-11,-101.80201463584572,-28.642763449734108,-73.15925118611172
2010-02-12,-100.83539611439542,-27.676144928283804,-73.15925118611172
2010-02-16,-100.04027075922242,-27.676144928283804,-72.36412583093872
2010-02-17,-100.05933483839361,-27.695209007454984,-72.36412583093872
2010-02-18,-99.31816445674261,-26.954038625803978,-72.36412583093872
2010-02-19,-98.85919116029011,-26.954038625803978,-71.90515253448622
2010-02-22,-99.21942220204082,-27.31426966755468,-71.90515253448622
2010-02-23,-100.18107941410567,-27.31426966755468,-72.86680974655107
2010-02-24,-99.57558117483879,-27.31426966755468,-72.26131150728419
2010-02-25,-98.28503050669877,-27.31426966755468,-70.97076083914418
2010-02-26,-98.32211621860722,-27.31426966755468,-71.00784655105262
2010-03-01,-97.7135276193984,-27.31426966755468,-70.39925795184381
2010-03-02,-97.87493326667736,-27.31426966755468,-70.56066359912276
2010-03-03,-98.053975356166,-27.31426966755468,-70.73970568861141
2010-03-04,-97.89515178370584,-27.31426966755468,-70.58088211615124
2010-03-05,-97.13193183189607,-27.31426966755468,-69.81766216434147
2010-03-08,-97.13318505300866,-27.31552288866727,-69.81766216434147
2010-03-09,-96.67906689364463,-26.86140472930324,-69.81766216434147
2010-03-10,-96.28816076338713,-26.86140472930324,-69.42675603408397
2010-03-11,-95.6464095795848,-26.86140472930324,-68.78500485028164
2010-03-12,-96.07989914743888,-26.86140472930324,-69.21849441813572
2010-03-15,-95.89055283870304,-26.86140472930324,-69.02914810939988
2010-03-16,-95.38379507833142,-26.86140472930324,-68.52239034902826
2010-03-17,-95.10302574920294,-26.580635400174767,-68.52239034902826
2010-03-18,-95.17281622236408,-26.65042587333591,-68.52239034902826
2010-03-19,-95.18281622236408,-26.66042587333591,-68.52239034902826
2010-03-22,-94.08888192990702,-26.66042587333591,-67.42845605657119
2010-03-23,-93.54372697479951,-26.66042587333591,-66.88330110146369
2010-03-24,-93.66493256700491,-26.781631465541313,-66.88330110146369
2010-03-25,-94.51153957447963,-27.628238473016026,-66.88330110146369
2010-03-26,-94.76998768672085,-27.628238473016026,-67.14174921370491
2010-03-29,-94.65204914119141,-27.628238473016026,-67.02381066817547
2010-03-30,-94.7131413320651,-27.628238473016026,-67.08490285904917
2010-03-31,-94.6803945458531,-27.628238473016026,-67.05215607283716
2010-04-01,-94.69039454585311,-27.628238473016026,-67.06215607283717
2010-04-05,-94.27003049472201,-27.628238473016026,-66.64179202170607
2010-04-06,-93.75783378127694,-27.628238473016026,-66.129595308261
2010-04-07,-94.13889377407635,-27.628238473016026,-66.51065530106041
2010-04-08,-93.45608961991351,-27.628238473016026,-65.82785114689757
2010-04-09,-93.02176947796802,-27.628238473016026,-65.39353100495208
2010-04-12,-92.99835741919239,-27.604826414240396,-65.39353100495208
2010-04-13,-92.83295617943662,-27.604826414240396,-65.22812976519631
2010-04-14,-92.08091670795716,-26.852786942760932,-65.22812976519631
2010-04-15,-91.84326671076613,-26.615136945569912,-65.22812976519631
2010-04-16,-93.10213815221587,-26.615136945569912,-66.48700120664606
2010-04-19,-92.44217883920238,-25.95517763255643,-66.48700120664606
2010-04-20,-92.18710272167891,-25.700101515032962,-66.48700120664606
2010-04-21,-92.43715356779951,-25.700101515032962,-66.73705205276666
2010-04-22,-91.44228764969793,-24.705235596931384,-66.73705205276666
2010-04-23,-90.73550178598404,-23.998449733217498,-66.73705205276666
2010-04-26,-91.15668658100424,-23.998449733217498,-67.15823684778685
2010-04-27,-92.98164722353566,-23.998449733217498,-68.98319749031828
2010-04-28,-92.71484110690308,-23.731643616584922,-68.98319749031828
2010-04-29,-92.09402714664152,-23.110829656323368,-68.98319749031828
2010-04-30,-93.83130087879724,-23.110829656323368,-70.72047122247399
2010-05-03,-93.03205169710198,-23.110829656323368,-69.92122204077873
2010-05-04,-94.30195548145403,-23.110829656323368,-71.19112582513078
2010-05-05,-94.08914097561956,-22.898015150488895,-71.19112582513078
2010-05-06,-96.99637645424619,-22.898015150488895,-74.09836130375741
2010-05-07,-98.23908276860975,-24.14072146485245,-74.09836130375741
2010-05-10,-97.94731411983392,-23.84895281607663,-74.09836130375741
2010-05-11,-97.29901626292425,-23.84895281607663,-73.45006344684775
2010-05-12,-96.31645566855317,-23.84895281607663,-72.46750285247667
2010-05-13,-97.30450002418921,-24.836997171712664,-72.46750285247667
2010-05-14,-98.38870217523029,-24.836997171712664,-73.55170500351775
2010-05-17,-98.61785633411482,-24.836997171712664,-73.78085916240228
2010-05-18,-100.81026936977665,-24.836997171712664,-75.97327219806411
2010-05-19,-100.82921179978351,-24.836997171712664,-75.99221462807097
2010-05-20,-102.53572709111045,-26.543512463039605,-75.99221462807097
2010-05-21,-99.56904290833239,-23.57682828026155,-75.99221462807097
2010-05-24,-100.32824640775266,-23.57682828026155,-76.75141812749123
2010-05-25,-97.79267235264749,-21.041254225156372,-76.75141812749123
2010-05-26,-99.01762370243539,-22.266205574944273,-76.75141812749123
2010-05-27,-97.6000025819794,-22.266205574944273,-75.33379700703524
2010-05-28,-98.76450531998532,-22.266205574944273,-76.49829974504117
2010-06-01,-99.53419000491267,-23.035890259871632,-76.49829974504117
2010-06-02,-97.4837719274353,-20.985472182394254,-76.49829974504117
2010-06-03,-97.43956379597748,-20.985472182394254,-76.45409161358334
2010-06-04,-99.1113955816674,-22.657303968084168,-76.45409161358334
2010-06-07,-100.72940345423173,-24.27531184064851,-76.45409161358334
2010-06-08,-99.7497134498086,-23.295621836225372,-76.45409161358334
2010-06-09,-100.8755718158469,-23.295621836225372,-77.57994997962165
2010-06-10,-99.69667167506849,-23.295621836225372,-76.40104983884324
2010-06-11,-98.3388641979602,-23.295621836225372,-75.04324236173495
2010-06-14,-99.26692228659853,-23.295621836225372,-75.97130045037328
2010-06-15,-97.72929266573617,-21.757992215363007,-75.97130045037328
2010-06-16,-97.25580983462439,-21.757992215363007,-75.4978176192615
2010-06-17,-97.3905753715208,-21.892757752259413,-75.4978176192615
2010-06-18,-97.49003545245625,-21.992217833194868,-75.4978176192615
2010-06-21,-99.02324580112891,-23.525428181867518,-75.4978176192615
2010-06-22,-100.69859693209872,-23.525428181867518,-77.17316875023131
2010-06-23,-101.08324536005445,-23.910076609823246,-77.17316875023131
2010-06-24,-102.26859022061844,-25.095421470387226,-77.17316875023131
2010-06-25,-102.15799757816256,-24.98482882793136,-77.17316875023131
2010-06-28,-102.63190637606262,-24.98482882793136,-77.64707754813136
2010-06-29,-104.36387024381466,-24.98482882793136,-79.37904141588342
2010-06-30,-105.04974126338338,-25.670699847500085,-79.37904141588342
2010-07-01,-105.43854739136864,-26.059505975485344,-79.37904141588342
2010-07-02,-106.33502114540006,-26.95597972951676,-79.37904141588342
2010-07-06,-107.09074794162777,-27.711706525744457,-79.37904141588342
2010-07-07,-104.252148347446,-24.87310693156268,-79.37904141588342
2010-07-08,-104.11272390857391,-24.87310693156268,-79.23961697701134
2010-07-09,-103.35094840528055,-24.87310693156268,-78.47784147371797
2010-07-12,-102.96211625702331,-24.87310693156268,-78.08900932546074
2010-07-13,-102.50595561748104,-24.87310693156268,-77.63284868591846
2010-07-14,-102.20539273660509,-24.87310693156268,-77.33228580504252
2010-07-15,-102.15155061255975,-24.87310693156268,-77.27844368099717
2010-07-16,-104.41424626587698,-27.13580258487991,-77.27844368099717
2010-07-19,-104.20030490203831,-27.13580258487991,-77.0645023171585
2010-07-20,-101.77491461813699,-27.13580258487991,-74.63911203325718
2010-07-21,-103.60811186459661,-28.96899983133953,-74.63911203325718
2010-07-22,-102.58963377219756,-27.950521738940473,-74.63911203325718
2010-07-23,-101.53428721527715,-27.950521738940473,-73.58376547633677
2010-07-26,-100.68004065695884,-27.096275180622165,-73.58376547633677
2010-07-27,-101.24430196664969,-27.66053649031301,-73.58376547633677
2010-07-28,-101.69544412739063,-27.66053649031301,-74.03490763707771
2010-07-29,-102.81450895653445,-27.66053649031301,-75.15397246622153
2010-07-30,-101.8219499757283,-26.66797750950685,-75.15397246622153
2010-08-02,-101.14673770858525,-25.992765242363795,-75.15397246622153
2010-08-03,-101.38815937923285,-25.992765242363795,-75.39539413686913
2010-08-04,-101.00791281620437,-25.992765242363795,-75.01514757384065
2010-08-05,-100.48481650421644,-25.992765242363795,-74.49205126185272
2010-08-06,-99.91479298557813,-25.992765242363795,-73.92202774321441
2010-08-09,-99.8628216710779,-25.940793927863552,-73.92202774321441
2010-08-10,-99.56089371412746,-25.940793927863552,-73.62009978626398
2010-08-11,-100.79845943250483,-25.940793927863552,-74.85766550464135
2010-08-12,-99.90222451480311,-25.940793927863552,-73.96143058693963
2010-08-13,-99.89376039359897,-25.940793927863552,-73.95296646573549
2010-08-16,-99.26436384416672,-25.940793927863552,-73.32356991630324
2010-08-17,-98.90870487680448,-25.940793927863552,-72.967910948941
2010-08-18,-98.69073778960106,-25.940793927863552,-72.74994386173758
2010-08-19,-99.9352112984646,-27.18526743672708,-72.74994386173758
2010-08-20,-99.97310546369975,-27.223161601962236,-72.74994386173758
2010-08-23,-100.83828650122265,-27.223161601962236,-73.61512489926048
2010-08-24,-101.24548598071372,-27.223161601962236,-74.02232437875155
2010-08-25,-100.31659578340127,-27.223161601962236,-73.0934341814391
2010-08-26,-101.46989642267872,-28.376462241239683,-73.0934341814391
2010-08-27,-100.56802056638163,-27.4745863849426,-73.0934341814391
2010-08-30,-101.77677415030864,-28.683339968869607,-73.0934341814391
2010-08-31,-101.41575208403839,-28.322317902599355,-73.0934341814391
2010-09-01,-99.81784002470718,-26.724405843268148,-73.0934341814391
2010-09-02,-99.14036310504191,-26.046928923602877,-73.0934341814391
2010-09-03,-98.83423722768461,-26.046928923602877,-72.78730830408179
2010-09-07,-99.50784890791455,-26.720540603832813,-72.78730830408179
2010-09-08,-99.018457993002,-26.720540603832813,-72.29791738916924
2010-09-09,-99.68443676431224,-26.720540603832813,-72.96389616047948
2010-09-10,-99.37098580802953,-26.407089647550098,-72.96389616047948
2010-09-13,-99.25670759607101,-26.407089647550098,-72.84961794852096
2010-09-14,-99.1334617181624,-26.28384376964148,-72.84961794852096
2010-09-15,-98.46910057241546,-25.619482623894545,-72.84961794852096
2010-09-16,-98.19563888403829,-25.619482623894545,-72.57615626014379
2010-09-17,-98.6933825501469,-25.619482623894545,-73.0738999262524
2010-09-20,-97.53202576678117,-24.45812584052883,-73.0738999262524
2010-09-21,-97.82238313093139,-24.748483204679037,-73.0738999262524
2010-09-22,-98.16686533765342,-25.092965411401075,-73.0738999262524
2010-09-23,-98.16797415463905,-25.092965411401075,-73.07500874323803
2010-09-24,-97.24171172958222,-25.092965411401075,-72.1487463181812
2010-09-27,-97.7667078264433,-25.092965411401075,-72.67374241504227
2010-09-28,-97.55845290197136,-25.092965411401075,-72.46548749057034
2010-09-29,-97.48979528997596,-25.092965411401075,-72.39682987857493
2010-09-30,-98.30266704064994,-25.092965411401075,-73.20970162924891
2010-10-01,-98.6436754055467,-25.092965411401075,-73.55070999414568
2010-10-04,-99.1972527032414,-25.092965411401075,-74.10428729184038
2010-10-05,-98.13290703581762,-25.092965411401075,-73.0399416244166
2010-10-06,-98.1342863623128,-25.092965411401075,-73.04132095091178
2010-10-07,-98.66926765492292,-25.092965411401075,-73.5763022435219
2010-10-08,-98.25792659957625,-24.681624356054407,-73.5763022435219
2010-10-11,-98.32791691204118,-24.681624356054407,-73.64629255598682
2010-10-12,-97.70347934413611,-24.681624356054407,-73.02185498808176
2010-10-13,-97.492752108909,-24.4708971208273,-73.02185498808176
2010-10-14,-97.80028153238683,-24.778426544305137,-73.02185498808176
2010-10-15,-98.30185116497353,-24.778426544305137,-73.52342462066845
2010-10-18,-97.85426124424012,-24.778426544305137,-73.07583469993504
2010-10-19,-98.25755781231244,-24.778426544305137,-73.47913126800736
2010-10-20,-97.47542362078067,-24.778426544305137,-72.6969970764756
2010-10-21,-97.71372818352785,-24.778426544305137,-72.93530163922277
2010-10-22,-97.68992363981212,-24.778426544305137,-72.91149709550704
2010-10-25,-98.06992275699012,-24.778426544305137,-73.29149621268505
2010-10-26,-97.55631481517169,-24.2648186024867,-73.29149621268505
2010-10-27,-97.15153632172796,-24.2648186024867,-72.88671771924132
2010-10-28,-97.71741750994474,-24.83069979070348,-72.88671771924132
2010-10-29,-97.55003089634056,-24.83069979070348,-72.71933110563714
2010-11-01,-98.01457790707705,-25.295246801439976,-72.71933110563714
2010-11-02,-97.98271508099322,-25.263383975356138,-72.71933110563714
2010-11-03,-97.76737037422433,-25.048039268587253,-72.71933110563714
2010-11-04,-96.97256734977125,-25.048039268587253,-71.92452808118406
2010-11-05,-96.67243498122578,-25.048039268587253,-71.62439571263859
2010-11-08,-96.55989971332542,-25.048039268587253,-71.51186044473823
2010-11-09,-97.55996555379333,-26.048105109055165,-71.51186044473823
2010-11-10,-97.1431784299304,-26.048105109055165,-71.0950733208753
2010-11-11,-96.66696351026165,-25.571890189386423,-71.0950733208753
2010-11-12,-97.19144705752335,-26.096373736648122,-71.0950733208753
2010-11-15,-97.65862174546162,-26.096373736648122,-71.56224800881357
2010-11-16,-98.62040592073494,-26.096373736648122,-72.52403218408689
2010-11-17,-98.62194495027981,-26.096373736648122,-72.52557121363176
2010-11-18,-98.13052448229143,-25.604953268659738,-72.52557121363176
2010-11-19,-97.81578179656631,-25.290210582934616,-72.52557121363176
2010-11-22,-97.40890609711009,-25.290210582934616,-72.11869551417554
2010-11-23,-97.68869776524024,-25.290210582934616,-72.39848718230569
2010-11-24,-96.86327099695495,-24.464783814649333,-72.39848718230569
2010-11-26,-97.17584359305962,-24.464783814649333,-72.71105977841036
2010-11-29,-96.6304237927994,-23.91936401438911,-72.71105977841036
2010-11-30,-96.20908341564694,-23.91936401438911,-72.2897194012579
2010-12-01,-95.54746264052771,-23.91936401438911,-71.62809862613867
2010-12-02,-94.441598878878,-22.8135002527394,-71.62809862613867
2010-12-03,-93.8394270256765,-22.8135002527394,-71.02592677293717
2010-12-06,-93.7434692480173,-22.8135002527394,-70.92996899527797
2010-12-07,-94.65309892541958,-22.8135002527394,-71.83959867268025
2010-12-08,-94.41945759661152,-22.579858923931333,-71.83959867268025
2010-12-09,-94.59899631370487,-22.75939764102469,-71.83959867268025
2010-12-10,-94.3354831808181,-22.75939764102469,-71.57608553979348
2010-12-13,-94.73810056106099,-22.75939764102469,-71.97870292003637
2010-12-14,-94.81225085725663,-22.75939764102469,-72.05285321623201
2010-12-15,-95.0958520306144,-23.042998814382454,-72.05285321623201
2010-12-16,-94.59179516394482,-22.538941947712885,-72.05285321623201
2010-12-17,-94.42464621965647,-22.371793003424525,-72.05285321623201
2010-12-20,-94.46674453149537,-22.41389131526342,-72.05285321623201
2010-12-21,-94.1572286991052,-22.41389131526342,-71.74333738384185
2010-12-22,-93.92843576559756,-22.18509838175577,-71.74333738384185
2010-12-23,-93.97027855831007,-22.18509838175577,-71.78518017655436
2010-12-27,-93.56556843767515,-22.18509838175577,-71.38047005591945
2010-12-28,-93.63118333911319,-22.18509838175577,-71.44608495735748
2010-12-29,-93.6888254103794,-22.18509838175577,-71.50372702862369
2010-12-30,-93.76244009898761,-22.258713070363978,-71.50372702862369
2010-12-31,-93.59733561157509,-22.258713070363978,-71.33862254121117
2011-01-03,-93.33936259148871,-22.00074005027759,-71.33862254121117
2011-01-04,-93.62461617016034,-22.00074005027759,-71.6238761198828
2011-01-05,-92.80068988861328,-21.176813768730526,-71.6238761198828
2011-01-06,-93.04591271120236,-21.176813768730526,-71.86909894247188
2011-01-07,-93.38571134069659,-21.176813768730526,-72.2088975719661
2011-01-10,-93.08020270407027,-20.871305132104204,-72.2088975719661
2011-01-11,-93.0980515180757,-20.871305132104204,-72.22674638597154
2011-01-12,-92.81988191574115,-20.593135529769647,-72.22674638597154
2011-01-13,-93.03222421483598,-20.805477828864475,-72.22674638597154
2011-01-14,-92.1800490137659,-20.805477828864475,-71.37457118490146
2011-01-18,-91.92718716879466,-20.805477828864475,-71.12170933993022
2011-01-19,-92.837607476915,-20.805477828864475,-72.03212964805056
2011-01-20,-92.75386997110351,-20.805477828864475,-71.94839214223907
2011-01-21,-93.16037954064437,-21.21198739840533,-71.94839214223907
2011-01-24,-92.54097242041506,-20.592580278176023,-71.94839214223907
2011-01-25,-92.23305359043361,-20.592580278176023,-71.64047331225763
2011-01-26,-92.10414889667037,-20.592580278176023,-71.51156861849438
2011-01-27,-91.89079900814573,-20.592580278176023,-71.29821872996975
2011-01-28,-93.77784020541023,-20.592580278176023,-73.18525992723424
2011-01-31,-93.31268032285224,-20.12742039561804,-73.18525992723424
2011-02-01,-92.33881480059149,-20.12742039561804,-72.21139440497349
2011-02-02,-92.27981131217734,-20.12742039561804,-72.15239091655934
2011-02-03,-91.89140112701516,-19.739010210455856,-72.15239091655934
2011-02-04,-91.65711360141678,-19.504722684857484,-72.15239091655934
2011-02-07,-91.26469950388909,-19.504722684857484,-71.75997681903165
2011-02-08,-90.9119612691621,-19.504722684857484,-71.40723858430466
2011-02-09,-90.87659106564527,-19.504722684857484,-71.37186838078783
2011-02-10,-90.34096892992686,-18.96910054913907,-71.37186838078783
2011-02-11,-89.361947587789,-18.96910054913907,-70.39284703864998
2011-02-14,-89.07171925350715,-18.96910054913907,-70.10261870436813
2011-02-15,-89.0892445443959,-18.986625840027816,-70.10261870436813
2011-02-16,-88.80744876596022,-18.986625840027816,-69.82082292593245
2011-02-17,-88.22726120523004,-18.986625840027816,-69.24063536520227
2011-02-18,-88.1182551177441,-18.986625840027816,-69.13162927771633
2011-02-22,-89.10202639111645,-19.970397113400168,-69.13162927771633
2011-02-23,-89.66764354196793,-20.53601426425165,-69.13162927771633
2011-02-24,-89.63945722819663,-20.507827950480355,-69.13162927771633
2011-02-25,-89.00504719608533,-20.507827950480355,-68.49721924560502
2011-02-28,-88.76690887968203,-20.507827950480355,-68.25908092920173
2011-03-01,-90.77320553204407,-22.514124602842394,-68.25908092920173
2011-03-02,-90.43200139789819,-22.17292046869651,-68.25908092920173
2011-03-03,-89.63708687508691,-21.378005945885235,-68.25908092920173
2011-03-04,-90.32418388630356,-21.378005945885235,-68.94617794041838
2011-03-07,-91.41634509273064,-21.378005945885235,-70.03833914684546
2011-03-08,-90.71481197417377,-20.67647282732836,-70.03833914684546
2011-03-09,-90.67192990301243,-20.67647282732836,-69.99545707568412
2011-03-10,-91.49437979901712,-20.67647282732836,-70.81790697168881
2011-03-11,-90.49039656654682,-20.67647282732836,-69.81392373921851
2011-03-14,-90.4542516983059,-20.67647282732836,-69.77777887097758
2011-03-15,-88.92003032640423,-20.67647282732836,-68.24355749907592
2011-03-16,-90.47922470849812,-20.67647282732836,-69.80275188116981
2011-03-17,-90.6064821202318,-20.80373023906204,-69.80275188116981
2011-03-18,-91.45825966142081,-20.80373023906204,-70.65452942235882
2011-03-21,-91.16720623075996,-20.80373023906204,-70.36347599169797
2011-03-22,-91.50924618192916,-20.80373023906204,-70.70551594286717
2011-03-23,-90.95463584435308,-20.80373023906204,-70.15090560529109
2011-03-24,-90.58193348414434,-20.80373023906204,-69.77820324508235
2011-03-25,-90.54622802388269,-20.768024778800388,-69.77820324508235
2011-03-28,-91.01327186418617,-21.235068619103856,-69.77820324508235
2011-03-29,-90.26963870849085,-20.491435463408543,-69.77820324508235
2011-03-30,-90.11380027561638,-20.335597030534082,-69.77820324508235
2011-03-31,-90.13134940306281,-20.335597030534082,-69.79575237252878
2011-04-01,-90.33643482508353,-20.335597030534082,-70.0008377945495
2011-04-04,-90.47392232003311,-20.335597030534082,-70.13832528949908
2011-04-05,-90.30362968690169,-20.335597030534082,-69.96803265636765
2011-04-06,-90.4780920202085,-20.51005936384091,-69.96803265636765
2011-04-07,-90.5630645382793,-20.51005936384091,-70.05300517443845
2011-04-08,-91.36026584067693,-20.51005936384091,-70.85020647683608
2011-04-11,-91.77710228856938,-20.51005936384091,-71.26704292472853
2011-04-12,-91.9770791667722,-20.51005936384091,-71.46701980293135
2011-04-13,-92.45759312358307,-20.51005936384091,-71.94753375974221
2011-04-14,-91.81175257531774,-20.51005936384091,-71.30169321147689
2011-04-15,-91.63983148382748,-20.338138272350648,-71.30169321147689
2011-04-18,-91.67280585114891,-20.338138272350648,-71.33466757879832
2011-04-19,-91.26306770797613,-20.338138272350648,-70.92492943562554
2011-04-20,-91.1076407873149,-20.338138272350648,-70.76950251496432
2011-04-21,-91.12511136109894,-20.338138272350648,-70.78697308874835
2011-04-25,-91.16503301875142,-20.338138272350648,-70.82689474640082
2011-04-26,-90.62452556949539,-19.797630823094625,-70.82689474640082
2011-04-27,-90.17649055299913,-19.797630823094625,-70.37885972990456
2011-04-28,-89.68563662878219,-19.797630823094625,-69.88800580568763
2011-04-29,-89.49754491185479,-19.60953910616723,-69.88800580568763
2011-05-02,-90.12960120215504,-19.60953910616723,-70.52006209598788
2011-05-03,-90.3089199398432,-19.60953910616723,-70.69938083367603
2011-05-04,-90.93999131728106,-19.60953910616723,-71.3304522111139
2011-05-05,-91.30114503940571,-19.97069282829188,-71.3304522111139
2011-05-06,-91.8610501888658,-20.53059797775198,-71.3304522111139
2011-05-09,-91.47686666401218,-20.14641445289836,-71.3304522111139
2011-05-10,-90.97033882907016,-19.639886617956343,-71.3304522111139
2011-05-11,-91.89108202748076,-19.639886617956343,-72.2511954095245
2011-05-12,-91.15802615923127,-18.90683074970684,-72.2511954095245
2011-05-13,-91.99272763731467,-18.90683074970684,-73.0858968876079
2011-05-16,-92.28013746259376,-18.90683074970684,-73.37330671288699
2011-05-17,-91.92904798093062,-18.90683074970684,-73.02221723122385
2011-05-18,-91.10197650756238,-18.90683074970684,-72.19514575785561
2011-05-19,-91.20104462824895,-18.90683074970684,-72.29421387854218
2011-05-20,-91.74848058194692,-18.90683074970684,-72.84164983224015
2011-05-23,-91.69788231233846,-18.90683074970684,-72.7910515626317
2011-05-24,-92.07855144152902,-18.90683074970684,-73.17172069182224
2011-05-25,-91.35316946128542,-18.90683074970684,-72.44633871157865
2011-05-26,-90.63117266365605,-18.90683074970684,-71.72434191394927
2011-05-27,-90.53625704020489,-18.90683074970684,-71.62942629049812
2011-05-31,-90.44985059160179,-18.820424301103742,-71.62942629049812
2011-06-01,-92.44204590060382,-20.812619610105777,-71.62942629049812
2011-06-02,-92.62650154361995,-20.99707525312192,-71.62942629049812
2011-06-03,-92.42926020553844,-20.799833915040413,-71.62942629049812
2011-06-06,-93.24967107306652,-21.62024478256849,-71.62942629049812
2011-06-07,-93.83184477037625,-21.62024478256849,-72.21159998780784
2011-06-08,-94.1062483364758,-21.89464834866804,-72.21159998780784
2011-06-09,-93.62820489304772,-21.416604905239968,-72.21159998780784
2011-06-10,-94.61306744456144,-21.416604905239968,-73.19646253932156
2011-06-13,-94.77174499777453,-21.416604905239968,-73.35514009253465
2011-06-14,-94.43315468949746,-21.416604905239968,-73.01654978425758
2011-06-15,-95.39905700848573,-22.382507224228245,-73.01654978425758
2011-06-16,-95.22034371723304,-22.382507224228245,-72.83783649300489
2011-06-17,-95.92059451004593,-22.382507224228245,-73.53808728581778
2011-06-20,-95.08127027673487,-22.382507224228245,-72.69876305250672
2011-06-21,-94.24568411412564,-21.54692106161902,-72.69876305250672
2011-06-22,-94.5505817987478,-21.54692106161902,-73.00366073712888
2011-06-23,-93.66806874216043,-21.54692106161902,-72.12114768054151
2011-06-24,-94.82282540473706,-21.54692106161902,-73.27590434311814
2011-06-27,-94.00873955416873,-20.732835211050684,-73.27590434311814
2011-06-28,-93.11971491948239,-19.84381057636435,-73.27590434311814
2011-06-29,-92.73112150802955,-19.84381057636435,-72.8873109316653
2011-06-30,-92.11020319829791,-19.222892266632723,-72.8873109316653
2011-07-01,-90.74429196259861,-17.856981030933426,-72.8873109316653
2011-07-05,-90.73187051199649,-17.84455958033131,-72.8873109316653
2011-07-06,-90.38294115373247,-17.495630222067295,-72.8873109316653
2011-07-07,-90.24508001110259,-17.35776907943741,-72.8873109316653
2011-07-08,-89.83007689252685,-17.35776907943741,-72.47230781308956
2011-07-11,-90.42937957687253,-17.957071763783105,-72.47230781308956
2011-07-12,-90.65984304292759,-17.957071763783105,-72.70277127914461
2011-07-13,-90.85928727564584,-17.957071763783105,-72.90221551186286
2011-07-14,-91.81190583726872,-18.90969032540599,-72.90221551186286
2011-07-15,-91.79912339661456,-18.89690788475183,-72.90221551186286
2011-07-18,-92.1683283503231,-19.266112838460366,-72.90221551186286
2011-07-19,-91.12556789343934,-18.223352381576618,-72.90221551186286
2011-07-20,-91.45170049588202,-18.549484984019305,-72.90221551186286
2011-07-21,-90.647920500699,-18.549484984019305,-72.09843551667984
2011-07-22,-90.61332922739757,-18.51489371071787,-72.09843551667984
2011-07-25,-90.22651908623176,-18.51489371071787,-71.71162537551403
2011-07-26,-90.54355767009852,-18.831932294584625,-71.71162537551403
2011-07-27,-92.0657945631059,-20.354169187592003,-71.71162537551403
2011-07-28,-92.36718720249354,-20.354169187592003,-72.01301801490168
2011-07-29,-92.05190953030558,-20.354169187592003,-71.69774034271371
2011-08-01,-93.6488757352963,-21.951135392582724,-71.69774034271371
2011-08-02,-95.4907467295642,-23.79300638685061,-71.69774034271371
2011-08-03,-95.09571539863921,-23.79300638685061,-71.30270901178874
2011-08-04,-98.50639949816872,-23.79300638685061,-74.71339311131824
2011-08-05,-99.90577040658329,-25.192377295265185,-74.71339311131824
2011-08-08,-103.97445148653715,-25.192377295265185,-78.7820741912721
2011-08-09,-101.038867232491,-22.256793041219037,-78.7820741912721
2011-08-10,-103.65943181297565,-24.8773576217037,-78.7820741912721
2011-08-11,-100.13899046351567,-21.35691627224371,-78.7820741912721
2011-08-12,-100.38575598443586,-21.603681793163904,-78.7820741912721
2011-08-15,-99.2031308028914,-21.603681793163904,-77.59944900972764
2011-08-16,-99.11274167171887,-21.603681793163904,-77.5090598785551
2011-08-17,-99.6062386418501,-22.09717876329513,-77.5090598785551
2011-08-18,-101.3391485343603,-22.09717876329513,-79.24196977106531
2011-08-19,-101.63283639925258,-22.09717876329513,-79.53565763595759
2011-08-22,-103.78420369396608,-22.09717876329513,-81.68702493067109
2011-08-23,-100.92802826601614,-19.241003335345194,-81.68702493067109
2011-08-24,-99.3244709508059,-19.241003335345194,-80.08346761546085
2011-08-25,-101.41956802667237,-19.241003335345194,-82.17856469132731
2011-08-26,-99.47795362091989,-19.241003335345194,-80.23695028557484
2011-08-29,-97.99365131354693,-17.756701027972234,-80.23695028557484
2011-08-30,-97.30264768696033,-17.06569740138563,-80.23695028557484
2011-08-31,-97.5088205988756,-17.2718703133009,-80.23695028557484
2011-09-01,-98.62889116445733,-18.391940878882632,-80.23695028557484
2011-09-02,-99.12139068513223,-18.884440399557526,-80.23695028557484
2011-09-06,-96.88391212536276,-18.884440399557526,-77.99947172580536
2011-09-07,-95.61382875199983,-18.884440399557526,-76.72938835244244
2011-09-08,-96.06806801235061,-18.884440399557526,-77.18362761279322
2011-09-09,-97.58494767933773,-20.401320066544645,-77.18362761279322
2011-09-12,-95.69128462462594,-18.507657011832848,-77.18362761279322
2011-09-13,-95.11352807989475,-17.92990046710166,-77.18362761279322
2011-09-14,-94.25691509859078,-17.073287485797696,-77.18362761279322
2011-09-15,-93.62249881251903,-16.43887119972595,-77.18362761279322
2011-09-16,-93.4430537331249,-16.25942612033182,-77.18362761279322
2011-09-19,-92.80261882558098,-15.618991212787902,-77.18362761279322
2011-09-20,-93.35206287545283,-15.618991212787902,-77.73307166266507
2011-09-21,-96.4020724508852,-15.618991212787902,-80.78308123809744
2011-09-22,-96.75703709229597,-15.618991212787902,-81.13804587950821
2011-09-23,-95.4995702726624,-15.618991212787902,-79.88057905987463
2011-09-26,-94.09737676764267,-15.618991212787902,-78.47838555485491
2011-09-27,-94.94611414955759,-15.618991212787902,-79.32712293676983
2011-09-28,-97.22308347010237,-15.618991212787902,-81.6040922573146
2011-09-29,-98.09108956928334,-15.618991212787902,-82.47209835649558
2011-09-30,-99.24345298618599,-16.771354629690542,-82.47209835649558
2011-10-03,-101.55550373093266,-16.771354629690542,-84.78414910124225
2011-10-04,-97.94917967029845,-16.771354629690542,-81.17782504060804
2011-10-05,-96.37352680800477,-15.195701767396868,-81.17782504060804
2011-10-06,-94.53812267978965,-13.360297639181752,-81.17782504060804
2011-10-07,-95.80200298746385,-14.624177946855953,-81.17782504060804
2011-10-10,-94.21034899959479,-14.624177946855953,-79.58617105273898
2011-10-11,-93.52453850253691,-14.624177946855953,-78.9003605556811
2011-10-12,-93.41023641333764,-14.624177946855953,-78.78605846648183
2011-10-13,-93.02946375665121,-14.624177946855953,-78.4052858097954
2011-10-14,-92.49954423197511,-14.624177946855953,-77.8753662851193
2011-10-17,-93.96278960611272,-14.624177946855953,-79.33861165925691
2011-10-18,-91.96217274075912,-14.624177946855953,-77.3379947939033
2011-10-19,-92.99883366448759,-14.624177946855953,-78.37465571763178
2011-10-20,-92.8196005230049,-14.624177946855953,-78.19542257614908
2011-10-21,-92.11721599039576,-13.921793414246828,-78.19542257614908
2011-10-24,-91.06976824872517,-13.921793414246828,-77.14797483447849
2011-10-25,-92.56402258371102,-15.416047749232684,-77.14797483447849
2011-10-26,-92.61423607474678,-15.416047749232684,-77.19818832551425
2011-10-27,-91.84376881714279,-15.416047749232684,-76.42772106791026
2011-10-28,-91.3861092826286,-15.416047749232684,-75.97006153339606
2011-10-31,-92.71014990962733,-15.416047749232684,-77.2941021603948
2011-11-01,-92.74473605034613,-15.416047749232684,-77.3286883011136
2011-11-02,-92.62561325546146,-15.296924954348013,-77.3286883011136
2011-11-03,-91.85634454576596,-15.296924954348013,-76.5594195914181
2011-11-04,-91.66691087645307,-15.296924954348013,-76.36998592210522
2011-11-07,-90.9854694240575,-14.615483501952445,-76.36998592210522
2011-11-08,-90.24193438148956,-13.871948459384505,-76.36998592210522
2011-11-09,-91.6468336011909,-15.276847679085854,-76.36998592210522
2011-11-10,-92.03417837036389,-15.276847679085854,-76.7573306912782
2011-11-11,-91.38672278581335,-14.62939209453532,-76.7573306912782
2011-11-14,-91.97689794987856,-14.62939209453532,-77.34750585534341
2011-11-15,-91.26251375776468,-14.62939209453532,-76.63312166322953
2011-11-16,-91.85911653216938,-14.62939209453532,-77.22972443763423
2011-11-17,-93.28400260933782,-14.62939209453532,-78.65461051480267
2011-11-18,-93.71939316894893,-15.064782654146434,-78.65461051480267
2011-11-21,-94.17965098354205,-15.064782654146434,-79.11486832939579
2011-11-22,-94.36568445955459,-15.064782654146434,-79.30090180540833
2011-11-23,-95.66283699884023,-15.064782654146434,-80.59805434469398
2011-11-25,-95.70721386118367,-15.064782654146434,-80.64243120703742
2011-11-28,-95.57510460512964,-15.064782654146434,-80.51032195098338
2011-11-29,-95.58510460512964,-15.064782654146434,-80.52032195098339
2011-11-30,-94.38774928712948,-13.86742733614627,-80.52032195098339
2011-12-01,-94.30167791097182,-13.78135595998861,-80.52032195098339
2011-12-02,-95.31575210422221,-14.79543015323901,-80.52032195098339
2011-12-05,-95.81575160131602,-14.79543015323901,-81.0203214480772
2011-12-06,-95.78614051709226,-14.79543015323901,-80.99071036385344
2011-12-07,-95.09137692367952,-14.79543015323901,-80.2959467704407
2011-12-08,-96.66234885465443,-16.36640208421392,-80.2959467704407
2011-12-09,-95.44308618233437,-15.14713941189387,-80.2959467704407
2011-12-12,-96.04708204951726,-15.751135279076763,-80.2959467704407
2011-12-13,-97.5173133379036,-17.22136656746311,-80.2959467704407
2011-12-14,-98.19862139329307,-17.902674622852576,-80.2959467704407
2011-12-15,-98.9019062363636,-17.902674622852576,-80.99923161351123
2011-12-16,-99.4368906427061,-17.902674622852576,-81.53421601985373
2011-12-19,-100.90761119247374,-19.373395172620214,-81.53421601985373
2011-12-20,-99.4954589104846,-19.373395172620214,-80.1220637378646
2011-12-21,-99.31199019617166,-19.373395172620214,-79.93859502355166
2011-12-22,-98.80978467035993,-19.373395172620214,-79.43638949773992
2011-12-23,-98.24848959303898,-19.373395172620214,-78.87509442041898
2011-12-27,-98.0051848586522,-19.373395172620214,-78.63178968603219
2011-12-28,-99.35203955676167,-20.720249870729685,-78.63178968603219
2011-12-29,-98.66184185143379,-20.030052165401813,-78.63178968603219
2011-12-30,-99.08532578183065,-20.030052165401813,-79.05527361642905
2012-01-03,-99.29904138472342,-20.243767768294592,-79.05527361642905
2012-01-04,-98.91673016208243,-19.861456545653603,-79.05527361642905
2012-01-05,-98.11904792904805,-19.861456545653603,-78.25759138339467
2012-01-06,-98.51199386330154,-20.25440247990709,-78.25759138339467
2012-01-09,-98.50636674653893,-20.25440247990709,-78.25196426663206
2012-01-10,-98.71750754043914,-20.465543273807302,-78.25196426663206
2012-01-11,-98.36306621585311,-20.11110194922126,-78.25196426663206
2012-01-12,-98.41939385058525,-20.11110194922126,-78.3082919013642
2012-01-13,-98.27404431525618,-20.11110194922126,-78.16294236603513
2012-01-17,-98.85455353238086,-20.11110194922126,-78.74345158315981
2012-01-18,-97.74180511613318,-18.99835353297357,-78.74345158315981
2012-01-19,-97.56906904737967,-18.825617464220063,-78.74345158315981
2012-01-20,-97.03954006013694,-18.296088476977335,-78.74345158315981
2012-01-23,-96.97352447014981,-18.296088476977335,-78.67743599317268
2012-01-24,-96.48020331490899,-17.80276732173651,-78.67743599317268
2012-01-25,-95.50467256442359,-17.80276732173651,-77.70190524268727
2012-01-26,-96.47305368365876,-17.80276732173651,-78.67028636192245
2012-01-27,-96.04208755985104,-17.80276732173651,-78.23932023811473
2012-01-30,-95.39529533749423,-17.155975099379702,-78.23932023811473
2012-01-31,-95.93692635905757,-17.69760612094304,-78.23932023811473
2012-02-01,-95.81094814026214,-17.69760612094304,-78.1133420193193
2012-02-02,-95.85862799749,-17.69760612094304,-78.16102187654717
2012-02-03,-95.46645772307403,-17.30543584652706,-78.16102187654717
2012-02-06,-95.12627204052787,-16.965250163980894,-78.16102187654717
2012-02-07,-94.67523974200398,-16.514217865457013,-78.16102187654717
2012-02-08,-94.44083908169037,-16.514217865457013,-77.92662121623356
2012-02-09,-94.4877730489225,-16.561151832689156,-77.92662121623356
2012-02-10,-94.34881060140094,-16.42218938516759,-77.92662121623356
2012-02-13,-94.32926036846797,-16.402639152234613,-77.92662121623356
2012-02-14,-94.19861676877211,-16.402639152234613,-77.7959776165377
2012-02-15,-95.00066155823085,-16.402639152234613,-78.59802240599643
2012-02-16,-93.91686921021848,-16.402639152234613,-77.51423005798407
2012-02-17,-94.00747640848158,-16.402639152234613,-77.60483725624717
2012-02-21,-94.20780919635085,-16.402639152234613,-77.80517004411644
2012-02-22,-94.38674363236282,-16.402639152234613,-77.98410448012841
2012-02-23,-93.90516324448562,-15.921058764357413,-77.98410448012841
2012-02-24,-93.91516324448563,-15.921058764357413,-77.99410448012841
2012-02-27,-93.09054433086203,-15.096439850733821,-77.99410448012841
2012-02-28,-92.83849685411441,-14.844392373986203,-77.99410448012841
2012-02-29,-93.38710375896329,-14.844392373986203,-78.5427113849773
2012-03-01,-93.09169472343567,-14.844392373986203,-78.24730234944967
2012-03-02,-93.34173981758215,-14.844392373986203,-78.49734744359615
2012-03-05,-93.60735879607122,-15.110011352475274,-78.49734744359615
2012-03-06,-94.06164393262306,-15.5642964890271,-78.49734744359615
2012-03-07,-93.60626552460793,-15.108918081011982,-78.49734744359615
2012-03-08,-93.23610055562422,-15.108918081011982,-78.12718247461244
2012-03-09,-93.04964088442554,-15.108918081011982,-77.94072280341376
2012-03-12,-93.03783389944871,-15.108918081011982,-77.92891581843693
2012-03-13,-91.79773485245583,-15.108918081011982,-76.68881677144405
2012-03-14,-91.94344605129957,-15.254629279855726,-76.68881677144405
2012-03-15,-91.52615148909202,-15.254629279855726,-76.2715222092365
2012-03-16,-91.57890610943323,-15.254629279855726,-76.32427682957771
2012-03-19,-91.1334870055914,-14.809210176013899,-76.32427682957771
2012-03-20,-90.8654024868307,-14.809210176013899,-76.05619231081701
2012-03-21,-91.09625360531726,-14.809210176013899,-76.28704342930357
2012-03-22,-91.09188168690287,-14.809210176013899,-76.28267151088917
2012-03-23,-90.86530662526417,-14.809210176013899,-76.05609644925048
2012-03-26,-90.19507532483883,-14.138978875588549,-76.05609644925048
2012-03-27,-90.60803604601685,-14.551939596766575,-76.05609644925048
2012-03-28,-91.06553110426498,-14.551939596766575,-76.5135915074986
2012-03-29,-90.6539087637557,-14.551939596766575,-76.10196916698932
2012-03-30,-90.74199815260995,-14.64002898562084,-76.10196916698932
2012-04-02,-89.90237751757934,-13.800408350590226,-76.10196916698932
2012-04-03,-90.18102730164499,-14.079058134655872,-76.10196916698932
2012-04-04,-90.44809728611604,-14.34612811912692,-76.10196916698932
2012-04-05,-90.16437754491086,-14.062408377921738,-76.10196916698932
2012-04-09,-90.03681919459996,-13.934850027610828,-76.10196916698932
2012-04-10,-91.54401942418097,-15.442050257191852,-76.10196916698932
2012-04-11,-91.76546964203843,-15.442050257191852,-76.32341938484677
2012-04-12,-90.57221620458644,-15.442050257191852,-75.13016594739479
2012-04-13,-91.54735691224919,-16.417190964854598,-75.13016594739479
2012-04-16,-92.13212897580657,-16.417190964854598,-75.71493801095217
2012-04-17,-91.24655351047733,-15.531615499525364,-75.71493801095217
2012-04-18,-91.14828202155961,-15.531615499525364,-75.61666652203445
2012-04-19,-91.81687216538018,-15.531615499525364,-76.28525666585502
2012-04-20,-92.10195912362919,-15.81670245777437,-76.28525666585502
2012-04-23,-91.92903000352065,-15.81670245777437,-76.11232754574648
2012-04-24,-91.64729768757586,-15.81670245777437,-75.83059522980169
2012-04-25,-91.26857811371089,-15.437982883909402,-75.83059522980169
2012-04-26,-90.36833763545958,-15.437982883909402,-74.93035475155038
2012-04-27,-90.51358514910396,-15.583230397553779,-74.93035475155038
2012-04-30,-90.69502993488473,-15.76467518333454,-74.93035475155038
2012-05-01,-90.02772922346631,-15.76467518333454,-74.26305404013196
2012-05-02,-89.75225290381563,-15.76467518333454,-73.98757772048128
2012-05-03,-90.54196739603536,-15.76467518333454,-74.77729221270101
2012-05-04,-91.65534985100889,-15.76467518333454,-75.89067466767455
2012-05-07,-91.2340699197981,-15.76467518333454,-75.46939473646376
2012-05-08,-91.04614127647027,-15.76467518333454,-75.28146609313592
2012-05-09,-90.58353711647271,-15.76467518333454,-74.81886193313836
2012-05-10,-91.07757796671734,-15.76467518333454,-75.312902783383
2012-05-11,-90.76258880159604,-15.449686018213242,-75.312902783383
2012-05-14,-90.92160674855715,-15.449686018213242,-75.47192073034411
2012-05-15,-91.44029121844079,-15.449686018213242,-75.99060520022775
2012-05-16,-92.28247399645629,-15.449686018213242,-76.83278797824325
2012-05-17,-93.80926326898538,-16.976475290742336,-76.83278797824325
2012-05-18,-95.06778748781751,-18.23499950957447,-76.83278797824325
2012-05-21,-93.69677326458097,-18.23499950957447,-75.4617737550067
2012-05-22,-93.78994639147773,-18.23499950957447,-75.55494688190346
2012-05-23,-93.02580450474971,-18.23499950957447,-74.79080499517545
2012-05-24,-93.11123526872333,-18.23499950957447,-74.87623575914907
2012-05-25,-93.40847533422956,-18.23499950957447,-75.1734758246553
2012-05-29,-93.01377322682082,-17.840297402165724,-75.1734758246553
2012-05-30,-93.62910427904444,-17.840297402165724,-75.78880687687892
2012-05-31,-93.82149317824735,-18.032686301368635,-75.78880687687892
2012-06-01,-94.80211070199957,-19.013303825120843,-75.78880687687892
2012-06-04,-95.03823523199213,-19.013303825120843,-76.02493140687149
2012-06-05,-94.09850925290098,-19.013303825120843,-75.08520542778034
2012-06-06,-92.5814123236107,-19.013303825120843,-73.56810849849006
2012-06-07,-93.66102040143018,-20.092911902940315,-73.56810849849006
2012-06-08,-92.62120197421943,-19.053093475729575,-73.56810849849006
2012-06-11,-94.70974241739412,-19.053093475729575,-75.65664894166476
2012-06-12,-93.8659690175282,-19.053093475729575,-74.81287554179883
2012-06-13,-94.2236575344293,-19.053093475729575,-75.17056405869992
2012-06-14,-93.38341736242705,-18.21285330372734,-75.17056405869992
2012-06-15,-92.82523813152284,-17.65467407282313,-75.17056405869992
2012-06-18,-92.22325616442839,-17.65467407282313,-74.56858209160548
2012-06-19,-91.77532263651666,-17.65467407282313,-74.12064856369375
2012-06-20,-91.95495355167687,-17.834304987983334,-74.12064856369375
2012-06-21,-94.35241171613157,-20.231763152438035,-74.12064856369375
2012-06-22,-94.11483905004948,-20.231763152438035,-73.88307589761166
2012-06-25,-94.67919039470434,-20.231763152438035,-74.44742724226651
2012-06-26,-94.47681259409954,-20.231763152438035,-74.24504944166172
2012-06-27,-93.92203078457659,-19.67698134291509,-74.24504944166172
2012-06-28,-93.5547857126723,-19.3097362710108,-74.24504944166172
2012-06-29,-92.90130436601774,-19.3097362710108,-73.59156809500716
2012-07-02,-92.88932643240057,-19.29775833739363,-73.59156809500716
2012-07-03,-92.22021327680575,-18.628645181798817,-73.59156809500716
2012-07-05,-92.31059664589205,-18.71902855088512,-73.59156809500716
2012-07-06,-92.30583116611524,-18.714263071108313,-73.59156809500716
2012-07-09,-92.36015887713897,-18.714263071108313,-73.6458958060309
2012-07-10,-93.7545934706626,-20.108697664631933,-73.6458958060309
2012-07-11,-93.80185773298938,-20.108697664631933,-73.69316006835767
2012-07-12,-93.71444708845458,-20.108697664631933,-73.60574942382287
2012-07-13,-92.32239943026234,-20.108697664631933,-72.21370176563063
2012-07-16,-92.33979025671783,-20.108697664631933,-72.23109259208613
2012-07-17,-92.06337329667784,-20.108697664631933,-71.95467563204613
2012-07-18,-91.10046639614733,-20.108697664631933,-70.99176873151562
2012-07-19,-91.05236353005702,-20.108697664631933,-70.94366586542532
2012-07-20,-91.41346895310517,-20.108697664631933,-71.30477128847346
2012-07-23,-90.96346285717887,-20.108697664631933,-70.85476519254716
2012-07-24,-91.90986222950642,-21.05509703695948,-70.85476519254716
2012-07-25,-92.10631116854167,-21.25154597599473,-70.85476519254716
2012-07-26,-91.91047504366558,-21.25154597599473,-70.65892906767108
2012-07-27,-90.62133615823616,-21.25154597599473,-69.36979018224166
2012-07-30,-90.51590439572075,-21.25154597599473,-69.26435841972625
2012-07-31,-91.09071309838332,-21.25154597599473,-69.83916712238882
2012-08-01,-91.90422144784155,-21.25154597599473,-70.65267547184705
2012-08-02,-91.84833591737419,-21.195660445527366,-70.65267547184705
2012-08-03,-91.28979886401648,-21.195660445527366,-70.09413841848934
2012-08-06,-91.37140057454793,-21.277262156058832,-70.09413841848934
2012-08-07,-91.2815683748572,-21.277262156058832,-70.0043062187986
2012-08-08,-90.83497960762455,-21.277262156058832,-69.55771745156595
2012-08-09,-90.61713520063984,-21.059417749074118,-69.55771745156595
2012-08-10,-90.0574931865427,-21.059417749074118,-68.99807543746881
2012-08-13,-89.94665714619627,-20.948581708727684,-68.99807543746881
2012-08-14,-90.31116689339993,-20.948581708727684,-69.36258518467247
2012-08-15,-90.10099026222802,-20.948581708727684,-69.15240855350056
2012-08-16,-89.51763428071902,-20.365225727218682,-69.15240855350056
2012-08-17,-89.56279693625989,-20.410388382759546,-69.15240855350056
2012-08-20,-89.4249933303536,-20.410388382759546,-69.01460494759428
2012-08-21,-89.98371001686,-20.410388382759546,-69.57332163410068
2012-08-22,-89.69711109458608,-20.410388382759546,-69.28672271182676
2012-08-23,-90.28131431303517,-20.410388382759546,-69.87092593027585
2012-08-24,-89.43970389900936,-20.410388382759546,-69.02931551625004
2012-08-27,-89.6966828994511,-20.410388382759546,-69.28629451669178
2012-08-28,-89.55097387856696,-20.410388382759546,-69.14058549580764
2012-08-29,-89.56804716809269,-20.427461672285276,-69.14058549580764
2012-08-30,-89.86944963038984,-20.72886413458242,-69.14058549580764
2012-08-31,-89.97149398132301,-20.830908485515593,-69.14058549580764
2012-09-04,-89.98858052517473,-20.830908485515593,-69.15767203965936
2012-09-05,-90.12623492249651,-20.830908485515593,-69.29532643698114
2012-09-06,-88.72829671801551,-20.830908485515593,-67.89738823250015
2012-09-07,-88.5163313579066,-20.830908485515593,-67.68542287239123
2012-09-10,-88.99905239238727,-21.313629519996265,-67.68542287239123
2012-09-11,-88.79340934122847,-21.10798646883747,-67.68542287239123
2012-09-12,-88.80340934122847,-21.117986468837472,-67.68542287239123
2012-09-13,-87.28739589125367,-19.601973018862658,-67.68542287239123
2012-09-14,-87.05259732098932,-19.367174448598306,-67.68542287239123
2012-09-17,-87.19879792964905,-19.51337505725803,-67.68542287239123
2012-09-18,-87.1201011043788,-19.51337505725803,-67.60672604712099
2012-09-19,-87.1914294928799,-19.51337505725803,-67.67805443562209
2012-09-20,-86.73684717075183,-19.058792735129956,-67.67805443562209
2012-09-21,-87.27332904523284,-19.058792735129956,-68.2145363101031
2012-09-24,-86.93944973731718,-18.724913427214293,-68.2145363101031
2012-09-25,-88.23196095778248,-20.017424647679597,-68.2145363101031
2012-09-26,-88.78484511157116,-20.017424647679597,-68.76742046389178
2012-09-27,-88.27496732251765,-20.017424647679597,-68.25754267483828
2012-09-28,-88.36827991374531,-20.017424647679597,-68.35085526606593
2012-10-01,-88.49597865883062,-20.145123392764912,-68.35085526606593
2012-10-02,-88.79621324277615,-20.145123392764912,-68.65108985001146
2012-10-03,-88.66827477605425,-20.145123392764912,-68.52315138328956
2012-10-04,-88.34238969762221,-20.145123392764912,-68.19726630485752
2012-10-05,-88.87790140995415,-20.680635105096854,-68.19726630485752
2012-10-08,-88.86043726654674,-20.663170961689445,-68.19726630485752
2012-10-09,-89.78854115152402,-20.663170961689445,-69.1253701898348
2012-10-10,-90.42471304597873,-20.663170961689445,-69.76154208428952
2012-10-11,-91.07440245503767,-21.312860370748382,-69.76154208428952
2012-10-12,-91.482522283884,-21.312860370748382,-70.16966191313584
2012-10-15,-90.90082092249436,-21.312860370748382,-69.5879605517462
2012-10-16,-90.3734453185582,-20.785484766812218,-69.5879605517462
2012-10-17,-89.99967458601694,-20.785484766812218,-69.21418981920495
2012-10-18,-90.00967458601694,-20.79548476681222,-69.21418981920495
2012-10-19,-91.51482505485129,-20.79548476681222,-70.71934028803929
2012-10-22,-91.34335531783708,-20.624015029798013,-70.71934028803929
2012-10-23,-91.66400400263453,-20.624015029798013,-71.03998897283674
2012-10-24,-92.31722121453282,-20.624015029798013,-71.69320618473503
2012-10-25,-92.74352917372664,-20.624015029798013,-72.11951414392885
2012-10-26,-92.71814757057093,-20.624015029798013,-72.09413254077315
2012-10-31,-93.08125526687668,-20.624015029798013,-72.45724023707889
2012-11-01,-92.26166111622268,-20.624015029798013,-71.6376460864249
2012-11-02,-93.7581526509384,-20.624015029798013,-73.13413762114061
2012-11-05,-93.41504495463265,-20.624015029798013,-72.79102992483486
2012-11-06,-92.94824702325693,-20.624015029798013,-72.32423199345914
2012-11-07,-94.33718877340331,-20.624015029798013,-73.71317374360552
2012-11-08,-95.54256825591804,-20.624015029798013,-74.91855322612025
2012-11-09,-95.16094505083993,-20.242391824719903,-74.91855322612025
2012-11-12,-95.40210318651255,-20.242391824719903,-75.15971136179287
2012-11-13,-95.2305028662438,-20.242391824719903,-74.98811104152412
2012-11-14,-96.90393513907897,-21.91582409755507,-74.98811104152412
2012-11-15,-97.12005917175088,-21.91582409755507,-75.20423507419603
2012-11-16,-96.78481238986697,-21.91582409755507,-74.86898829231212
2012-11-19,-95.90680814883687,-21.91582409755507,-73.99098405128203
2012-11-20,-95.71544254814395,-21.91582409755507,-73.79961845058911
2012-11-21,-95.624998148533,-21.825379697944115,-73.79961845058911
2012-11-23,-94.76814521925733,-20.96852676866846,-73.79961845058911
2012-11-26,-94.49414846493701,-20.96852676866846,-73.52562169626879
2012-11-27,-94.9166094534129,-20.96852676866846,-73.94808268474468
2012-11-28,-93.71756819865804,-20.96852676866846,-72.74904142998982
2012-11-29,-93.6360616463968,-20.887020216407223,-72.74904142998982
2012-11-30,-93.63903044088406,-20.887020216407223,-72.75201022447708
2012-12-03,-94.59890995124181,-21.84689972676497,-72.75201022447708
2012-12-04,-94.74333456362746,-21.84689972676497,-72.89643483686272
2012-12-05,-94.66141608926819,-21.84689972676497,-72.81451636250345
2012-12-06,-94.24085207131334,-21.42633570881012,-72.81451636250345
2012-12-07,-94.33507690689478,-21.42633570881012,-72.9087411980849
2012-12-10,-94.1624194867206,-21.42633570881012,-72.73608377791071
2012-12-11,-93.90714541645549,-21.42633570881012,-72.4808097076456
2012-12-12,-94.25800728349374,-21.42633570881012,-72.83167157468385
2012-12-13,-94.82035497528356,-21.988683400599946,-72.83167157468385
2012-12-14,-94.9850566518136,-22.153385077129972,-72.83167157468385
2012-12-17,-94.08671961635841,-22.153385077129972,-71.93333453922867
2012-12-18,-93.14983128902112,-22.153385077129972,-70.99644621189138
2012-12-19,-94.01554386486708,-23.019097652975926,-70.99644621189138
2012-12-20,-93.51432324587579,-23.019097652975926,-70.49522559290008
2012-12-21,-93.08917718039986,-23.019097652975926,-70.07007952742416
2012-12-24,-93.19045241981459,-23.019097652975926,-70.17135476683889
2012-12-26,-93.82635508662045,-23.019097652975926,-70.80725743364475
2012-12-27,-93.99869550340684,-23.019097652975926,-70.97959785043113
2012-12-28,-94.44337079808747,-23.019097652975926,-71.42427314511177
2012-12-31,-92.50343846737783,-23.019097652975926,-69.48434081440213
2013-01-02,-91.8608984906038,-23.019097652975926,-68.8418008376281
2013-01-03,-92.04915835169582,-23.019097652975926,-69.03006069872012
2013-01-04,-91.78550838856688,-23.019097652975926,-68.76641073559118
2013-01-07,-91.71326925421091,-22.94685851861996,-68.76641073559118
2013-01-08,-91.83313924860782,-23.06672851301687,-68.76641073559118
2013-01-09,-91.8088659332798,-23.06672851301687,-68.74213742026316
2013-01-10,-91.58061245518809,-22.838475034925153,-68.74213742026316
2013-01-11,-91.57020237859916,-22.838475034925153,-68.73172734367424
2013-01-14,-91.52575343497632,-22.838475034925153,-68.6872784000514
2013-01-15,-91.00397277324012,-22.838475034925153,-68.1654977383152
2013-01-16,-90.82338067122123,-22.838475034925153,-67.9849056362963
2013-01-17,-90.63047018235639,-22.838475034925153,-67.79199514743146
2013-01-18,-90.39747269076857,-22.605477543337326,-67.79199514743146
2013-01-22,-89.86958190709957,-22.605477543337326,-67.26410436376247
2013-01-23,-89.71878439548512,-22.454680031722873,-67.26410436376247
2013-01-24,-89.55460846201488,-22.29050409825264,-67.26410436376247
2013-01-25,-89.3180517708464,-22.29050409825264,-67.02754767259398
2013-01-28,-89.47453332684725,-22.29050409825264,-67.18402922859484
2013-01-29,-88.89204790949309,-22.29050409825264,-66.60154381124067
2013-01-30,-89.28114586788585,-22.29050409825264,-66.99064176963344
2013-01-31,-89.41798753096076,-22.29050409825264,-67.12748343270835
2013-02-01,-89.0371085027803,-22.29050409825264,-66.74660440452789
2013-02-04,-89.56736181822214,-22.820757413694476,-66.74660440452789
2013-02-05,-89.11286401758328,-22.820757413694476,-66.29210660388902
2013-02-06,-88.69857315777443,-22.406466553885632,-66.29210660388902
2013-02-07,-88.87404295684964,-22.406466553885632,-66.46757640296423
2013-02-08,-88.50122827056501,-22.406466553885632,-66.0947617166796
2013-02-11,-88.49146036938922,-22.406466553885632,-66.08499381550381
2013-02-12,-88.3434580384585,-22.406466553885632,-65.93699148457308
2013-02-13,-88.47169763256518,-22.534706147992317,-65.93699148457308
2013-02-14,-88.08694032464095,-22.14994884006808,-65.93699148457308
2013-02-15,-88.30708821342205,-22.370096728849184,-65.93699148457308
2013-02-19,-87.74120487534022,-22.370096728849184,-65.37110814649125
2013-02-20,-88.933564338432,-23.562456191940978,-65.37110814649125
2013-02-21,-89.30192196937818,-23.930813822887153,-65.37110814649125
2013-02-22,-88.82353299071792,-23.930813822887153,-64.89271916783099
2013-02-25,-91.24057478799216,-26.347855620161393,-64.89271916783099
2013-02-26,-91.05039920486246,-26.347855620161393,-64.70254358470129
2013-02-27,-89.72174153924625,-26.347855620161393,-63.37388591908508
2013-02-28,-89.92283466937555,-26.347855620161393,-63.57497904921438
2013-03-01,-89.26000608713527,-25.685027037921117,-63.57497904921438
2013-03-04,-88.50854534474477,-24.933566295530632,-63.57497904921438
2013-03-05,-88.10939417791481,-24.534415128700665,-63.57497904921438
2013-03-06,-88.33921474998691,-24.534415128700665,-63.80479962128647
2013-03-07,-88.29751393963332,-24.534415128700665,-63.763098810932874
2013-03-08,-88.32038256099034,-24.534415128700665,-63.78596743228989
2013-03-11,-87.87430889994641,-24.534415128700665,-63.339893771245954
2013-03-12,-88.03835610641492,-24.534415128700665,-63.503940977714464
2013-03-13,-87.95851499477124,-24.454574017056984,-63.503940977714464
2013-03-14,-87.70017968301207,-24.454574017056984,-63.24560566595529
2013-03-15,-87.72301609983649,-24.454574017056984,-63.2684420827797
2013-03-18,-87.32565406240037,-24.454574017056984,-62.8710800453436
2013-03-19,-87.78094693671831,-24.454574017056984,-63.32637291966154
2013-03-20,-87.68169711686268,-24.355324197201355,-63.32637291966154
2013-03-21,-87.95049248827142,-24.355324197201355,-63.59516829107027
2013-03-22,-87.47732197476203,-23.88215368369197,-63.59516829107027
2013-03-25,-88.1690827757801,-23.88215368369197,-64.28692909208834
2013-03-26,-87.79419160471188,-23.88215368369197,-63.91203792102013
2013-03-27,-87.2069781143599,-23.294940193339986,-63.91203792102013
2013-03-28,-86.84608509343349,-22.93404717241357,-63.91203792102013
2013-04-01,-87.20152638320052,-23.2894884621806,-63.91203792102013
2013-04-02,-87.0775208700222,-23.16548294900229,-63.91203792102013
2013-04-03,-88.16397640951863,-24.251938488498713,-63.91203792102013
2013-04-04,-87.89770141362547,-23.985663492605557,-63.91203792102013
2013-04-05,-87.1248002509804,-23.985663492605557,-63.13913675837507
2013-04-08,-86.53122681965452,-23.392090061279685,-63.13913675837507
2013-04-09,-86.38160986637229,-23.392090061279685,-62.98951980509283
2013-04-10,-85.44175468958271,-23.392090061279685,-62.049664628303255
2013-04-11,-85.14346824949884,-23.392090061279685,-61.751378188219384
2013-04-12,-85.07786639532992,-23.392090061279685,-61.68577633405047
2013-04-15,-86.92747175235164,-23.392090061279685,-63.535381691072196
2013-04-16,-86.22340407883526,-23.392090061279685,-62.83131401755582
2013-04-17,-86.99127071130822,-23.392090061279685,-63.59918065002877
2013-04-18,-87.79607683998694,-24.196896189958412,-63.59918065002877
2013-04-19,-87.17377862328148,-24.196896189958412,-62.97688243332332
2013-04-22,-86.93373881135449,-23.956856378031425,-62.97688243332332
2013-04-23,-86.41630020271654,-23.956856378031425,-62.45944382468537
2013-04-24,-86.39462363174157,-23.935179807056443,-62.45944382468537
2013-04-25,-86.29100376581427,-23.83155994112914,-62.45944382468537
2013-04-26,-86.35786091477526,-23.89841709009013,-62.45944382468537
2013-04-29,-85.97159352804306,-23.89841709009013,-62.073176437953165
2013-04-30,-85.72450706743419,-23.89841709009013,-61.826089977344296
2013-05-01,-86.3956996464053,-24.56960966906124,-61.826089977344296
2013-05-02,-85.73364526953735,-23.90755529219328,-61.826089977344296
2013-05-03,-85.6010166561943,-23.774926678850232,-61.826089977344296
2013-05-06,-85.43160417740688,-23.774926678850232,-61.656677498556874
2013-05-07,-85.15213198019906,-23.774926678850232,-61.37720530134905
2013-05-08,-84.59729858727098,-23.774926678850232,-60.82237190842097
2013-05-09,-84.84645208387214,-23.774926678850232,-61.07152540502212
2013-05-10,-84.59910012984719,-23.52757472482528,-61.07152540502212
2013-05-13,-84.40098574485157,-23.329460339829666,-61.07152540502212
2013-05-14,-83.46236349735887,-22.390838092336956,-61.07152540502212
2013-05-15,-82.7716306572941,-22.390838092336956,-60.38079256495736
2013-05-16,-83.04739696973618,-22.390838092336956,-60.65655887739944
2013-05-17,-82.46260084266792,-22.390838092336956,-60.07176275033118
2013-05-20,-82.38270607749696,-22.390838092336956,-59.99186798516021
2013-05-21,-82.33885636018036,-22.34698837502035,-59.99186798516021
2013-05-22,-83.19502440507297,-22.34698837502035,-60.84803603005283
2013-05-23,-82.42228124188813,-22.34698837502035,-60.07529286686798
2013-05-24,-81.92285182978338,-22.34698837502035,-59.575863454763244
2013-05-28,-82.3768378249136,-22.34698837502035,-60.029849449893455
2013-05-29,-82.50781349210622,-22.34698837502035,-60.160825117086084
2013-05-30,-82.22794329938023,-22.067118182294358,-60.160825117086084
2013-05-31,-83.40576766299905,-23.244942545913183,-60.160825117086084
2013-06-03,-83.09886553911855,-23.244942545913183,-59.853922993205586
2013-06-04,-83.64545516978828,-23.791532176582916,-59.853922993205586
2013-06-05,-84.77767194271586,-23.791532176582916,-60.98613976613317
2013-06-06,-83.84301711505702,-23.791532176582916,-60.05148493847434
2013-06-07,-83.27489475527037,-23.791532176582916,-59.483362578687675
2013-06-10,-83.5938795855651,-23.791532176582916,-59.80234740898241
2013-06-11,-83.72642674712252,-23.791532176582916,-59.93489457053983
2013-06-12,-85.25193338041981,-25.317038809880213,-59.93489457053983
2013-06-13,-83.69685833734474,-25.317038809880213,-58.37981952746475
2013-06-14,-84.22640727395301,-25.317038809880213,-58.90936846407302
2013-06-17,-84.14514139153552,-25.317038809880213,-58.828102581655514
2013-06-18,-83.42240023304225,-25.317038809880213,-58.10536142316224
2013-06-19,-84.73921666392353,-25.317038809880213,-59.42217785404352
2013-06-20,-86.28072064121004,-26.858542787166726,-59.42217785404352
2013-06-21,-86.64840798150678,-27.22623012746347,-59.42217785404352
2013-06-24,-86.8810087044269,-27.4588308503836,-59.42217785404352
2013-06-25,-86.83422800849146,-27.412050154448167,-59.42217785404352
2013-06-26,-86.67548056861953,-27.412050154448167,-59.26343041417158
2013-06-27,-86.69789864050108,-27.412050154448167,-59.285848486053126
2013-06-28,-86.83872358479229,-27.412050154448167,-59.42667343034434
2013-07-01,-86.7867273612275,-27.412050154448167,-59.37467720677956
2013-07-02,-86.74087677424636,-27.412050154448167,-59.32882661979841
2013-07-03,-86.25360880189169,-27.412050154448167,-58.84155864744375
2013-07-05,-85.92565459994701,-27.084095952503485,-58.84155864744375
2013-07-08,-85.88074697612717,-27.084095952503485,-58.79665102362391
2013-07-09,-85.7998626252613,-27.00321160163762,-58.79665102362391
2013-07-10,-85.67659314935602,-27.00321160163762,-58.673381547718634
2013-07-11,-85.48931206427187,-27.00321160163762,-58.48610046263448
2013-07-12,-85.42765179284196,-27.00321160163762,-58.42444019120456
2013-07-15,-85.33055153364822,-26.90611134244389,-58.42444019120456
2013-07-16,-85.78131121858583,-27.356871027381505,-58.42444019120456
2013-07-17,-85.91627432043602,-27.49183412923169,-58.42444019120456
2013-07-18,-85.59410866076,-27.169668469555674,-58.42444019120456
2013-07-19,-85.21914334078124,-26.794703149576918,-58.42444019120456
2013-07-22,-85.17603405570053,-26.794703149576918,-58.38133090612385
2013-07-23,-85.5754861661395,-26.794703149576918,-58.78078301656282
2013-07-24,-86.33627389834744,-27.555490881784866,-58.78078301656282
2013-07-25,-85.92510081962479,-27.555490881784866,-58.36960993784016
2013-07-26,-85.40742676163346,-27.555490881784866,-57.85193587984883
2013-07-29,-85.47079429681784,-27.555490881784866,-57.915303415033215
2013-07-30,-85.78285248611071,-27.867549071077732,-57.915303415033215
2013-07-31,-85.92908571985838,-27.867549071077732,-58.06153664878087
2013-08-01,-85.54572067369432,-27.867549071077732,-57.678171602616814
2013-08-02,-85.16302422945421,-27.484852626837625,-57.678171602616814
2013-08-05,-85.09684429644952,-27.418672693832928,-57.678171602616814
2013-08-06,-85.48320428605597,-27.80503268343937,-57.678171602616814
2013-08-07,-85.4991207477827,-27.80503268343937,-57.694088064343546
2013-08-08,-85.6150673563319,-27.80503268343937,-57.810034672892755
2013-08-09,-85.78441365163623,-27.80503268343937,-57.979380968197084
2013-08-12,-85.40931148871573,-27.80503268343937,-57.60427880527659
2013-08-13,-85.30132613745486,-27.80503268343937,-57.49629345401573
2013-08-14,-85.77840551924037,-28.282112065224872,-57.49629345401573
2013-08-15,-86.40556122920965,-28.90926777519416,-57.49629345401573
2013-08-16,-86.55415881562632,-28.90926777519416,-57.6448910404324
2013-08-19,-87.09077551496351,-28.90926777519416,-58.18150773976958
2013-08-20,-86.77411104632995,-28.592603306560605,-58.18150773976958
2013-08-21,-87.12383326764628,-28.94232552787694,-58.18150773976958
2013-08-22,-86.43283710966473,-28.94232552787694,-57.490511581788034
2013-08-23,-86.40082128180265,-28.94232552787694,-57.45849575392595
2013-08-26,-86.88559202971486,-28.94232552787694,-57.94326650183817
2013-08-27,-87.52423627500461,-28.94232552787694,-58.58191074712792
2013-08-28,-87.13688320830674,-28.554972461179066,-58.58191074712792
2013-08-29,-86.76851395739187,-28.554972461179066,-58.213541496213054
2013-08-30,-87.30265011631478,-28.554972461179066,-58.747677655135966
2013-09-03,-87.82232681597958,-28.554972461179066,-59.267354354800766
2013-09-04,-87.03275422768768,-27.765399872887166,-59.267354354800766
2013-09-05,-86.97645085519609,-27.765399872887166,-59.21105098230918
2013-09-06,-87.26911604893932,-27.765399872887166,-59.503716176052414
2013-09-09,-86.57269074043472,-27.765399872887166,-58.80729086754782
2013-09-10,-86.44640099086665,-27.765399872887166,-58.68100111797974
2013-09-11,-86.00675254546516,-27.765399872887166,-58.24135267257826
2013-09-12,-86.24732369457875,-27.765399872887166,-58.48192382169186
2013-09-13,-86.13914313111344,-27.765399872887166,-58.37374325822654
2013-09-16,-86.64699527399034,-27.765399872887166,-58.88159540110344
2013-09-17,-86.29977849424527,-27.4181830931421,-58.88159540110344
2013-09-18,-85.12391994290516,-26.24232454180199,-58.88159540110344
2013-09-19,-85.57287742739713,-26.691282026293965,-58.88159540110344
2013-09-20,-86.52152334889719,-27.639927947794018,-58.88159540110344
2013-09-23,-86.8605365241346,-27.978941123031426,-58.88159540110344
2013-09-24,-87.08854628857189,-28.206950887468718,-58.88159540110344
2013-09-25,-87.45286703040101,-28.571271629297833,-58.88159540110344
2013-09-26,-87.24458718412147,-28.571271629297833,-58.6733155548239
2013-09-27,-87.21313206926058,-28.571271629297833,-58.641860439963004
2013-09-30,-86.9071767587421,-28.26531631877935,-58.641860439963004
2013-10-01,-86.20602230761996,-27.56416186765721,-58.641860439963004
2013-10-02,-85.72422113547961,-27.08236069551686,-58.641860439963004
2013-10-03,-86.42980267386709,-27.08236069551686,-59.34744197835048
2013-10-04,-85.7625190774532,-26.415077099102984,-59.34744197835048
2013-10-07,-85.76654953460586,-26.415077099102984,-59.351472435503126
2013-10-08,-86.93013011661496,-26.415077099102984,-60.51505301751223
2013-10-09,-87.06082834654661,-26.415077099102984,-60.64575124744389
2013-10-10,-85.95329610121043,-26.415077099102984,-59.538219002107695
2013-10-11,-85.16723631926654,-26.415077099102984,-58.752159220163804
2013-10-14,-84.16003179308083,-25.40787257291728,-58.752159220163804
2013-10-15,-84.64620774878577,-25.894048528622218,-58.752159220163804
2013-10-16,-83.86854588612142,-25.894048528622218,-57.974497357499466
2013-10-17,-82.80479220911391,-25.894048528622218,-56.910743680491954
2013-10-18,-82.51041363712037,-25.599669956628667,-56.910743680491954
2013-10-21,-82.54908100327347,-25.63833732278178,-56.910743680491954
2013-10-22,-82.27362751556983,-25.36288383507813,-56.910743680491954
2013-10-23,-82.42100817202774,-25.36288383507813,-57.05812433694986
2013-10-24,-82.299608300091,-25.24148396314139,-57.05812433694986
2013-10-25,-82.05922266190778,-25.001098324958182,-57.05812433694986
2013-10-28,-81.87610869606223,-24.81798435911263,-57.05812433694986
2013-10-29,-81.58085504949423,-24.81798435911263,-56.76287069038186
2013-10-30,-82.207257375723,-24.81798435911263,-57.38927301661063
2013-10-31,-82.42183812756852,-24.81798435911263,-57.603853768456155
2013-11-01,-82.32395268117892,-24.81798435911263,-57.50596832206656
2013-11-04,-82.25474958360304,-24.748781261536752,-57.50596832206656
2013-11-05,-82.19096910781691,-24.748781261536752,-57.442187846280426
2013-11-06,-82.12191806425665,-24.67973021797649,-57.442187846280426
2013-11-07,-83.59039375252898,-24.67973021797649,-58.91066353455276
2013-11-08,-82.22599782874481,-23.315334294192315,-58.91066353455276
2013-11-11,-82.12313684980103,-23.212473315248534,-58.91066353455276
2013-11-12,-82.12183180771866,-23.212473315248534,-58.909358492470396
2013-11-13,-80.83973916419133,-21.930380671721203,-58.909358492470396
2013-11-14,-80.44169466895588,-21.532336176485757,-58.909358492470396
2013-11-15,-80.17917399623,-21.532336176485757,-58.646837819744526
2013-11-18,-80.70617652287352,-21.532336176485757,-59.17384034638804
2013-11-19,-80.8836076654846,-21.70976731909684,-59.17384034638804
2013-11-20,-81.40777532557264,-21.70976731909684,-59.69800800647608
2013-11-21,-80.89392079019994,-21.195912783724147,-59.69800800647608
2013-11-22,-80.44381751088139,-21.195912783724147,-59.24790472715753
2013-11-25,-80.73024403945521,-21.48233931229798,-59.24790472715753
2013-11-26,-80.76238490595271,-21.48233931229798,-59.28004559365504
2013-11-27,-80.634259517687,-21.48233931229798,-59.151920205389324
2013-11-29,-80.82090303775743,-21.66898283236841,-59.151920205389324
2013-12-02,-81.14061932214398,-21.66898283236841,-59.47163648977587
2013-12-03,-81.25626721771471,-21.66898283236841,-59.58728438534659
2013-12-04,-80.91513143302352,-21.32784704767722,-59.58728438534659
2013-12-05,-81.18744564103218,-21.32784704767722,-59.85959859335526
2013-12-06,-81.04811109708551,-21.32784704767722,-59.720264049408584
2013-12-09,-81.09669644502243,-21.32784704767722,-59.768849397345505
2013-12-10,-81.23386077269721,-21.32784704767722,-59.90601372502028
2013-12-11,-82.41203673906251,-22.506023014042523,-59.90601372502028
2013-12-12,-82.70793232899665,-22.801918603976663,-59.90601372502028
2013-12-13,-82.93665841321429,-22.801918603976663,-60.13473980923792
2013-12-16,-82.79588960232148,-22.661149793083855,-60.13473980923792
2013-12-17,-83.21368336288039,-22.661149793083855,-60.55253356979683
2013-12-18,-81.68186433529813,-21.1293307655016,-60.55253356979683
2013-12-19,-81.5209029133684,-20.968369343571865,-60.55253356979683
2013-12-20,-81.0505734227561,-20.968369343571865,-60.08220407918452
2013-12-23,-81.01673439964665,-20.968369343571865,-60.04836505607507
2013-12-24,-80.81331083401076,-20.968369343571865,-59.84494149043918
2013-12-26,-80.54008391440587,-20.968369343571865,-59.57171457083429
2013-12-27,-80.6859719590728,-21.11425738823879,-59.57171457083429
2013-12-30,-80.72316214262132,-21.11425738823879,-59.60890475438281
2013-12-31,-80.39690241544811,-21.11425738823879,-59.2826450272096
2014-01-02,-80.98471682013565,-21.11425738823879,-59.870459431897125
2014-01-03,-81.1804463296741,-21.11425738823879,-60.066188941435584
2014-01-06,-81.80819046385328,-21.11425738823879,-60.693933075614765
2014-01-07,-81.60540734180888,-20.911474266194396,-60.693933075614765
2014-01-08,-81.57725309223254,-20.883320016618057,-60.693933075614765
2014-01-09,-81.84286232491965,-21.148929249305162,-60.693933075614765
2014-01-10,-81.74962536647377,-21.148929249305162,-60.60069611716888
2014-01-13,-82.84349612843609,-22.242800011267477,-60.60069611716888
2014-01-14,-82.09930908273168,-22.242800011267477,-59.856509071464465
2014-01-15,-81.8055896043496,-21.949080532885407,-59.856509071464465
2014-01-16,-81.73964743047623,-21.949080532885407,-59.79056689759108
2014-01-17,-81.9998279639666,-22.20926106637577,-59.79056689759108
2014-01-21,-82.29176497954926,-22.20926106637577,-60.08250391317373
2014-01-22,-82.4048059805607,-22.20926106637577,-60.19554491418516
2014-01-23,-82.73160865399186,-22.536063739806934,-60.19554491418516
2014-01-24,-84.24514979255362,-24.0496048783687,-60.19554491418516
2014-01-27,-84.84327318663728,-24.0496048783687,-60.79366830826883
2014-01-28,-84.33256546937541,-24.0496048783687,-60.282960591006955
2014-01-29,-84.47216609743717,-24.0496048783687,-60.42256121906871
2014-01-30,-84.2587431707758,-23.83618195170734,-60.42256121906871
2014-01-31,-83.60993946409826,-23.83618195170734,-59.77375751239118
2014-02-03,-85.77825750312536,-23.83618195170734,-61.94207555141827
2014-02-04,-85.53707141112719,-23.83618195170734,-61.7008894594201
2014-02-05,-85.32418268159032,-23.83618195170734,-61.48800072988322
2014-02-06,-84.25787143047786,-23.83618195170734,-60.421689478770766
2014-02-07,-83.50248589312525,-23.080796414354737,-60.421689478770766
2014-02-10,-83.34012613515215,-22.918436656381633,-60.421689478770766
2014-02-11,-82.34498591789261,-21.923296439122097,-60.421689478770766
2014-02-12,-82.45379613243331,-22.03210665366279,-60.421689478770766
2014-02-13,-81.27098373586472,-22.03210665366279,-59.23887708220217
2014-02-14,-80.63768002215645,-21.398802939954525,-59.23887708220217
2014-02-18,-80.61510154204578,-21.398802939954525,-59.216298602091506
2014-02-19,-81.0286084076695,-21.398802939954525,-59.62980546771522
2014-02-20,-80.58674613265717,-20.956940664942195,-59.62980546771522
2014-02-21,-80.90081193904302,-20.956940664942195,-59.94387127410108
2014-02-24,-80.56952128102554,-20.625650006924722,-59.94387127410108
2014-02-25,-80.6984730248883,-20.625650006924722,-60.072823017963835
2014-02-26,-80.84902581163252,-20.625650006924722,-60.22337580470805
2014-02-27,-80.18947392450399,-20.625650006924722,-59.563823917579526
2014-02-28,-79.9307143464511,-20.36689042887183,-59.563823917579526
2014-03-03,-79.76215636793374,-20.36689042887183,-59.39526593906217
2014-03-04,-79.35010880648987,-20.36689042887183,-58.9832183776183
2014-03-05,-79.35478535889229,-20.36689042887183,-58.987894930020715
2014-03-06,-79.38073373063342,-20.392838800612967,-58.987894930020715
2014-03-07,-79.7618768345543,-20.392838800612967,-59.369038033941585
2014-03-10,-79.67084662951821,-20.392838800612967,-59.278007828905494
2014-03-11,-80.32503482881607,-20.392838800612967,-59.93219602820336
2014-03-12,-79.82111965095449,-20.392838800612967,-59.42828085034177
2014-03-13,-81.25734281853673,-20.392838800612967,-60.86450401792402
2014-03-14,-81.37018304106411,-20.50567902314035,-60.86450401792402
2014-03-17,-80.98224452023317,-20.50567902314035,-60.47656549709308
2014-03-18,-80.48472577618725,-20.008160279094433,-60.47656549709308
2014-03-19,-81.03968038852568,-20.008160279094433,-61.03152010943151
2014-03-20,-80.24753705006817,-20.008160279094433,-60.239376770974005
2014-03-21,-81.06522764930055,-20.825850878326808,-60.239376770974005
2014-03-24,-81.83274796859429,-21.593371197620545,-60.239376770974005
2014-03-25,-81.87494586506912,-21.593371197620545,-60.28157466744884
2014-03-26,-82.99782641131709,-21.593371197620545,-61.40445521369681
2014-03-27,-83.09988401839371,-21.695428804697162,-61.40445521369681
2014-03-28,-82.90480845998408,-21.695428804697162,-61.20937965528718
2014-03-31,-82.73283648483097,-21.695428804697162,-61.03740768013407
2014-04-01,-82.40761128411005,-21.370203603976243,-61.03740768013407
2014-04-02,-82.21091784384078,-21.370203603976243,-60.84071423986481
2014-04-03,-82.50678001932708,-21.666065779462546,-60.84071423986481
2014-04-04,-84.25059454503565,-21.666065779462546,-62.58452876557339
2014-04-07,-85.13018907102649,-21.666065779462546,-63.464123291564235
2014-04-08,-84.68534120254199,-21.666065779462546,-63.01927542307974
2014-04-09,-83.89575003395656,-20.87647461087712,-63.01927542307974
2014-04-10,-86.023373520186,-23.004098097106557,-63.01927542307974
2014-04-11,-86.37986356483438,-23.004098097106557,-63.375765467728115
2014-04-14,-86.38439180395697,-23.004098097106557,-63.3802937068507
2014-04-15,-85.91551103801078,-23.004098097106557,-62.911412940904505
2014-04-16,-85.5702880319391,-22.658875091034886,-62.911412940904505
2014-04-17,-85.30629613356776,-22.394883192663546,-62.911412940904505
2014-04-21,-84.99499841066779,-22.083585469763577,-62.911412940904505
2014-04-22,-84.65310869444411,-22.083585469763577,-62.56952322468083
2014-04-23,-84.8603056415317,-22.083585469763577,-62.7767201717684
2014-04-24,-85.15738361142566,-22.380663439657535,-62.7767201717684
2014-04-25,-85.6653675316261,-22.380663439657535,-63.28470409196885
2014-04-28,-85.76629266576887,-22.481588573800305,-63.28470409196885
2014-04-29,-85.63237862790606,-22.481588573800305,-63.15079005410603
2014-04-30,-85.17930654708773,-22.481588573800305,-62.6977179732877
2014-05-01,-85.13088104577892,-22.481588573800305,-62.64929247197889
2014-05-02,-85.27372906236435,-22.481588573800305,-62.792140488564314
2014-05-05,-84.60207833073608,-21.80993784217203,-62.792140488564314
2014-05-06,-85.26312989912513,-21.80993784217203,-63.45319205695337
2014-05-07,-85.02265615576792,-21.569464098814823,-63.45319205695337
2014-05-08,-85.04864701231642,-21.569464098814823,-63.479182913501866
2014-05-09,-84.9255514614504,-21.569464098814823,-63.35608736263584
2014-05-12,-84.412562211629,-21.569464098814823,-62.84309811281444
2014-05-13,-84.46466040818001,-21.569464098814823,-62.89519630936545
2014-05-14,-84.86003543715414,-21.569464098814823,-63.29057133833958
2014-05-15,-85.55074367345298,-21.569464098814823,-63.98127957463842
2014-05-16,-85.27316836160604,-21.569464098814823,-63.703704262791476
2014-05-19,-84.72529265942867,-21.02158839663746,-63.703704262791476
2014-05-20,-85.32008478513592,-21.616380522344702,-63.703704262791476
2014-05-21,-84.7786764946496,-21.616380522344702,-63.16229597230516
2014-05-22,-84.57218425179065,-21.616380522344702,-62.9558037294462
2014-05-23,-84.27174144861051,-21.616380522344702,-62.65536092626608
2014-05-27,-84.04126524319159,-21.616380522344702,-62.42488472084715
2014-05-28,-84.12439106849301,-21.616380522344702,-62.50801054614858
2014-05-29,-83.84808056318148,-21.616380522344702,-62.231700040837055
2014-05-30,-83.60345406315412,-21.371754022317337,-62.231700040837055
2014-06-02,-83.63937245279993,-21.40767241196315,-62.231700040837055
2014-06-03,-83.45727396936715,-21.225573928530377,-62.231700040837055
2014-06-04,-83.09388702212122,-21.225573928530377,-61.868313093591134
2014-06-05,-82.56761322388368,-21.225573928530377,-61.342039295353594
2014-06-06,-82.3162371541952,-20.974197858841894,-61.342039295353594
2014-06-09,-82.20857120407257,-20.974197858841894,-61.23437334523096
2014-06-10,-82.08555345079121,-20.974197858841894,-61.11135559194961
2014-06-11,-82.08529011238595,-20.974197858841894,-61.11109225354435
2014-06-12,-82.6877288891667,-20.974197858841894,-61.7135310303251
2014-06-13,-82.58949194407306,-20.974197858841894,-61.615294085231454
2014-06-16,-82.39340505366036,-20.974197858841894,-61.41920719481875
2014-06-17,-81.98679262344521,-20.974197858841894,-61.01259476460361
2014-06-18,-81.26550363013367,-20.25290886553035,-61.01259476460361
2014-06-19,-81.25005095470999,-20.25290886553035,-60.997142089179945
2014-06-20,-81.3059709685844,-20.25290886553035,-61.05306210305436
2014-06-23,-81.37211234727027,-20.319050244216225,-61.05306210305436
2014-06-24,-81.80750408638387,-20.319050244216225,-61.488453842167964
2014-06-25,-81.1557382316646,-20.319050244216225,-60.83668798744869
2014-06-26,-81.25268270338309,-20.319050244216225,-60.933632459167185
2014-06-27,-80.83278869939156,-20.319050244216225,-60.513738455175655
2014-06-30,-80.83256731439748,-20.319050244216225,-60.51351707018157
2014-07-01,-80.42042095085588,-20.319050244216225,-60.101370706639976
2014-07-02,-80.33911898837133,-20.23774828173166,-60.101370706639976
2014-07-03,-80.14204112340867,-20.23774828173166,-59.904292841677325
2014-07-07,-80.3088786411758,-20.23774828173166,-60.071130359444446
2014-07-08,-80.78151878343489,-20.23774828173166,-60.54377050170354
2014-07-09,-80.59347408307458,-20.049703581371354,-60.54377050170354
2014-07-10,-80.03140432180273,-20.049703581371354,-59.981700740431684
2014-07-11,-79.842845395059,-19.86114465462763,-59.981700740431684
2014-07-14,-79.85790321579647,-19.86114465462763,-59.99675856116916
2014-07-15,-80.11603880175373,-19.86114465462763,-60.25489414712643
2014-07-16,-80.20177990856881,-19.86114465462763,-60.3406352539415
2014-07-17,-81.04626260998502,-19.86114465462763,-61.18511795535772
2014-07-18,-80.36600936638001,-19.180891411022618,-61.18511795535772
2014-07-21,-80.24924414156433,-19.06412618620693,-61.18511795535772
2014-07-22,-80.16333416449723,-18.978216209139827,-61.18511795535772
2014-07-23,-80.10283036449582,-18.91771240913841,-61.18511795535772
2014-07-24,-80.20340495884591,-18.91771240913841,-61.285692549707804
2014-07-25,-80.40036093632934,-19.114668386621844,-61.285692549707804
2014-07-28,-80.39013212385828,-19.114668386621844,-61.27546373723675
2014-07-29,-81.01766862560609,-19.742204888369656,-61.27546373723675
2014-07-30,-81.36722660665968,-20.091762869423242,-61.27546373723675
2014-07-31,-82.67387677364808,-20.091762869423242,-62.58211390422513
2014-08-01,-82.71503948047801,-20.091762869423242,-62.62327661105507
2014-08-04,-82.1975771514899,-19.57430054043512,-62.62327661105507
2014-08-05,-82.77365671613381,-20.150380105079037,-62.62327661105507
2014-08-06,-82.28258218061167,-20.150380105079037,-62.132202075532916
2014-08-07,-83.2874616816783,-21.15525960614566,-62.132202075532916
2014-08-08,-82.37205932888266,-20.239857253350017,-62.132202075532916
2014-08-11,-82.46973923086742,-20.337537155334775,-62.132202075532916
2014-08-12,-82.5210688957533,-20.337537155334775,-62.18353174041879
2014-08-13,-82.24838525137751,-20.337537155334775,-61.910848096043
2014-08-14,-81.95142151523542,-20.04057341919269,-61.910848096043
2014-08-15,-82.34388966056945,-20.04057341919269,-62.30331624137701
2014-08-18,-82.06974214170656,-19.766425900329804,-62.30331624137701
2014-08-19,-81.80212388416095,-19.4988076427842,-62.30331624137701
2014-08-20,-81.40913972743563,-19.4988076427842,-61.910332084651685
2014-08-21,-81.21341263419025,-19.4988076427842,-61.71460499140631
2014-08-22,-81.29868621661876,-19.4988076427842,-61.79987857383482
2014-08-25,-81.27871291413001,-19.478834340295442,-61.79987857383482
2014-08-26,-81.28871291413002,-19.488834340295444,-61.79987857383482
2014-08-27,-81.38855652557993,-19.588677951745357,-61.79987857383482
2014-08-28,-81.12336907168574,-19.323490497851168,-61.79987857383482
2014-08-29,-81.00374009588519,-19.323490497851168,-61.680249598034266
2014-09-02,-81.19303224447191,-19.323490497851168,-61.86954174662098
2014-09-03,-81.64097704323235,-19.323490497851168,-62.317486545381435
2014-09-04,-81.96514741471313,-19.647660869331936,-62.317486545381435
2014-09-05,-81.50664454208224,-19.189157996701045,-62.317486545381435
2014-09-08,-81.68102496093978,-19.36353841555859,-62.317486545381435
2014-09-09,-82.23639258885882,-19.36353841555859,-62.87285417330048
2014-09-10,-81.92598448073508,-19.36353841555859,-62.56244606517674
2014-09-11,-81.42042973846985,-19.36353841555859,-62.05689132291151
2014-09-12,-81.91636671854016,-19.36353841555859,-62.552828302981816
2014-09-15,-82.01679116577564,-19.463962862794073,-62.552828302981816
2014-09-16,-81.08965477049726,-19.463962862794073,-61.625691907703434
2014-09-17,-81.10961904239636,-19.48392713469317,-61.625691907703434
2014-09-18,-80.8914296954941,-19.265737787790908,-61.625691907703434
2014-09-19,-81.30917096037484,-19.68347905267166,-61.625691907703434
2014-09-22,-81.91992981703459,-20.294237909331404,-61.625691907703434
2014-09-23,-82.14181476288111,-20.51612285517793,-61.625691907703434
2014-09-24,-81.38722134615708,-20.51612285517793,-60.871098490979406
2014-09-25,-82.763015766864,-20.51612285517793,-62.24689291168634
2014-09-26,-82.16480457817637,-19.917911666490305,-62.24689291168634
2014-09-29,-81.49415158661053,-19.917911666490305,-61.57623992012049
2014-09-30,-81.84364073106708,-19.917911666490305,-61.925729064577055
2014-10-01,-83.05554284879068,-19.917911666490305,-63.13763118230065
2014-10-02,-82.96259235159398,-19.917911666490305,-63.044680685103955
2014-10-03,-82.54423289841907,-19.499552213315386,-63.044680685103955
2014-10-06,-83.08773165099116,-20.04305096588748,-63.044680685103955
2014-10-07,-84.1375332196113,-20.04305096588748,-64.0944822537241
2014-10-08,-82.47061162936542,-20.04305096588748,-62.42756066347822
2014-10-09,-84.32608836071996,-21.898527697242024,-62.42756066347822
2014-10-10,-85.45814651725006,-21.898527697242024,-63.55961882000831
2014-10-13,-87.08249494749813,-21.898527697242024,-65.18396725025639
2014-10-14,-87.47535260437968,-21.898527697242024,-65.57682490713793
2014-10-15,-86.80180677642736,-21.898527697242024,-64.90327907918561
2014-10-16,-85.07347654024262,-21.898527697242024,-63.17494884300088
2014-10-17,-85.056941979956,-21.881993136955394,-63.17494884300088
2014-10-20,-83.92008686383924,-21.881993136955394,-62.03809372688413
2014-10-21,-82.69091888907289,-21.881993136955394,-60.80892575211777
2014-10-22,-83.58958461523844,-21.881993136955394,-61.70759147828332
2014-10-23,-83.44042782728027,-21.881993136955394,-61.55843469032515
2014-10-24,-82.84789705330745,-21.881993136955394,-60.965903916352325
2014-10-27,-82.6384435802329,-21.672539663880855,-60.965903916352325
2014-10-28,-81.84384632222834,-20.8779424058763,-60.965903916352325
2014-10-29,-82.07570011026597,-20.8779424058763,-61.19775770438996
2014-10-30,-81.17879999018577,-19.981042285796093,-61.19775770438996
2014-10-31,-81.24828597075279,-19.981042285796093,-61.26724368495699
2014-11-03,-81.33259739906644,-20.065353714109744,-61.26724368495699
2014-11-04,-81.42213426734428,-20.065353714109744,-61.35678055323483
2014-11-05,-81.53092747502761,-20.065353714109744,-61.46557376091816
2014-11-06,-81.16612084233142,-20.065353714109744,-61.100767128221975
2014-11-07,-81.09248295831753,-19.991715830095856,-61.100767128221975
2014-11-10,-80.80790750776059,-19.70714037953891,-61.100767128221975
2014-11-11,-80.75912094911192,-19.70714037953891,-61.05198056957331
2014-11-12,-80.46959427546594,-19.70714037953891,-60.76245389592734
2014-11-13,-80.46490159570475,-19.70244769977771,-60.76245389592734
2014-11-14,-80.40633158485203,-19.70244769977771,-60.703883885074625
2014-11-17,-80.16157224265696,-19.70244769977771,-60.459124542879565
2014-11-18,-79.6300940077891,-19.170969464909845,-60.459124542879565
2014-11-19,-79.68393798489181,-19.224813442012557,-60.459124542879565
2014-11-20,-79.04977836143208,-19.224813442012557,-59.824964919419834
2014-11-21,-79.52319236523776,-19.698227445818247,-59.824964919419834
2014-11-24,-79.48976098194224,-19.698227445818247,-59.79153353612432
2014-11-25,-79.70716136117521,-19.698227445818247,-60.00893391535728
2014-11-26,-79.54845522148479,-19.698227445818247,-59.85022777566685
2014-11-28,-79.69832287707959,-19.848095101413044,-59.85022777566685
2014-12-01,-80.01888184546006,-19.848095101413044,-60.17078674404732
2014-12-02,-79.40887559767089,-19.848095101413044,-59.56078049625814
2014-12-03,-79.13466994168108,-19.848095101413044,-59.28657484026834
2014-12-04,-79.08686147337627,-19.848095101413044,-59.23876637196352
2014-12-05,-79.0343395850103,-19.848095101413044,-59.18624448359755
2014-12-08,-79.48381758275848,-19.848095101413044,-59.63572248134572
2014-12-09,-78.47150991469653,-19.848095101413044,-58.623414813283766
2014-12-10,-79.82604330932362,-19.848095101413044,-59.97794820791086
2014-12-11,-79.6841097623035,-19.848095101413044,-59.836014660890754
2014-12-12,-80.56146087686352,-19.848095101413044,-60.71336577545076
2014-12-15,-81.80189373604621,-21.088527960595734,-60.71336577545076
2014-12-16,-82.1498587779849,-21.088527960595734,-61.061330817389454
2014-12-17,-80.48578681094551,-19.424455993556336,-61.061330817389454
2014-12-18,-79.50433561758736,-19.424455993556336,-60.07987962403129
2014-12-19,-79.47074118786442,-19.424455993556336,-60.046285194308346
2014-12-22,-79.13309889936394,-19.424455993556336,-59.70864290580788
2014-12-23,-79.34506000416904,-19.424455993556336,-59.920604010612976
2014-12-24,-79.47531302852697,-19.424455993556336,-60.050857034970896
2014-12-26,-79.42292316072637,-19.37206612575573,-60.050857034970896
2014-12-29,-79.19308038394416,-19.37206612575573,-59.8210142581887
2014-12-30,-79.49648411600985,-19.37206612575573,-60.124417990254386
2014-12-31,-80.69142396609212,-20.567005975838,-60.124417990254386
2015-01-02,-81.16280853565118,-21.03839054539706,-60.124417990254386
2015-01-05,-82.38004532763378,-22.255627337379654,-60.124417990254386
2015-01-06,-83.51965799263598,-22.255627337379654,-61.26403065525659
2015-01-07,-83.08876886339567,-21.824738208139344,-61.26403065525659
2015-01-08,-82.17660895680022,-20.9125783015439,-61.26403065525659
2015-01-09,-83.23373598640005,-20.9125783015439,-62.32115768485642
2015-01-12,-84.1084835635587,-20.9125783015439,-63.195905262015074
2015-01-13,-85.12292002468538,-21.927014762670574,-63.195905262015074
2015-01-14,-84.52868521811217,-21.927014762670574,-62.60167045544186
2015-01-15,-85.84158673932907,-21.927014762670574,-63.91457197665876
2015-01-16,-84.42299074236135,-20.508418765702853,-63.91457197665876
2015-01-20,-84.60111437642085,-20.508418765702853,-64.09269561071827
2015-01-21,-83.83005260553321,-20.508418765702853,-63.32163383983063
2015-01-22,-82.81100085080459,-20.508418765702853,-62.30258208510202
2015-01-23,-83.22025743160985,-20.917675346508116,-62.30258208510202
2015-01-26,-82.86942700901938,-20.917675346508116,-61.95175166251154
2015-01-27,-82.99280639250563,-20.917675346508116,-62.0751310459978
2015-01-28,-84.99639164921929,-22.921260603221775,-62.0751310459978
2015-01-29,-84.20612862705465,-22.13099758105714,-62.0751310459978
2015-01-30,-84.77610727349726,-22.13099758105714,-62.64510969244041
2015-02-02,-83.85568530085621,-22.13099758105714,-61.72468771979936
2015-02-03,-82.96336633339017,-22.13099758105714,-60.83236875233333
2015-02-04,-82.90473581394821,-22.13099758105714,-60.77373823289136
2015-02-05,-82.30156803563806,-22.13099758105714,-60.1705704545812
2015-02-06,-82.80172674446786,-22.631156289886942,-60.1705704545812
2015-02-09,-82.88011921734268,-22.631156289886942,-60.248962927456034
2015-02-10,-82.43942051152528,-22.631156289886942,-59.80826422163864
2015-02-11,-82.29466298650252,-22.48639876486418,-59.80826422163864
2015-02-12,-81.81043257843969,-22.48639876486418,-59.32403381357581
2015-02-13,-81.48141282208191,-22.157379008506403,-59.32403381357581
2015-02-17,-81.15291915037439,-22.157379008506403,-58.9955401418683
2015-02-18,-80.93899699523838,-22.157379008506403,-58.7816179867323
2015-02-19,-80.67717724883876,-21.895559262106786,-58.7816179867323
2015-02-20,-79.85050676610125,-21.068888779369274,-58.7816179867323
2015-02-23,-79.73258810997285,-21.068888779369274,-58.663699330603905
2015-02-24,-79.41629152871495,-20.752592198111373,-58.663699330603905
2015-02-25,-79.44046563098127,-20.776766300377684,-58.663699330603905
2015-02-26,-79.51667484910936,-20.776766300377684,-58.739908548732
2015-02-27,-79.81108480918203,-21.07117626045036,-58.739908548732
2015-03-02,-79.24866481457153,-21.07117626045036,-58.17748855412149
2015-03-03,-79.42431293051435,-21.07117626045036,-58.3531366700643
2015-03-04,-79.51514320053528,-21.07117626045036,-58.44396694008523
2015-03-05,-79.60113275611772,-21.07117626045036,-58.52995649566768
2015-03-06,-80.53217840062835,-22.002221904960997,-58.52995649566768
2015-03-09,-80.24417524421409,-22.002221904960997,-58.24195333925342
2015-03-10,-81.09462371728186,-22.002221904960997,-59.09240181232119
2015-03-11,-81.49018426181706,-22.002221904960997,-59.48796235685639
2015-03-12,-80.60774862008749,-21.119786263231425,-59.48796235685639
2015-03-13,-81.07339770095544,-21.585435344099377,-59.48796235685639
2015-03-16,-80.1828184828607,-21.585435344099377,-58.59738313876166
2015-03-17,-80.06289941417697,-21.585435344099377,-58.477464070077936
2015-03-18,-78.6034426610456,-21.585435344099377,-57.01800731694658
2015-03-19,-78.8327755609249,-21.814768243978673,-57.01800731694658
2015-03-20,-78.50953859114273,-21.814768243978673,-56.694770347164415
2015-03-23,-78.7193379872196,-22.024567640055547,-56.694770347164415
2015-03-24,-79.22137268006506,-22.526602332901,-56.694770347164415
2015-03-25,-80.82724715992566,-22.526602332901,-58.300644827025025
2015-03-26,-80.68611359616969,-22.526602332901,-58.159511263269046
2015-03-27,-80.39918218568177,-22.526602332901,-57.87257985278112
2015-03-30,-79.79746904079902,-22.526602332901,-57.270866707898364
2015-03-31,-80.2087371258228,-22.937870417924778,-57.270866707898364
2015-04-01,-80.55361692992919,-22.937870417924778,-57.61574651200476
2015-04-02,-80.16561255603331,-22.5498660440289,-57.61574651200476
2015-04-06,-78.98488854953192,-22.5498660440289,-56.43502250550337
2015-04-07,-79.27431342272497,-22.5498660440289,-56.72444737869642
2015-04-08,-79.07735227405874,-22.5498660440289,-56.52748623003018
2015-04-09,-78.5497705162878,-22.5498660440289,-55.99990447225924
2015-04-10,-78.15904659609429,-22.5498660440289,-55.60918055206572
2015-04-13,-78.54139703355624,-22.5498660440289,-55.99153098952768
2015-04-14,-78.24542587554865,-22.5498660440289,-55.69555983152009
2015-04-15,-78.07468494550295,-22.5498660440289,-55.5248189014744
2015-04-16,-77.92293593648594,-22.5498660440289,-55.37306989245739
2015-04-17,-78.40788489454651,-22.5498660440289,-55.85801885051795
2015-04-20,-78.04071105072742,-22.5498660440289,-55.49084500669886
2015-04-21,-78.55990483873622,-22.5498660440289,-56.01003879470765
2015-04-22,-78.2751107982811,-22.265072003573792,-56.01003879470765
2015-04-23,-77.80564830920886,-21.795609514501553,-56.01003879470765
2015-04-24,-77.82037759303611,-21.795609514501553,-56.0247680785349
2015-04-27,-78.56779409280087,-21.795609514501553,-56.77218457829965
2015-04-28,-78.24618313228609,-21.47399855398678,-56.77218457829965
2015-04-29,-78.16115190649445,-21.388967328195147,-56.77218457829965
2015-04-30,-78.85002726300812,-22.07784268470881,-56.77218457829965
2015-05-01,-78.23162981308968,-22.07784268470881,-56.153787128381225
2015-05-04,-78.19902581479784,-22.045238686416965,-56.153787128381225
2015-05-05,-79.22349164825835,-23.06970451987747,-56.153787128381225
2015-05-06,-79.96146627395787,-23.06970451987747,-56.89176175408075
2015-05-07,-79.51560187763334,-22.62384012355294,-56.89176175408075
2015-05-08,-79.17531028424126,-22.283548530160864,-56.89176175408075
2015-05-11,-79.64009656046467,-22.283548530160864,-57.356548030304154
2015-05-12,-79.47373620091544,-22.283548530160864,-57.19018767075492
2015-05-13,-79.69777083391645,-22.50758316316188,-57.19018767075492
2015-05-14,-79.24962801214677,-22.059440341392197,-57.19018767075492
2015-05-15,-79.25962801214678,-22.059440341392197,-57.20018767075492
2015-05-18,-78.86524480866753,-22.059440341392197,-56.80580446727567
2015-05-19,-78.97377706697935,-22.059440341392197,-56.914336725587496
2015-05-20,-79.11052356398169,-22.059440341392197,-57.05108322258983
2015-05-21,-78.74981702101731,-22.059440341392197,-56.69037667962546
2015-05-22,-78.78328381600423,-22.092907136379115,-56.69037667962546
2015-05-26,-79.59687924656335,-22.906502566938226,-56.69037667962546
2015-05-27,-78.92283508444346,-22.906502566938226,-56.016332517505575
2015-05-28,-78.87162607092795,-22.906502566938226,-55.96512350399006
2015-05-29,-79.46719890050976,-23.502075396520034,-55.96512350399006
2015-06-01,-79.65192686574711,-23.502075396520034,-56.149851469227414
2015-06-02,-79.50093609563781,-23.502075396520034,-55.99886069911811
2015-06-03,-79.54867993048872,-23.502075396520034,-56.04660453396902
2015-06-04,-80.00502559751558,-23.502075396520034,-56.50295020099588
2015-06-05,-80.10079357916598,-23.502075396520034,-56.59871818264629
2015-06-08,-80.66566139310487,-23.502075396520034,-57.16358599658518
2015-06-09,-80.67566139310487,-23.502075396520034,-57.173585996585174
2015-06-10,-79.93384882031538,-22.76026282373054,-57.173585996585174
2015-06-11,-79.87294094229674,-22.76026282373054,-57.11267811856654
2015-06-12,-80.1824799238758,-22.76026282373054,-57.42221710014561
2015-06-15,-79.96746428341504,-22.76026282373054,-57.20720145968484
2015-06-16,-79.34765765594017,-22.76026282373054,-56.58739483220997
2015-06-17,-79.35765765594017,-22.77026282373054,-56.58739483220997
2015-06-18,-78.67440522332726,-22.77026282373054,-55.90414239959705
2015-06-19,-78.99226969965683,-22.77026282373054,-56.222006875926624
2015-06-22,-79.01171013020509,-22.77026282373054,-56.241447306474875
2015-06-23,-79.0688628045864,-22.77026282373054,-56.29859998085619
2015-06-24,-79.65676276788632,-23.358162787030462,-56.29859998085619
2015-06-25,-80.25589668079093,-23.358162787030462,-56.897733893760794
2015-06-26,-80.48964101313231,-23.358162787030462,-57.13147822610219
2015-06-29,-81.77182054047134,-24.64034231436949,-57.13147822610219
2015-06-30,-82.46444447908297,-25.332966252981123,-57.13147822610219
2015-07-01,-82.58522440992942,-25.332966252981123,-57.25225815694864
2015-07-02,-82.96115950781035,-25.332966252981123,-57.62819325482956
2015-07-06,-82.51054295213858,-25.332966252981123,-57.17757669915778
2015-07-07,-82.00967503758793,-25.332966252981123,-56.67670878460712
2015-07-08,-82.9395011621395,-25.332966252981123,-57.606534909158704
2015-07-09,-83.98849650489794,-25.332966252981123,-58.65553025191714
2015-07-10,-83.90687827805921,-25.332966252981123,-58.57391202507842
2015-07-13,-83.54435002170337,-25.332966252981123,-58.21138376872258
2015-07-14,-83.09764538914715,-25.332966252981123,-57.76467913616636
2015-07-15,-83.1646041974609,-25.332966252981123,-57.831637944480114
2015-07-16,-82.97185148805885,-25.14021354357907,-57.831637944480114
2015-07-17,-82.89239015180976,-25.14021354357907,-57.752176608231025
2015-07-20,-82.97762580847706,-25.225449200246363,-57.752176608231025
2015-07-21,-83.30824124061292,-25.225449200246363,-58.08279204036688
2015-07-22,-83.10985733658892,-25.027065296222368,-58.08279204036688
2015-07-23,-83.76011284040338,-25.677320800036828,-58.08279204036688
2015-07-24,-84.86981459228193,-26.78702255191537,-58.08279204036688
2015-07-27,-84.95233007986855,-26.78702255191537,-58.165307527953495
2015-07-28,-84.22392599460002,-26.058618466646845,-58.165307527953495
2015-07-29,-83.619999714205,-26.058618466646845,-57.561381247558465
2015-07-30,-83.31644363760567,-26.058618466646845,-57.25782517095914
2015-07-31,-83.76254509333928,-26.50471992238045,-57.25782517095914
2015-08-03,-84.09140957658906,-26.833584405630223,-57.25782517095914
2015-08-04,-84.25412129092476,-26.99629611996592,-57.25782517095914
2015-08-05,-84.44484502515222,-26.99629611996592,-57.4485489051866
2015-08-06,-85.38165616224339,-26.99629611996592,-58.385360042277775
2015-08-07,-85.49259424659108,-26.99629611996592,-58.49629812662547
2015-08-10,-84.88808307086134,-26.391784944236186,-58.49629812662547
2015-08-11,-85.04174895717324,-26.391784944236186,-58.64996401293737
2015-08-12,-84.18161508030683,-25.531651067369772,-58.64996401293737
2015-08-13,-84.22515305016144,-25.575189037224384,-58.64996401293737
2015-08-14,-83.76129526993886,-25.111331257001805,-58.64996401293737
2015-08-17,-82.8745615669522,-24.22459755401515,-58.64996401293737
2015-08-18,-83.01781819518233,-24.22459755401515,-58.793220641167494
2015-08-19,-83.39675515419385,-24.22459755401515,-59.17215760017903
2015-08-20,-84.6443432129451,-24.22459755401515,-60.419745658930275
2015-08-21,-86.60654953009063,-24.22459755401515,-62.38195197607581
2015-08-24,-85.55020107317218,-24.22459755401515,-61.32560351915735
2015-08-25,-89.82527837093922,-24.22459755401515,-65.6006808169244
2015-08-26,-88.60382242479528,-23.003141607871218,-65.6006808169244
2015-08-27,-87.47827818758476,-21.877597370660702,-65.6006808169244
2015-08-28,-87.09610171747354,-21.495420900549487,-65.6006808169244
2015-08-31,-87.32844879111941,-21.495420900549487,-65.83302789057026
2015-09-01,-88.03994604120759,-22.206918150637662,-65.83302789057026
2015-09-02,-87.64484406044663,-21.81181616987671,-65.83302789057026
2015-09-03,-88.01726065860487,-22.184232768034942,-65.83302789057026
2015-09-04,-88.16217649682501,-22.32914860625508,-65.83302789057026
2015-09-08,-87.41462133063786,-21.581593440067934,-65.83302789057026
2015-09-09,-89.72358027443141,-21.581593440067934,-68.14198683436382
2015-09-10,-89.0727297697694,-21.581593440067934,-67.4911363297018
2015-09-11,-88.38906149083101,-21.581593440067934,-66.80746805076342
2015-09-14,-88.87748385178699,-22.07001580102391,-66.80746805076342
2015-09-15,-87.95093104257259,-21.143462991809514,-66.80746805076342
2015-09-16,-87.27923148454572,-21.143462991809514,-66.13576849273655
2015-09-17,-87.43432646680981,-21.143462991809514,-66.29086347500063
2015-09-18,-87.57726940652014,-21.28640593151985,-66.29086347500063
2015-09-21,-87.57708652435569,-21.28640593151985,-66.29068059283618
2015-09-22,-87.57161486253062,-21.28640593151985,-66.28520893101111
2015-09-23,-87.84469540837655,-21.28640593151985,-66.55828947685704
2015-09-24,-87.46513510594345,-20.90684562908675,-66.55828947685704
2015-09-25,-88.39903300956371,-20.90684562908675,-67.4921873804773
2015-09-28,-90.39440817687603,-20.90684562908675,-69.48756254778962
2015-09-29,-90.48411760776376,-20.90684562908675,-69.57727197867736
2015-09-30,-89.83442423854481,-20.90684562908675,-68.92757860945841
2015-10-01,-89.81839521734996,-20.90684562908675,-68.91154958826355
2015-10-02,-87.109722868953,-20.90684562908675,-66.2028772398666
2015-10-05,-86.10181497557379,-20.90684562908675,-65.19496934648738
2015-10-06,-86.3743772493521,-21.179407902865055,-65.19496934648738
2015-10-07,-86.1282902580771,-21.179407902865055,-64.94888235521239
2015-10-08,-85.00872519671704,-21.179407902865055,-63.82931729385233
2015-10-09,-85.04355847683482,-21.179407902865055,-63.8641505739701
2015-10-12,-85.00392026520872,-21.13976969123896,-63.8641505739701
2015-10-13,-85.21346829978266,-21.13976969123896,-64.07369860854403
2015-10-14,-85.66905915442071,-21.13976969123896,-64.52928946318208
2015-10-15,-84.55089857801484,-20.02160911483309,-64.52928946318208
2015-10-16,-84.34420189888583,-19.814912435704084,-64.52928946318208
2015-10-19,-83.92549494339708,-19.396205480215347,-64.52928946318208
2015-10-20,-83.80740619668153,-19.396205480215347,-64.41120071646652
2015-10-21,-84.68555868114152,-20.274357964675335,-64.41120071646652
2015-10-22,-83.57855763278201,-20.274357964675335,-63.30419966810702
2015-10-23,-83.46318655344258,-20.158986885335903,-63.30419966810702
2015-10-26,-83.61801064322466,-20.313810975117978,-63.30419966810702
2015-10-27,-83.4342076986909,-20.313810975117978,-63.12039672357324
2015-10-28,-82.50658959635598,-20.313810975117978,-62.192778621238325
2015-10-29,-82.28647505097094,-20.313810975117978,-61.972664075853274
2015-10-30,-82.83845815626954,-20.865794080416578,-61.972664075853274
2015-11-02,-81.85970274255189,-20.865794080416578,-60.99390866213563
2015-11-03,-81.38035631327129,-20.386447651135978,-60.99390866213563
2015-11-04,-81.85987674016171,-20.8659680780264,-60.99390866213563
2015-11-05,-82.00302564386752,-20.8659680780264,-61.137057565841445
2015-11-06,-81.87009942303338,-20.8659680780264,-61.00413134500731
2015-11-09,-82.46947592453607,-21.46534457952909,-61.00413134500731
2015-11-10,-81.97475061349269,-21.46534457952909,-60.50940603396392
2015-11-11,-82.53201296598003,-21.46534457952909,-61.06666838645126
2015-11-12,-83.34913733444401,-21.46534457952909,-61.883792754915234
2015-11-13,-84.24882484668896,-22.365032091774044,-61.883792754915234
2015-11-16,-82.64091056619648,-20.75711781128157,-61.883792754915234
2015-11-17,-82.90367124321295,-21.019878488298048,-61.883792754915234
2015-11-18,-81.61654742552776,-21.019878488298048,-60.596668937230035
2015-11-19,-81.6457224201645,-21.019878488298048,-60.62584393186678
2015-11-20,-81.72258620691623,-21.096742275049778,-60.62584393186678
2015-11-23,-81.88075091297975,-21.254906981113297,-60.62584393186678
2015-11-24,-81.18128483277033,-21.254906981113297,-59.92637785165736
2015-11-25,-81.27723711953546,-21.350859267878423,-59.92637785165736
2015-11-27,-81.22518079837522,-21.298802946718187,-59.92637785165736
2015-11-30,-81.7418244365607,-21.298802946718187,-60.443021489842835
2015-12-01,-81.16151983334987,-21.298802946718187,-59.862716886632
2015-12-02,-82.16878271762513,-21.298802946718187,-60.86997977090727
2015-12-03,-83.73271862940935,-21.298802946718187,-62.433915682691485
2015-12-04,-81.81120153447029,-19.377285851779124,-62.433915682691485
2015-12-07,-82.24267331129438,-19.377285851779124,-62.86538745951558
2015-12-08,-82.0301541345505,-19.377285851779124,-62.65286828277169
2015-12-09,-82.45325029512449,-19.377285851779124,-63.075964443345676
2015-12-10,-82.24442798719154,-19.16846354384618,-63.075964443345676
2015-12-11,-82.97994565812095,-19.903981214775584,-63.075964443345676
2015-12-15,-82.82886303988353,-19.752898596538156,-63.075964443345676
2015-12-16,-82.03769867420185,-18.96173423085648,-63.075964443345676
2015-12-17,-83.7609445345979,-18.96173423085648,-64.79921030374172
2015-12-18,-85.13644152882914,-18.96173423085648,-66.17470729797296
2015-12-21,-85.01743758831519,-18.96173423085648,-66.05570335745901
2015-12-22,-84.64340935949528,-18.96173423085648,-65.6816751286391
2015-12-23,-84.00574728240946,-18.96173423085648,-65.04401305155328
2015-12-24,-84.03519723167615,-18.96173423085648,-65.07346300081997
2015-12-28,-83.87449165347803,-18.96173423085648,-64.91275742262185
2015-12-29,-83.45444609467789,-18.96173423085648,-64.49271186382171
2015-12-30,-84.03582473311204,-18.96173423085648,-65.07409050225586
2015-12-31,-84.6619683770239,-18.96173423085648,-65.70023414616772
2016-01-04,-84.40796545095172,-18.96173423085648,-65.44623122009554
2016-01-05,-84.43782506303322,-18.991593842937977,-65.44623122009554
2016-01-06,-84.20610323020757,-18.75987201011233,-65.44623122009554
2016-01-07,-84.8735604051544,-18.75987201011233,-66.11368839504236
2016-01-08,-86.57304507271876,-20.459356677676695,-66.11368839504236
2016-01-11,-87.0504295483343,-20.93674115329224,-66.11368839504236
2016-01-12,-87.14301634851343,-20.93674115329224,-66.2062751952215
2016-01-13,-90.08580593022559,-23.879530735004405,-66.2062751952215
2016-01-14,-88.84802333077138,-23.879530735004405,-64.96849259576729
2016-01-15,-88.30273690152445,-23.879530735004405,-64.42320616652036
2016-01-19,-89.31798801728783,-24.894781850767778,-64.42320616652036
2016-01-20,-88.99346999225536,-24.57026382573531,-64.42320616652036
2016-01-21,-88.74603047450128,-24.322824307981232,-64.42320616652036
2016-01-22,-88.36686065005027,-24.322824307981232,-64.04403634206935
2016-01-25,-89.58462975131934,-25.540593409250302,-64.04403634206935
2016-01-26,-88.65436673494767,-25.540593409250302,-63.11377332569768
2016-01-27,-89.43215368553538,-25.540593409250302,-63.89156027628539
2016-01-28,-89.89062363131818,-25.999063355033094,-63.89156027628539
2016-01-29,-87.97217647396474,-25.999063355033094,-61.97311311893195
2016-02-01,-87.40213696980878,-25.999063355033094,-61.403073614775984
2016-02-02,-88.3542579353496,-26.951184320573905,-61.403073614775984
2016-02-03,-88.42174303448523,-26.951184320573905,-61.47055871391163
2016-02-04,-87.96615177735988,-26.951184320573905,-61.01496745678628
2016-02-05,-89.58066634170747,-26.951184320573905,-62.62948202113387
2016-02-08,-89.77925235153837,-26.951184320573905,-62.82806803096478
2016-02-09,-88.66665475297378,-26.951184320573905,-61.71547043240019
2016-02-10,-89.29008724336991,-26.951184320573905,-62.338902922796315
2016-02-11,-89.01530924324067,-26.676406320444656,-62.338902922796315
2016-02-12,-88.12646408573401,-25.787561162937997,-62.338902922796315
2016-02-16,-87.60285061577272,-25.787561162937997,-61.815289452835025
2016-02-17,-86.7171039836782,-25.787561162937997,-60.9295428207405
2016-02-18,-87.30329526850811,-26.37375244776791,-60.9295428207405
2016-02-19,-86.88006556200777,-26.37375244776791,-60.506313114240164
2016-02-22,-86.4217751519213,-25.915462037681436,-60.506313114240164
2016-02-23,-87.30152211521988,-25.915462037681436,-61.38606007753875
2016-02-24,-85.97237173095965,-25.915462037681436,-60.05690969327852
2016-02-25,-85.05242046122451,-25.915462037681436,-59.136958423543376
2016-02-26,-85.81818720642706,-26.68122878288398,-59.136958423543376
2016-02-29,-86.62578479623791,-26.68122878288398,-59.94455601335423
2016-03-01,-85.05862240267932,-25.114066389325387,-59.94455601335423
2016-03-02,-84.43344635510186,-25.114066389325387,-59.319379965776776
2016-03-03,-83.94666659300147,-25.114066389325387,-58.83260020367638
2016-03-04,-83.74689817006778,-25.114066389325387,-58.6328317807427
2016-03-07,-83.13178672888996,-24.498954948147574,-58.6328317807427
2016-03-08,-83.60443133610487,-24.498954948147574,-59.10547638795761
2016-03-09,-83.60439759371528,-24.49892120575798,-59.10547638795761
2016-03-10,-83.8246672219936,-24.719190834036294,-59.10547638795761
2016-03-11,-83.09212629190569,-24.719190834036294,-58.3729354578697
2016-03-14,-82.93408575673077,-24.719190834036294,-58.21489492269478
2016-03-15,-82.54262928562837,-24.719190834036294,-57.82343845159239
2016-03-16,-81.69324224916404,-23.86980379757198,-57.82343845159239
2016-03-17,-81.02165020487362,-23.86980379757198,-57.15184640730196
2016-03-18,-80.92884431536443,-23.77699790806278,-57.15184640730196
2016-03-21,-80.64526342403732,-23.49341701673568,-57.15184640730196
2016-03-22,-80.26341189045672,-23.11156548315508,-57.15184640730196
2016-03-23,-80.71532259699151,-23.11156548315508,-57.60375711383676
2016-03-24,-80.17240100137506,-23.11156548315508,-57.0608355182203
2016-03-28,-80.36428386416794,-23.11156548315508,-57.25271838101318
2016-03-29,-79.21706752262344,-21.964349141610576,-57.25271838101318
2016-03-30,-79.36288379026203,-22.110165409249177,-57.25271838101318
2016-03-31,-79.56246622175067,-22.309747840737806,-57.25271838101318
2016-04-01,-78.32266658095232,-22.309747840737806,-56.012918740214836
2016-04-04,-78.61348492589103,-22.309747840737806,-56.30373708515355
2016-04-05,-78.85828214124076,-22.554545056087537,-56.30373708515355
2016-04-06,-77.78208470366349,-21.478347618510256,-56.30373708515355
2016-04-07,-78.37386661403043,-21.478347618510256,-56.8955189955205
2016-04-08,-78.79378146938971,-21.898262473869536,-56.8955189955205
2016-04-11,-79.40485138306792,-21.898262473869536,-57.506588909198705
2016-04-12,-78.58586289797155,-21.898262473869536,-56.687600424102335
2016-04-13,-78.11393425437666,-21.426333830274643,-56.687600424102335
2016-04-14,-78.15278102304369,-21.465180598941668,-56.687600424102335
2016-04-15,-78.27341175235937,-21.58581132825734,-56.687600424102335
2016-04-18,-77.58319945356556,-21.58581132825734,-55.997388125308525
2016-04-19,-77.51694913838844,-21.58581132825734,-55.93113781013142
2016-04-20,-77.45552470769647,-21.524386897565364,-55.93113781013142
2016-04-21,-78.01433130909861,-22.083193498967507,-55.93113781013142
2016-04-22,-77.82314415336293,-22.083193498967507,-55.73995065439574
2016-04-25,-77.66522312769096,-22.083193498967507,-55.58202962872378
2016-04-26,-77.73264255679307,-22.083193498967507,-55.649449057825876
2016-04-27,-77.32140557980577,-22.083193498967507,-55.238212080838586
2016-04-28,-77.81709322481485,-22.083193498967507,-55.73389972584767
2016-04-29,-78.01593210759525,-22.083193498967507,-55.932738608628064
2016-05-02,-77.51977129627306,-22.083193498967507,-55.43657779730589
2016-05-03,-77.7042409554516,-22.083193498967507,-55.62104745648442
2016-05-04,-77.70449021706735,-22.083193498967507,-55.621296718100176
2016-05-05,-78.001921949629,-22.083193498967507,-55.91872845066183
2016-05-06,-77.20172489387659,-22.083193498967507,-55.118531394909425
2016-05-09,-77.05618504809792,-22.083193498967507,-54.97299154913075
2016-05-10,-76.23278872937534,-22.083193498967507,-54.149595230408174
2016-05-11,-76.92327862618794,-22.083193498967507,-54.840085127220775
2016-05-12,-77.28606176055574,-22.445976633335313,-54.840085127220775
2016-05-13,-78.0017182414077,-22.445976633335313,-55.55574160807274
2016-05-16,-77.12766330643073,-21.571921698358352,-55.55574160807274
2016-05-17,-77.92053208327961,-21.571921698358352,-56.34861038492162
2016-05-18,-77.70089904542601,-21.571921698358352,-56.128977347068016
2016-05-19,-77.64231559516405,-21.571921698358352,-56.070393896806046
2016-05-20,-77.37454084033762,-21.304146943531922,-56.070393896806046
2016-05-23,-77.5306198457051,-21.460225948899406,-56.070393896806046
2016-05-24,-76.71943999405838,-21.460225948899406,-55.25921404515932
2016-05-25,-76.43753854750315,-21.17832450234418,-55.25921404515932
2016-05-26,-76.49529923603086,-21.17832450234418,-55.31697473368702
2016-05-27,-76.16701523111054,-21.17832450234418,-54.9886907287667
2016-05-31,-76.51954707465279,-21.17832450234418,-55.34122257230896
2016-06-01,-75.9811257773836,-20.639903205074983,-55.34122257230896
2016-06-02,-75.46344487211684,-20.639903205074983,-54.8235416670422
2016-06-03,-75.45917774281104,-20.639903205074983,-54.8192745377364
2016-06-06,-75.16115278628435,-20.34187824854829,-54.8192745377364
2016-06-07,-75.10026887248587,-20.280994334749817,-54.8192745377364
2016-06-08,-74.86039307241538,-20.280994334749817,-54.57939873766591
2016-06-09,-74.60126128308953,-20.02186254542396,-54.57939873766591
2016-06-10,-74.79674126712801,-20.217342529462446,-54.57939873766591
2016-06-13,-75.24234841219244,-20.662949674526875,-54.57939873766591
2016-06-14,-75.23312271903725,-20.65372398137169,-54.57939873766591
2016-06-15,-75.38261300876847,-20.65372398137169,-54.72888902739713
2016-06-16,-75.09462416745095,-20.65372398137169,-54.44090018607961
2016-06-17,-75.41886643945627,-20.65372398137169,-54.76514245808493
2016-06-20,-75.89446412671948,-21.12932166863491,-54.76514245808493
2016-06-21,-75.83727624311359,-21.12932166863491,-54.70795457447903
2016-06-22,-76.11121774869731,-21.403263174218623,-54.70795457447903
2016-06-23,-75.64572828281688,-21.403263174218623,-54.24246510859859
2016-06-24,-75.84743546159403,-21.60497035299578,-54.24246510859859
2016-06-27,-76.84948737860473,-21.60497035299578,-55.24451702560929
2016-06-28,-76.00942727722784,-21.60497035299578,-54.4044569242324
2016-06-29,-75.13484929820618,-21.60497035299578,-53.52987894521074
2016-06-30,-74.05530481365913,-20.525425868448735,-53.52987894521074
2016-07-01,-73.85548001192294,-20.525425868448735,-53.33005414347455
2016-07-05,-74.12424634633898,-20.525425868448735,-53.59882047789059
2016-07-06,-73.25757216133975,-19.658751683449502,-53.59882047789059
2016-07-07,-73.42970683817308,-19.83088636028282,-53.59882047789059
2016-07-08,-72.68445620726429,-19.83088636028282,-52.85356984698181
2016-07-11,-72.59600501345183,-19.83088636028282,-52.76511865316936
2016-07-12,-72.41042044280383,-19.83088636028282,-52.579534082521356
2016-07-13,-72.66208069226509,-19.83088636028282,-52.83119433198263
2016-07-14,-72.80155393073882,-19.83088636028282,-52.970667570456364
2016-07-15,-73.2507478809262,-20.280080310470197,-52.970667570456364
2016-07-18,-73.0572220063151,-20.086554435859096,-52.970667570456364
2016-07-19,-72.94225183334082,-19.971584262884814,-52.970667570456364
2016-07-20,-72.53681830610742,-19.566150735651416,-52.970667570456364
2016-07-21,-72.86535719184744,-19.89468962139143,-52.970667570456364
2016-07-22,-72.49255870132968,-19.89468962139143,-52.597869079938604
2016-07-25,-72.66398205400775,-19.89468962139143,-52.769292432616666
2016-07-26,-72.57243052140541,-19.803138088789094,-52.769292432616666
2016-07-27,-72.89139212779766,-20.122099695181344,-52.769292432616666
2016-07-28,-72.6797086725661,-20.122099695181344,-52.55760897738511
2016-07-29,-72.38527170117703,-20.122099695181344,-52.263172005996054
2016-08-01,-72.51044458709745,-20.122099695181344,-52.388344891916475
2016-08-02,-73.02946505335056,-20.122099695181344,-52.90736535816959
2016-08-03,-72.71513684103238,-19.807771482863153,-52.90736535816959
2016-08-04,-72.6789147551505,-19.771549396981285,-52.90736535816959
2016-08-05,-71.87435444991311,-18.966989091743905,-52.90736535816959
2016-08-08,-72.04473521389261,-19.137369855723403,-52.90736535816959
2016-08-09,-72.03182132538804,-19.12445596721883,-52.90736535816959
2016-08-10,-72.3491954284461,-19.12445596721883,-53.22473946122764
2016-08-11,-72.18066918570385,-19.12445596721883,-53.0562132184854
2016-08-12,-72.11281529385644,-19.12445596721883,-52.988359326638
2016-08-15,-72.03148830901971,-19.12445596721883,-52.90703234180126
2016-08-16,-72.33468962354615,-19.12445596721883,-53.21023365632771
2016-08-17,-72.17511095865461,-19.12445596721883,-53.050654991436176
2016-08-18,-71.94723148870882,-19.12445596721883,-52.82277552149039
2016-08-19,-71.85193413098425,-19.029158609494253,-52.82277552149039
2016-08-22,-71.73830295307167,-18.915527431581665,-52.82277552149039
2016-08-23,-71.8760921076608,-19.053316586170798,-52.82277552149039
2016-08-24,-72.32122249916323,-19.498446977673225,-52.82277552149039
2016-08-25,-72.19332173813707,-19.498446977673225,-52.69487476046423
2016-08-26,-72.4928395962945,-19.498446977673225,-52.99439261862165
2016-08-29,-72.08062778850135,-19.498446977673225,-52.582180810828504
2016-08-30,-72.20982026128844,-19.627639450460325,-52.582180810828504
2016-08-31,-72.32556786287351,-19.627639450460325,-52.69792841241357
2016-09-01,-72.32636541889163,-19.627639450460325,-52.69872596843169
2016-09-02,-72.34552572328147,-19.646799754850164,-52.69872596843169
2016-09-06,-72.20474697985738,-19.646799754850164,-52.557947225007595
2016-09-07,-72.13709564673329,-19.646799754850164,-52.4902958918835
2016-09-08,-72.19742420587335,-19.707128313990225,-52.4902958918835
2016-09-09,-73.922749211323,-19.707128313990225,-54.215620897333146
2016-09-12,-72.09004692450766,-17.8744260271749,-54.215620897333146
2016-09-13,-72.85226419353067,-18.636643296197906,-54.215620897333146
2016-09-14,-72.92792379342094,-18.71230289608818,-54.215620897333146
2016-09-15,-71.85441233590882,-17.638791438576053,-54.215620897333146
2016-09-16,-71.9159529778889,-17.70033208055614,-54.215620897333146
2016-09-19,-72.26276445141924,-17.70033208055614,-54.56243237086348
2016-09-20,-72.73556848852915,-17.70033208055614,-55.035236407973386
2016-09-21,-72.01078315961013,-17.70033208055614,-54.31045107905437
2016-09-22,-71.93787160719931,-17.62742052814533,-54.31045107905437
2016-09-23,-72.28527837328063,-17.974827294226653,-54.31045107905437
2016-09-26,-72.65869430768535,-18.348243228631368,-54.31045107905437
2016-09-27,-71.96108731636285,-18.348243228631368,-53.612844087731865
2016-09-28,-71.59649555117335,-18.348243228631368,-53.24825232254236
2016-09-29,-72.40449610875588,-18.348243228631368,-54.056252880124894
2016-09-30,-72.1135308810607,-18.348243228631368,-53.765287652429706
2016-10-03,-72.14207052168658,-18.348243228631368,-53.79382729305559
2016-10-04,-72.72338631742504,-18.348243228631368,-54.37514308879406
2016-10-05,-72.63130705079288,-18.348243228631368,-54.28306382216191
2016-10-06,-72.45111626266618,-18.168052440504656,-54.28306382216191
2016-10-07,-72.95284282701388,-18.669779004852366,-54.28306382216191
2016-10-10,-72.96284282701389,-18.679779004852367,-54.28306382216191
2016-10-11,-74.01226629662538,-19.72920247446387,-54.28306382216191
2016-10-12,-73.96609481135745,-19.683030989195935,-54.28306382216191
2016-10-13,-73.57625851962449,-19.683030989195935,-53.89322753042895
2016-10-14,-74.06838963155715,-20.1751621011286,-53.89322753042895
2016-10-17,-74.41213448410359,-20.518906953675035,-53.89322753042895
2016-10-18,-74.66982652062502,-20.776598990196472,-53.89322753042895
2016-10-19,-74.55841884520171,-20.665191314773157,-53.89322753042895
2016-10-20,-74.56373865087006,-20.665191314773157,-53.8985473360973
2016-10-21,-74.52699866750903,-20.665191314773157,-53.861807352736264
2016-10-24,-74.58817483485814,-20.726367482122264,-53.861807352736264
2016-10-25,-74.83601779073564,-20.726367482122264,-54.109650308613766
2016-10-26,-74.59774561067609,-20.488095302062703,-54.109650308613766
2016-10-27,-75.26701329931062,-20.488095302062703,-54.7789179972483
2016-10-28,-75.55891825664726,-20.780000259399344,-54.7789179972483
2016-10-31,-75.74753522048375,-20.96861722323583,-54.7789179972483
2016-11-01,-76.66332913205905,-21.884411134811124,-54.7789179972483
2016-11-02,-77.106255617433,-21.884411134811124,-55.22184448262225
2016-11-03,-77.69414327362134,-21.884411134811124,-55.80973213881058
2016-11-04,-77.8766152200601,-22.066883081249895,-55.80973213881058
2016-11-07,-75.70488729003927,-19.895155151229062,-55.80973213881058
2016-11-08,-75.04946864038232,-19.239736501572107,-55.80973213881058
2016-11-09,-73.18885560406824,-19.239736501572107,-53.9491191024965
2016-11-10,-73.37388438153428,-19.424765279038148,-53.9491191024965
2016-11-11,-73.22666060908206,-19.27754150658593,-53.9491191024965
2016-11-14,-73.43960447577541,-19.490485373279284,-53.9491191024965
2016-11-15,-72.87990454489935,-19.490485373279284,-53.38941917162043
2016-11-16,-72.74751765553378,-19.358098483913725,-53.38941917162043
2016-11-17,-72.32734930822075,-18.93793013660069,-53.38941917162043
2016-11-18,-72.5978825427205,-19.208463371100436,-53.38941917162043
2016-11-21,-72.16173969889249,-19.208463371100436,-52.95327632779243
2016-11-22,-72.13999682311302,-19.208463371100436,-52.93153345201296
2016-11-23,-71.82322825029969,-19.208463371100436,-52.614764879199626
2016-11-25,-71.64344998218964,-19.208463371100436,-52.43498661108957
2016-11-28,-71.96139694029752,-19.526410329208314,-52.43498661108957
2016-11-29,-71.79469871674657,-19.526410329208314,-52.268288387538625
2016-11-30,-72.37029827544548,-19.526410329208314,-52.843887946237544
2016-12-01,-72.90720769131786,-20.063319745080708,-52.843887946237544
2016-12-02,-72.91265801245322,-20.063319745080708,-52.8493382673729
2016-12-05,-72.76415866608097,-20.063319745080708,-52.70083892100065
2016-12-06,-72.5574170795961,-20.063319745080708,-52.49409733451578
2016-12-07,-71.18659994662987,-20.063319745080708,-51.12328020154955
2016-12-08,-70.93866750322447,-20.063319745080708,-50.875347758144144
2016-12-09,-70.46185876649837,-19.586511008354606,-50.875347758144144
2016-12-12,-70.53813244549845,-19.586511008354606,-50.95162143714422
2016-12-13,-70.22270437503639,-19.586511008354606,-50.63619336668216
2016-12-14,-70.90777091557776,-20.271577548895976,-50.63619336668216
2016-12-15,-70.6307786905431,-19.994585323861322,-50.63619336668216
2016-12-16,-71.07088743339672,-20.434694066714954,-50.63619336668216
2016-12-19,-70.9566588446995,-20.434694066714954,-50.521964777984934
2016-12-20,-70.85617380120173,-20.334209023217184,-50.521964777984934
2016-12-21,-71.07855197182184,-20.334209023217184,-50.74434294860503
2016-12-22,-71.186117820771,-20.334209023217184,-50.851908797554195
2016-12-23,-71.0719815994549,-20.220072801901075,-50.851908797554195
2016-12-27,-70.97143304842028,-20.220072801901075,-50.751360246519575
2016-12-28,-71.94381643108078,-20.220072801901075,-51.72374362918007
2016-12-29,-72.01174020049352,-20.220072801901075,-51.791667398592814
2016-12-30,-72.55714368485873,-20.76547628626628,-51.791667398592814
2017-01-03,-72.47830464216165,-20.76547628626628,-51.71282835589573
2017-01-04,-72.06371014300218,-20.76547628626628,-51.298233856736275
2017-01-05,-72.0162777405358,-20.76547628626628,-51.25080145426989
2017-01-06,-71.72654289880153,-20.76547628626628,-50.96106661253562
2017-01-09,-71.93505496873063,-20.76547628626628,-51.169578682464724
2017-01-10,-71.9538813093396,-20.76547628626628,-51.188405023073685
2017-01-11,-71.63749920766877,-20.449094184595452,-51.188405023073685
2017-01-12,-71.63425559050367,-20.449094184595452,-51.18516140590858
2017-01-13,-71.50321483148942,-20.318053425581194,-51.18516140590858
2017-01-17,-71.53972957396286,-20.318053425581194,-51.22167614838202
2017-01-18,-71.45707068803856,-20.318053425581194,-51.13901726245773
2017-01-19,-71.87789078025833,-20.738873517800965,-51.13901726245773
2017-01-20,-71.87024410382472,-20.738873517800965,-51.13137058602412
2017-01-23,-72.14079829193503,-20.738873517800965,-51.40192477413442
2017-01-24,-71.62215732203585,-20.738873517800965,-50.88328380423524
2017-01-25,-71.25246351136038,-20.369179707125493,-50.88328380423524
2017-01-26,-71.29297909421945,-20.369179707125493,-50.92379938709431
2017-01-27,-71.49931718771965,-20.369179707125493,-51.13013748059453
2017-01-30,-71.7814121135694,-20.369179707125493,-51.41223240644427
2017-01-31,-71.54939177215996,-20.369179707125493,-51.18021206503484
2017-02-01,-71.5198459783468,-20.369179707125493,-51.15066627122167
2017-02-02,-71.46396435560571,-20.369179707125493,-51.09478464848059
2017-02-03,-71.246974119538,-20.369179707125493,-50.87779441241287
2017-02-06,-71.23076286548073,-20.352968453068232,-50.87779441241287
2017-02-07,-71.43276957238986,-20.352968453068232,-51.07980111932199
2017-02-08,-71.31181532321466,-20.352968453068232,-50.958846870146786
2017-02-10,-71.10128183438646,-20.14243496424003,-50.958846870146786
2017-02-13,-70.81441061179413,-20.14243496424003,-50.67197564755447
2017-02-14,-70.33541233842284,-20.14243496424003,-50.19297737418318
2017-02-15,-69.71770088688051,-20.14243496424003,-49.575265922640845
2017-02-16,-69.8256401833313,-20.25037426069083,-49.575265922640845
2017-02-17,-69.34954021285985,-19.77427429021938,-49.575265922640845
2017-02-21,-68.94853088418361,-19.77427429021938,-49.17425659396461
2017-02-22,-68.84843368688594,-19.77427429021938,-49.074159396666936
2017-02-23,-69.04435549933572,-19.970196102669167,-49.074159396666936
2017-02-24,-68.51221154281309,-19.43805214614654,-49.074159396666936
2017-02-27,-68.32379407583655,-19.249634679169993,-49.074159396666936
2017-02-28,-68.41833436429738,-19.249634679169993,-49.16869968512777
2017-03-01,-67.84694978967879,-19.249634679169993,-48.597315110509186
2017-03-02,-68.39688927241077,-19.799574161901983,-48.597315110509186
2017-03-03,-68.30197728313225,-19.704662172623454,-48.597315110509186
2017-03-06,-68.22359247449126,-19.62627736398247,-48.597315110509186
2017-03-07,-68.38537621637647,-19.62627736398247,-48.7590988523944
2017-03-08,-68.72455937471857,-19.62627736398247,-49.0982820107365
2017-03-09,-68.66698455039942,-19.56870253966333,-49.0982820107365
2017-03-10,-68.79471520232819,-19.56870253966333,-49.22601266266526
2017-03-13,-68.72478652536263,-19.49877386269777,-49.22601266266526
2017-03-14,-68.85290955092138,-19.49877386269777,-49.35413568822401
2017-03-15,-68.27949961272301,-18.925363924499404,-49.35413568822401
2017-03-16,-68.55332643199067,-19.199190743767062,-49.35413568822401
2017-03-17,-68.8666255492649,-19.512489861041296,-49.35413568822401
2017-03-20,-68.98637419057252,-19.63223850234892,-49.35413568822401
2017-03-21,-70.58384620214837,-19.63223850234892,-50.95160769979986
2017-03-22,-70.37592302926377,-19.424315329464328,-50.95160769979986
2017-03-23,-70.49268992514538,-19.541082225345942,-50.95160769979986
2017-03-24,-70.72480015927248,-19.541082225345942,-51.18371793392696
2017-03-27,-70.00877291868922,-19.541082225345942,-50.4676906933437
2017-03-28,-69.14380073421142,-19.541082225345942,-49.6027185088659
2017-03-29,-68.92002688562783,-19.541082225345942,-49.378944660282315
2017-03-30,-68.5823955049422,-19.2034508446603,-49.378944660282315
2017-03-31,-68.66023894895199,-19.2034508446603,-49.4567881042921
2017-04-03,-68.8697598335271,-19.2034508446603,-49.66630898886722
2017-04-04,-68.67571464629951,-19.2034508446603,-49.472263801639635
2017-04-05,-69.31411164818375,-19.2034508446603,-50.11066080352388
2017-04-06,-69.11151749744286,-19.2034508446603,-49.908066652782985
2017-04-07,-69.10025543603348,-19.2034508446603,-49.8968045913736
2017-04-10,-69.1187552331878,-19.2034508446603,-49.91530438852792
2017-04-11,-69.0606627694884,-19.2034508446603,-49.857211924828526
2017-04-12,-69.37358627155982,-19.2034508446603,-50.17013542689994
2017-04-13,-69.86841180456807,-19.2034508446603,-50.66496095990819
2017-04-17,-69.25404837998566,-19.2034508446603,-50.05059753532578
2017-04-18,-69.19989221633634,-19.149294681010975,-50.05059753532578
2017-04-19,-69.67147172444092,-19.149294681010975,-50.52217704343037
2017-04-20,-69.17453653324165,-19.149294681010975,-50.025241852231105
2017-04-21,-69.46548498436638,-19.149294681010975,-50.31619030335584
2017-04-24,-69.47969896435177,-19.149294681010975,-50.33040428334122
2017-04-25,-69.22105111750409,-19.149294681010975,-50.07175643649354
2017-04-26,-69.27718167252581,-19.149294681010975,-50.12788699151526
2017-04-27,-69.35840448604007,-19.149294681010975,-50.20910980502953
2017-04-28,-69.71223143081033,-19.149294681010975,-50.56293674979978
2017-05-01,-69.72223143081034,-19.149294681010975,-50.57293674979978
2017-05-02,-69.76154072745041,-19.149294681010975,-50.61224604643984
2017-05-03,-69.89307391995659,-19.28082787351716,-50.61224604643984
2017-05-04,-69.9323908341537,-19.32014478771426,-50.61224604643984
2017-05-05,-69.72940050222586,-19.32014478771426,-50.40925571451201
2017-05-08,-69.77694512509994,-19.36768941058834,-50.40925571451201
2017-05-09,-70.00388482742403,-19.36768941058834,-50.63619541683609
2017-05-10,-69.8135777316802,-19.36768941058834,-50.44588832109226
2017-05-11,-69.81104508127278,-19.36768941058834,-50.44335567068485
2017-05-12,-69.86706370369983,-19.36768941058834,-50.4993742931119
2017-05-15,-69.5310634737139,-19.36768941058834,-50.16337406312598
2017-05-16,-69.77404642032823,-19.36768941058834,-50.406357009740304
2017-05-17,-71.57438397552056,-21.16802696578067,-50.406357009740304
2017-05-18,-71.14416800749969,-21.16802696578067,-49.97614104171942
2017-05-19,-70.74209286010309,-20.76595181838406,-49.97614104171942
2017-05-22,-70.49290188754685,-20.76595181838406,-49.726950069163195
2017-05-23,-70.46123267714574,-20.76595181838406,-49.695280858762096
2017-05-24,-70.35063578508468,-20.76595181838406,-49.58468396670102
2017-05-25,-70.12873342486111,-20.76595181838406,-49.36278160647746
2017-05-26,-70.06837090659988,-20.76595181838406,-49.30241908821624
2017-05-30,-70.01209484447587,-20.76595181838406,-49.246143026092234
2017-05-31,-70.18762786418725,-20.76595181838406,-49.421676045803615
2017-06-01,-69.62482041977246,-20.76595181838406,-48.858868601388835
2017-06-02,-69.32718466139703,-20.46831606000863,-48.858868601388835
2017-06-05,-69.32898551712417,-20.46831606000863,-48.86066945711597
2017-06-06,-69.39241872082405,-20.46831606000863,-48.924102660815855
2017-06-07,-69.3777922143616,-20.46831606000863,-48.90947615435341
2017-06-08,-69.38369232439145,-20.474216170038464,-48.90947615435341
2017-06-09,-69.67266385948292,-20.474216170038464,-49.19844768944488
2017-06-12,-69.58811073729035,-20.389663047845886,-49.19844768944488
2017-06-13,-69.36475451175326,-20.166306822308798,-49.19844768944488
2017-06-14,-69.62827953384897,-20.166306822308798,-49.46197271154059
2017-06-15,-69.19012929114322,-19.728156579603056,-49.46197271154059
2017-06-16,-69.25369427123846,-19.728156579603056,-49.525537691635826
2017-06-19,-68.82539051815607,-19.299852826520674,-49.525537691635826
2017-06-20,-69.34436239519445,-19.81882470355906,-49.525537691635826
2017-06-21,-69.56406612196211,-19.81882470355906,-49.74524141840349
2017-06-22,-69.62347344088512,-19.81882470355906,-49.80464873732649
2017-06-23,-69.54294540539003,-19.81882470355906,-49.7241207018314
2017-06-26,-69.803361442323,-20.079240740492022,-49.7241207018314
2017-06-27,-70.51943265912867,-20.079240740492022,-50.44019191863707
2017-06-28,-70.1220140491169,-19.681822130480253,-50.44019191863707
2017-06-29,-71.08457790514524,-19.681822130480253,-51.402755774665415
2017-06-30,-71.29289053241084,-19.681822130480253,-51.61106840193102
2017-07-03,-71.57912734577458,-19.681822130480253,-51.897305215294764
2017-07-05,-71.53144321273385,-19.681822130480253,-51.84962108225404
2017-07-06,-72.09695261370713,-19.681822130480253,-52.41513048322732
2017-07-07,-71.73453064769103,-19.681822130480253,-52.05270851721122
2017-07-10,-71.63720133210016,-19.584492814889384,-52.05270851721122
2017-07-11,-71.72149251790442,-19.584492814889384,-52.13699970301548
2017-07-12,-71.44010019638009,-19.584492814889384,-51.85560738149114
2017-07-13,-71.28631591012126,-19.584492814889384,-51.701823095232314
2017-07-14,-70.83099020025425,-19.584492814889384,-51.24649738536531
2017-07-17,-70.81655127606183,-19.570053890696972,-51.24649738536531
2017-07-18,-70.582010030126,-19.33551264476114,-51.24649738536531
2017-07-19,-70.19850788893392,-18.95201050356906,-51.24649738536531
2017-07-20,-70.28132340815247,-18.95201050356906,-51.329312904583865
2017-07-21,-70.11293917416602,-18.783626269582594,-51.329312904583865
2017-07-24,-70.1107781409269,-18.783626269582594,-51.327151871344746
2017-07-25,-70.22580522052415,-18.783626269582594,-51.44217895094201
2017-07-26,-70.36505412940595,-18.92287517846439,-51.44217895094201
2017-07-27,-70.6820297965953,-18.92287517846439,-51.75915461813136
2017-07-28,-70.58666883097244,-18.92287517846439,-51.66379365250851
2017-07-31,-70.83951140203558,-19.17571774952754,-51.66379365250851
2017-08-01,-70.90610196325977,-19.24230831075173,-51.66379365250851
2017-08-02,-70.92822488626058,-19.24230831075173,-51.68591657550932
2017-08-03,-71.07984420371723,-19.393927628208377,-51.68591657550932
2017-08-04,-71.13429518078442,-19.393927628208377,-51.740367552576515
2017-08-07,-70.99087556753797,-19.393927628208377,-51.59694793933006
2017-08-08,-71.10193263519662,-19.393927628208377,-51.70800500698871
2017-08-09,-70.79596430241644,-19.087959295428192,-51.70800500698871
2017-08-10,-71.83852070308704,-20.1305156960988,-51.70800500698871
2017-08-11,-71.80755260121047,-20.099547594222237,-51.70800500698871
2017-08-14,-71.43147650412861,-20.099547594222237,-51.33192890990684
2017-08-15,-71.63195711046802,-20.099547594222237,-51.532409516246254
2017-08-16,-71.71077531696713,-20.178365800721345,-51.532409516246254
2017-08-17,-73.00827154924973,-20.178365800721345,-52.82990574852885
2017-08-18,-73.09651836956718,-20.178365800721345,-52.91815256884631
2017-08-21,-72.99942336800984,-20.081270799164013,-52.91815256884631
2017-08-22,-72.24461111668948,-20.081270799164013,-52.16334031752594
2017-08-23,-72.16052216220335,-20.081270799164013,-52.079251363039816
2017-08-24,-72.5836168806077,-20.504365517568367,-52.079251363039816
2017-08-25,-72.73254402419906,-20.653292661159718,-52.079251363039816
2017-08-28,-72.98756837923513,-20.653292661159718,-52.33427571807589
2017-08-29,-72.26381971146498,-20.653292661159718,-51.610527050305734
2017-08-30,-71.79301335591593,-20.18248630561067,-51.610527050305734
2017-08-31,-71.4914029534276,-19.880875903122337,-51.610527050305734
2017-09-01,-71.53367737356457,-19.923150323259318,-51.610527050305734
2017-09-05,-72.0301767388254,-19.923150323259318,-52.107026415566565
2017-09-06,-72.01587343746205,-19.923150323259318,-52.09272311420321
2017-09-07,-72.17968423705925,-19.923150323259318,-52.25653391380041
2017-09-08,-72.17345753953904,-19.916923625739113,-52.25653391380041
2017-09-11,-71.71286303496974,-19.916923625739113,-51.7959394092311
2017-09-12,-71.55475614208414,-19.916923625739113,-51.637832516345505
2017-09-13,-71.38471770549103,-19.74688518914599,-51.637832516345505
2017-09-14,-71.27869485285639,-19.74688518914599,-51.53180966371087
2017-09-15,-71.08784317647431,-19.55603351276391,-51.53180966371087
2017-09-18,-71.05378389234251,-19.55603351276391,-51.49775037957907
2017-09-19,-71.07578412406026,-19.55603351276391,-51.51975061129682
2017-09-20,-71.08978698952667,-19.55603351276391,-51.53375347676323
2017-09-21,-71.29607582975366,-19.55603351276391,-51.74004231699022
2017-09-22,-71.14960349734082,-19.55603351276391,-51.593569984577385
2017-09-25,-71.24794321824565,-19.654373233668736,-51.593569984577385
2017-09-26,-71.39435099782845,-19.654373233668736,-51.73997776416018
2017-09-27,-71.33634220747801,-19.654373233668736,-51.68196897380974
2017-09-28,-71.09837760525771,-19.416408631448437,-51.68196897380974
2017-09-29,-70.7534918115256,-19.07152283771633,-51.68196897380974
2017-10-02,-70.4340015033379,-18.75203252952862,-51.68196897380974
2017-10-03,-70.23021889780627,-18.548249923996984,-51.68196897380974
2017-10-04,-70.05439252624133,-18.372423552432043,-51.68196897380974
2017-10-05,-69.62361637668123,-18.372423552432043,-51.251192824249635
2017-10-06,-69.54709028560048,-18.372423552432043,-51.17466673316888
2017-10-09,-69.82450478768588,-18.372423552432043,-51.45208123525429
2017-10-10,-69.82665395164871,-18.37457271639487,-51.45208123525429
2017-10-11,-69.63646556738458,-18.37457271639487,-51.261892850990165
2017-10-12,-69.65432116226042,-18.37457271639487,-51.27974844586601
2017-10-13,-69.7388187809386,-18.37457271639487,-51.36424606454419
2017-10-16,-69.7174822195595,-18.37457271639487,-51.34290950316509
2017-10-17,-69.63349141781006,-18.290581914645436,-51.34290950316509
2017-10-18,-69.713853282055,-18.370943778890368,-51.34290950316509
2017-10-19,-69.34784270850936,-18.004933205344727,-51.34290950316509
2017-10-20,-69.19826106024114,-17.855351557076506,-51.34290950316509
2017-10-23,-69.74177179610513,-17.855351557076506,-51.88642023902907
2017-10-24,-69.76736480597238,-17.855351557076506,-51.91201324889633
2017-10-25,-70.12538142956669,-18.21336818067082,-51.91201324889633
2017-10-26,-70.28002693690526,-18.21336818067082,-52.06665875623491
2017-10-27,-69.80770842748312,-17.741049671248685,-52.06665875623491
2017-10-30,-69.70859389320488,-17.741049671248685,-51.967544221956665
2017-10-31,-69.73025908096919,-17.762714859012995,-51.967544221956665
2017-11-01,-69.9536389116443,-17.762714859012995,-52.19092405263177
2017-11-02,-69.89373884053363,-17.762714859012995,-52.131023981521096
2017-11-03,-69.64027613660787,-17.762714859012995,-51.87756127759533
2017-11-06,-69.43756472814867,-17.762714859012995,-51.67484986913614
2017-11-07,-69.56347069293643,-17.88862082380075,-51.67484986913614
2017-11-08,-69.32617192806009,-17.88862082380075,-51.437551104259796
2017-11-09,-69.16559525534393,-17.88862082380075,-51.27697443154364
2017-11-10,-69.03601733866967,-17.759042907126485,-51.27697443154364
2017-11-13,-68.65039621717612,-17.759042907126485,-50.89135331005009
2017-11-14,-68.53615528993996,-17.759042907126485,-50.77711238281392
2017-11-15,-68.61631966994308,-17.839207287129607,-50.77711238281392
2017-11-16,-68.20007570404975,-17.839207287129607,-50.36086841692059
2017-11-17,-68.3495951339472,-17.988726717027056,-50.36086841692059
2017-11-20,-68.29764286499375,-17.988726717027056,-50.30891614796714
2017-11-21,-67.99560702221474,-17.686690874248054,-50.30891614796714
2017-11-22,-68.09795358482863,-17.686690874248054,-50.41126271058103
2017-11-24,-68.09259750125152,-17.68133479067094,-50.41126271058103
2017-11-27,-68.17174035538793,-17.76047764480735,-50.41126271058103
2017-11-28,-67.37582902408586,-16.96456631350529,-50.41126271058103
2017-11-29,-67.50375937085626,-17.092496660275685,-50.41126271058103
2017-11-30,-67.04096315233768,-17.092496660275685,-49.94846649206245
2017-12-01,-67.16434448410713,-17.21587799204514,-49.94846649206245
2017-12-04,-67.99251583491206,-18.044049342850066,-49.94846649206245
2017-12-05,-68.00251583491206,-18.044049342850066,-49.95846649206245
2017-12-06,-68.03530519995826,-18.044049342850066,-49.99125585710865
2017-12-07,-68.04530519995826,-18.054049342850067,-49.99125585710865
2017-12-08,-67.92339416469653,-18.054049342850067,-49.869344821846916
2017-12-11,-67.93339416469654,-18.06404934285007,-49.869344821846916
2017-12-12,-68.10444316433454,-18.06404934285007,-50.040393821484926
2017-12-13,-68.23058845755112,-18.190194636066646,-50.040393821484926
2017-12-14,-68.77742416287514,-18.190194636066646,-50.58722952680894
2017-12-15,-68.38889836479196,-18.190194636066646,-50.19870372872577
2017-12-18,-68.36160352934152,-18.190194636066646,-50.171408893275334
2017-12-19,-68.86072893235597,-18.190194636066646,-50.67053429628977
2017-12-20,-69.33401773509998,-18.190194636066646,-51.143823099033774
2017-12-21,-69.40379643711242,-18.259973338079085,-51.143823099033774
2017-12-22,-69.44743301130099,-18.259973338079085,-51.18745967322235
2017-12-26,-69.40501662383369,-18.21755695061179,-51.18745967322235
2017-12-27,-69.43745820134475,-18.21755695061179,-51.219901250733415
2017-12-28,-69.45493152182199,-18.235030271089027,-51.219901250733415
2017-12-29,-70.08878288008758,-18.235030271089027,-51.853752608999
2018-01-02,-69.75216480279586,-17.89841219379731,-51.853752608999
2018-01-03,-69.20230949988527,-17.34855689088672,-51.853752608999
2018-01-04,-69.06125361501536,-17.34855689088672,-51.71269672412909
2018-01-05,-68.73787590495405,-17.025179180825415,-51.71269672412909
2018-01-08,-68.5249290235444,-17.025179180825415,-51.499749842719446
2018-01-09,-68.4839162896022,-16.984166446883222,-51.499749842719446
2018-01-10,-68.33327278984503,-16.83352294712604,-51.499749842719446
2018-01-11,-67.84587850305674,-16.83352294712604,-51.012355555931165
2018-01-12,-67.31469309758361,-16.83352294712604,-50.48117015045804
2018-01-16,-68.18032272496161,-16.83352294712604,-51.34679977783605
2018-01-17,-67.62365216861298,-16.83352294712604,-50.790129221487405
2018-01-18,-67.75537941227445,-16.965250190787515,-50.790129221487405
2018-01-19,-67.54759818039811,-16.965250190787515,-50.58234798961106
2018-01-22,-66.66216919976998,-16.965250190787515,-49.69691900898292
2018-01-23,-66.47782667910965,-16.965250190787515,-49.5125764883226
2018-01-24,-66.78401743337893,-16.965250190787515,-49.818767242591875
2018-01-25,-67.09712832773242,-17.278361085141004,-49.818767242591875
2018-01-26,-66.29077334746134,-16.47200610486993,-49.818767242591875
2018-01-29,-66.7389016773662,-16.47200610486993,-50.26689557249673
2018-01-30,-67.046582921454,-16.47200610486993,-50.574576816584525
2018-01-31,-67.3505870234478,-16.77601020686373,-50.574576816584525
2018-02-01,-67.17930935767507,-16.77601020686373,-50.40329915081179
2018-02-02,-68.85621540452524,-18.45291625371391,-50.40329915081179
2018-02-05,-72.40970997571745,-18.45291625371391,-53.956793722003994
2018-02-06,-68.94533919205551,-18.45291625371391,-50.49242293834206
2018-02-07,-69.26493772029838,-18.45291625371391,-50.81202146658492
2018-02-08,-73.22492408586444,-22.412902619279983,-50.81202146658492
2018-02-09,-72.96687406000623,-22.412902619279983,-50.55397144072671
2018-02-12,-72.4061637351817,-22.412902619279983,-49.993261115902186
2018-02-13,-71.6500793520098,-21.656818236108077,-49.993261115902186
2018-02-14,-69.68211681922402,-21.656818236108077,-48.02529858311641
2018-02-15,-69.15594534057367,-21.656818236108077,-47.499127104466055
2018-02-16,-68.87627348888142,-21.656818236108077,-47.21945525277381
2018-02-20,-69.11813598213607,-21.656818236108077,-47.461317746028456
2018-02-21,-69.81086071760939,-21.656818236108077,-48.15404248150177
2018-02-22,-70.0794064597968,-21.656818236108077,-48.42258822368918
2018-02-23,-69.02078406364537,-21.656818236108077,-47.36396582753775
2018-02-26,-68.31937096681757,-21.656818236108077,-46.66255273070996
2018-02-27,-69.6614183245691,-22.998865593859602,-46.66255273070996
2018-02-28,-71.14404789282577,-22.998865593859602,-48.14518229896664
2018-03-01,-72.53040890009484,-22.998865593859602,-49.53154330623571
2018-03-02,-71.31395060994501,-22.998865593859602,-48.31508501608589
2018-03-05,-69.67181963080598,-21.356734614720573,-48.31508501608589
2018-03-06,-69.83560885727482,-21.52052384118941,-48.31508501608589
2018-03-07,-68.97668391347845,-21.52052384118941,-47.45616007228952
2018-03-08,-68.78581894439037,-21.329658872101334,-47.45616007228952
2018-03-09,-67.65258458472063,-21.329658872101334,-46.322925712619785
2018-03-12,-67.90644298279194,-21.583517270172642,-46.322925712619785
2018-03-13,-69.03762589715285,-21.583517270172642,-47.45410862698069
2018-03-14,-69.95523091683505,-22.50112228985484,-47.45410862698069
2018-03-15,-70.28472177639144,-22.50112228985484,-47.78359948653708
2018-03-16,-70.40406670665732,-22.62046722012072,-47.78359948653708
2018-03-19,-71.46586218131442,-22.62046722012072,-48.84539496119418
2018-03-20,-71.47216779117785,-22.62046722012072,-48.85170057105761
2018-03-21,-71.65581467956831,-22.62046722012072,-49.035347459448076
2018-03-22,-73.26108915087804,-22.62046722012072,-50.640621930757796
2018-03-23,-75.61504603490957,-22.62046722012072,-52.99457881478933
2018-03-26,-74.49462639417288,-21.50004757938404,-52.99457881478933
2018-03-27,-76.61948286680018,-21.50004757938404,-55.119435287416636
2018-03-28,-76.9829403216744,-21.50004757938404,-55.48289274229086
2018-03-29,-76.21852676872572,-21.50004757938404,-54.71847918934217
2018-04-02,-78.1823548073653,-21.50004757938404,-56.68230722798175
2018-04-03,-77.46107837691761,-21.50004757938404,-55.96103079753406
2018-04-04,-74.85325957954142,-21.50004757938404,-53.35321200015787
2018-04-05,-74.82936328785031,-21.476151287692936,-53.35321200015787
2018-04-06,-76.25392680836626,-21.476151287692936,-54.77777552067382
2018-04-09,-76.40558700421224,-21.476151287692936,-54.9294357165198
2018-04-10,-76.08314556955393,-21.476151287692936,-54.6069942818615
2018-04-11,-75.98313340479557,-21.37613912293457,-54.6069942818615
2018-04-12,-75.7408759216514,-21.37613912293457,-54.36473679871734
2018-04-13,-76.59961534736185,-21.37613912293457,-55.22347622442779
2018-04-16,-76.48610118101901,-21.37613912293457,-55.10996205808496
2018-04-17,-76.17729312382876,-21.37613912293457,-54.801154000894705
2018-04-18,-76.2981779520357,-21.37613912293457,-54.92203882910165
2018-04-19,-76.59041501538242,-21.37613912293457,-55.21427589244837
2018-04-20,-77.4222089934329,-22.20793310098505,-55.21427589244837
2018-04-23,-77.6907193070446,-22.476443414596748,-55.21427589244837
2018-04-24,-79.49082186631362,-22.476443414596748,-57.014378451717384
2018-04-25,-79.22733774059449,-22.476443414596748,-56.75089432599825
2018-04-26,-78.66494340950118,-21.91404908350344,-56.75089432599825
2018-04-27,-78.83987426757204,-21.91404908350344,-56.925825184069126
2018-04-30,-79.8841651881701,-21.91404908350344,-57.97011610466718
2018-05-01,-79.47437980993983,-21.504263705273168,-57.97011610466718
2018-05-02,-80.07533444044809,-22.10521833578142,-57.97011610466718
2018-05-03,-79.94816579060162,-21.978049685934955,-57.97011610466718
2018-05-04,-78.25209256861874,-21.978049685934955,-56.27404288268429
2018-05-07,-78.25085307226212,-21.978049685934955,-56.272803386327666
2018-05-08,-78.10337359869028,-21.830570212363117,-56.272803386327666
2018-05-09,-77.43575555145192,-21.162952165124754,-56.272803386327666
2018-05-10,-76.8262415407227,-21.162952165124754,-55.663289375598445
2018-05-11,-76.58303415087691,-20.919744775278957,-55.663289375598445
2018-05-14,-76.7248196973832,-20.919744775278957,-55.80507492210473
2018-05-15,-76.91539806268183,-20.919744775278957,-55.99565328740336
2018-05-16,-76.52053329821575,-20.919744775278957,-55.60078852293727
2018-05-17,-76.50479294596492,-20.919744775278957,-55.58504817068644
2018-05-18,-76.621619940083,-20.919744775278957,-55.70187516480451
2018-05-21,-76.49984886484812,-20.797973700044086,-55.70187516480451
2018-05-22,-77.00384191464649,-20.797973700044086,-56.20586821460288
2018-05-23,-76.20948449222469,-20.797973700044086,-55.41151079218108
2018-05-24,-76.25980476209467,-20.84829396991407,-55.41151079218108
2018-05-25,-76.26980476209468,-20.858293969914072,-55.41151079218108
2018-05-29,-76.75818016754859,-20.858293969914072,-55.899886197635
2018-05-30,-75.99117513207014,-20.858293969914072,-55.13288116215655
2018-05-31,-76.44677106104179,-20.858293969914072,-55.5884770911282
2018-06-01,-76.02088003182905,-20.858293969914072,-55.162586061915455
2018-06-04,-75.89619674986433,-20.858293969914072,-55.037902779950734
2018-06-05,-75.88801323219111,-20.850110452240852,-55.037902779950734
2018-06-06,-75.31593839709687,-20.850110452240852,-54.46582794485649
2018-06-07,-75.5348331940112,-20.850110452240852,-54.68472274177082
2018-06-08,-75.06198549990955,-20.850110452240852,-54.21187504766917
2018-06-11,-75.02889928122237,-20.850110452240852,-54.17878882898198
2018-06-12,-75.07832408652061,-20.8995352575391,-54.17878882898198
2018-06-13,-75.50467860907908,-20.8995352575391,-54.60514335154045
2018-06-14,-75.61508338277342,-21.009940031233445,-54.60514335154045
2018-06-15,-75.43365473320434,-20.828511381664363,-54.60514335154045
2018-06-18,-75.05600553917762,-20.828511381664363,-54.227494157513725
2018-06-19,-74.52005331868772,-20.828511381664363,-53.69154193702383
2018-06-20,-74.63869732411334,-20.828511381664363,-53.81018594244945
2018-06-21,-75.27392701550531,-20.828511381664363,-54.44541563384142
2018-06-22,-75.61823453541348,-20.828511381664363,-54.78972315374959
2018-06-25,-76.52457527702045,-21.734852123271335,-54.78972315374959
2018-06-26,-76.54930487847317,-21.759581724724047,-54.78972315374959
2018-06-27,-77.63389049510967,-21.759581724724047,-55.874308770386094
2018-06-28,-77.05149140073819,-21.759581724724047,-55.29190967601461
2018-06-29,-77.37065482230487,-22.078745146290725,-55.29190967601461
2018-07-02,-76.51249058450138,-21.22058090848723,-55.29190967601461
2018-07-03,-77.24706526842733,-21.95515559241319,-55.29190967601461
2018-07-05,-76.9122982287383,-21.95515559241319,-54.95714263632558
2018-07-06,-76.09102661147944,-21.95515559241319,-54.13587101906671
2018-07-09,-75.6140543629602,-21.47818334389395,-54.13587101906671
2018-07-10,-75.44821313894622,-21.312342119879954,-54.13587101906671
2018-07-11,-75.56290748824482,-21.42703646917855,-54.13587101906671
2018-07-12,-75.18198209132743,-21.42703646917855,-53.75494562214932
2018-07-13,-75.0416553027576,-21.42703646917855,-53.6146188335795
2018-07-16,-75.15900022867959,-21.544381395100537,-53.6146188335795
2018-07-17,-74.45335685836648,-21.544381395100537,-52.90897546326638
2018-07-18,-74.28530047275082,-21.376325009484876,-52.90897546326638
2018-07-19,-74.40595264443232,-21.49697718116638,-52.90897546326638
2018-07-20,-74.44812579363688,-21.53915033037094,-52.90897546326638
2018-07-23,-74.1901009866092,-21.53915033037094,-52.65095065623869
2018-07-24,-74.26400698640913,-21.53915033037094,-52.724856656038625
2018-07-25,-73.32588964573323,-21.53915033037094,-51.78673931536273
2018-07-26,-73.28647243544029,-21.53915033037094,-51.74732210506979
2018-07-27,-74.10690208571016,-22.35957998064082,-51.74732210506979
2018-07-30,-74.67259670754952,-22.35957998064082,-52.313016726909154
2018-07-31,-74.49759326475527,-22.35957998064082,-52.138013284114905
2018-08-01,-74.75652203321083,-22.35957998064082,-52.396942052570466
2018-08-02,-73.69847818635422,-22.35957998064082,-51.33889820571386
2018-08-03,-73.33047010018957,-22.35957998064082,-50.97089011954921
2018-08-06,-72.98853057016044,-22.35957998064082,-50.62895058952008
2018-08-07,-72.93198699328879,-22.30303640376917,-50.62895058952008
2018-08-08,-72.9174702879396,-22.288519698419975,-50.62895058952008
2018-08-09,-73.08870111507063,-22.45975052555101,-50.62895058952008
2018-08-10,-73.20106731479325,-22.57211672527362,-50.62895058952008
2018-08-13,-73.6955335272913,-22.57211672527362,-51.123416802018134
2018-08-14,-73.35975129218393,-22.236334490166247,-51.123416802018134
2018-08-15,-73.5824591501839,-22.459042348166207,-51.123416802018134
2018-08-16,-73.35984223633696,-22.459042348166207,-50.9007998881712
2018-08-17,-72.93741665764071,-22.459042348166207,-50.47837430947496
2018-08-20,-72.91240296780656,-22.459042348166207,-50.453360619640804
2018-08-21,-72.89096814037076,-22.437607520730413,-50.453360619640804
2018-08-22,-72.79957540879684,-22.437607520730413,-50.361967888066886
2018-08-23,-72.87253632899164,-22.437607520730413,-50.43492880826169
2018-08-24,-72.5096785744519,-22.07474976619067,-50.43492880826169
2018-08-27,-72.2016866526278,-22.07474976619067,-50.12693688643758
2018-08-28,-72.34266263372274,-22.215725747285614,-50.12693688643758
2018-08-29,-71.89877034392602,-21.77183345748889,-50.12693688643758
2018-08-30,-72.12899431951467,-21.77183345748889,-50.357160862026234
2018-08-31,-71.97696679957258,-21.77183345748889,-50.20513334208414
2018-09-04,-71.99731745242846,-21.77183345748889,-50.22548399494002
2018-09-05,-72.13870702986992,-21.913223034930343,-50.22548399494002
2018-09-06,-72.49167396582078,-22.266189970881204,-50.22548399494002
2018-09-07,-72.28586577918949,-22.266189970881204,-50.01967580830873
2018-09-10,-72.5177589896156,-22.266189970881204,-50.25156901873484
2018-09-11,-71.94485156707589,-22.266189970881204,-49.67866159619513
2018-09-12,-71.934097629005,-22.266189970881204,-49.667907658124236
2018-09-13,-71.76859065686043,-22.266189970881204,-49.50240068597967
2018-09-14,-71.84045018903413,-22.266189970881204,-49.57426021815337
2018-09-17,-72.36065916157197,-22.266189970881204,-50.09446919069121
2018-09-18,-71.91241890262798,-22.266189970881204,-49.64622893174721
2018-09-19,-71.83653628206838,-22.19030735032161,-49.64622893174721
2018-09-20,-71.52584687282277,-22.19030735032161,-49.33553952250159
2018-09-21,-71.91186636583191,-22.19030735032161,-49.72155901551074
2018-09-24,-72.03176655282174,-22.19030735032161,-49.841459202500566
2018-09-25,-72.309678638925,-22.19030735032161,-50.11937128860384
2018-09-26,-72.67436788769412,-22.19030735032161,-50.48406053737294
2018-09-27,-72.58799934595423,-22.19030735032161,-50.397691995633046
2018-09-28,-72.34657905644093,-22.19030735032161,-50.156271706119746
2018-10-01,-72.48674294424094,-22.19030735032161,-50.29643559391976
2018-10-02,-72.49674294424095,-22.19030735032161,-50.30643559391976
2018-10-03,-72.85577968382944,-22.549344089910107,-50.30643559391976
2018-10-04,-73.46513742479809,-23.15870183087875,-50.30643559391976
2018-10-05,-74.12274581985339,-23.816310225934053,-50.30643559391976
2018-10-08,-73.86485220971308,-23.816310225934053,-50.048541983779444
2018-10-09,-73.87137989881708,-23.816310225934053,-50.05506967288344
2018-10-10,-76.90038332703797,-23.816310225934053,-53.08407310110434
2018-10-11,-78.69831375625299,-23.816310225934053,-54.882003530319345
2018-10-12,-79.00502001127627,-23.816310225934053,-55.188709785342624
2018-10-15,-79.43323825328056,-23.816310225934053,-55.61692802734691
2018-10-16,-78.07876904364197,-23.816310225934053,-54.26245881770832
2018-10-17,-78.08519979998826,-23.822740982280344,-54.26245881770832
2018-10-18,-79.1747353166332,-24.91227649892529,-54.26245881770832
2018-10-19,-79.50278281269348,-25.24032399498557,-54.26245881770832
2018-10-22,-80.23378381624076,-25.24032399498557,-54.99345982125559
2018-10-23,-79.26685039768199,-25.24032399498557,-54.02652640269683
2018-10-24,-82.25116389816574,-28.224637495469313,-54.02652640269683
2018-10-25,-81.25643631083581,-27.229909908139373,-54.02652640269683
2018-10-26,-81.48856415952172,-27.229909908139373,-54.25865425138274
2018-10-29,-83.3534600891465,-27.229909908139373,-56.12355018100751
2018-10-30,-81.82046110078942,-25.696910919782297,-56.12355018100751
2018-10-31,-81.83784693205088,-25.696910919782297,-56.14093601226897
2018-11-01,-81.14706675077537,-25.696910919782297,-55.45015583099347
2018-11-02,-82.2034634180348,-25.696910919782297,-56.5065524982529
2018-11-05,-81.86536487578476,-25.696910919782297,-56.16845395600287
2018-11-06,-81.2189597091581,-25.696910919782297,-55.5220487893762
2018-11-07,-79.99364236859451,-24.471593579218712,-55.5220487893762
2018-11-08,-79.86450295918333,-24.471593579218712,-55.392909379965026
2018-11-09,-80.33068615090241,-24.471593579218712,-55.859092571684116
2018-11-12,-82.0214573225676,-26.162364750883896,-55.859092571684116
2018-11-13,-82.40933497695787,-26.162364750883896,-56.24697022607438
2018-11-14,-83.87427699896352,-26.162364750883896,-57.71191224808005
2018-11-15,-82.31909542320903,-26.162364750883896,-56.15673067232556
2018-11-16,-81.6178435716429,-26.162364750883896,-55.455478820759424
2018-11-19,-83.0850239194301,-26.162364750883896,-56.92265916854663
2018-11-20,-83.56340517916937,-26.162364750883896,-57.40104042828589
2018-11-21,-83.88985977510563,-26.162364750883896,-57.72749502422215
2018-11-23,-83.87326276292721,-26.145767738705477,-57.72749502422215
2018-11-26,-83.23819556036644,-26.145767738705477,-57.092427821661374
2018-11-27,-82.47772475707544,-26.145767738705477,-56.33195701837037
2018-11-28,-80.65740406814143,-26.145767738705477,-54.51163632943636
2018-11-29,-80.56880100731371,-26.057164677877754,-54.51163632943636
2018-11-30,-79.90905134601816,-26.057164677877754,-53.851886668140814
2018-12-03,-80.26931833618907,-26.057164677877754,-54.21215365831172
2018-12-04,-83.23968733350424,-29.027533675192924,-54.21215365831172
2018-12-06,-81.7863258315531,-29.027533675192924,-52.758792156360585
2018-12-07,-84.00641677930116,-31.24762462294098,-52.758792156360585
2018-12-10,-83.75097896085785,-30.992186804497667,-52.758792156360585
2018-12-11,-85.08858969846433,-32.32979754210415,-52.758792156360585
2018-12-12,-85.85291740537103,-33.09412524901085,-52.758792156360585
2018-12-13,-86.29533603431041,-33.09412524901085,-53.201210785299956
2018-12-14,-87.25675611035436,-33.09412524901085,-54.16263086134391
2018-12-17,-88.83644928049232,-33.09412524901085,-55.74232403148186
2018-12-18,-89.67413040042022,-33.93180636893875,-55.74232403148186
2018-12-19,-91.22830488161641,-35.48598085013493,-55.74232403148186
2018-12-20,-92.32074606750913,-35.48598085013493,-56.834765217374574
2018-12-21,-94.80913014710269,-35.48598085013493,-59.32314929696813
2018-12-24,-96.80491387160095,-35.48598085013493,-61.318933021466385
2018-12-26,-92.57908762597489,-35.48598085013493,-57.093106775840326
2018-12-27,-90.34702410441352,-33.25391732857356,-57.093106775840326
2018-12-28,-91.09295802502902,-33.25391732857356,-57.83904069645582
2018-12-31,-90.9588078385275,-33.25391732857356,-57.7048905099543
2019-01-02,-89.27576633196014,-33.25391732857356,-56.02184900338694
2019-01-03,-90.91848434687863,-33.25391732857356,-57.664567018305426
2019-01-04,-89.00834731379213,-33.25391732857356,-55.75442998521893
2019-01-07,-88.3517692576676,-33.25391732857356,-55.0978519290944
2019-01-08,-88.38124717237064,-33.25391732857356,-55.12732984379745
2019-01-09,-88.23218610918359,-33.10485626538651,-55.12732984379745
2019-01-10,-87.22498005501107,-33.10485626538651,-54.12012378962494
2019-01-11,-86.73173960871306,-32.611615819088485,-54.12012378962494
2019-01-14,-86.5317256993317,-32.611615819088485,-53.92010988024359
2019-01-15,-85.56520493641305,-31.645095056169843,-53.92010988024359
2019-01-16,-85.51770338646264,-31.645095056169843,-53.872608330293176
2019-01-17,-84.39952663768166,-31.645095056169843,-52.75443158151219
2019-01-18,-83.85255528140085,-31.645095056169843,-52.20746022523138
2019-01-22,-84.60544150562515,-32.39798128039414,-52.20746022523138
2019-01-23,-84.84296656993094,-32.39798128039414,-52.444985289537165
2019-01-24,-84.72387689019084,-32.39798128039414,-52.32589560979706
2019-01-25,-84.66988869372025,-32.39798128039414,-52.27190741332647
2019-01-28,-84.5395130280429,-32.39798128039414,-52.141531747649125
2019-01-29,-84.74294405154455,-32.39798128039414,-52.34496277115078
2019-01-30,-83.82180399705295,-31.476841225902536,-52.34496277115078
2019-01-31,-82.93123862992185,-30.586275858771437,-52.34496277115078
2019-02-01,-82.97455765035716,-30.629594879206742,-52.34496277115078
2019-02-04,-82.30198404716262,-29.95702127601221,-52.34496277115078
2019-02-05,-82.07002049773331,-29.95702127601221,-52.11299922172147
2019-02-06,-82.0983580083373,-29.985358786616192,-52.11299922172147
2019-02-07,-82.40405858888654,-29.985358786616192,-52.418699802270716
2019-02-08,-81.776097441156,-29.985358786616192,-51.79073865454018
2019-02-11,-82.00019706965372,-29.985358786616192,-52.0148382830379
2019-02-12,-81.39539874300742,-29.985358786616192,-51.4100399563916
2019-02-13,-81.41994677609406,-30.009906819702834,-51.4100399563916
2019-02-14,-81.21103027757842,-30.009906819702834,-51.201123457875944
2019-02-15,-80.85622760430473,-30.009906819702834,-50.84632078460226
2019-02-19,-80.37193797022923,-29.52561718562733,-50.84632078460226
2019-02-20,-80.1661937197783,-29.52561718562733,-50.64057653415134
2019-02-21,-80.2770723730828,-29.52561718562733,-50.75145518745584
2019-02-22,-79.91738893837429,-29.52561718562733,-50.391771752747324
2019-02-25,-80.35934747621297,-29.967575723466013,-50.391771752747324
2019-02-26,-80.30130111769047,-29.909529364943506,-50.391771752747324
2019-02-27,-80.06744271961917,-29.909529364943506,-50.15791335467601
2019-02-28,-80.17786550521416,-29.909529364943506,-50.268336140270996
2019-03-01,-80.19499349191842,-29.909529364943506,-50.28546412697526
2019-03-04,-80.98931558997073,-29.909529364943506,-51.079786225027576
2019-03-05,-81.18551570590002,-30.1057294808728,-51.079786225027576
2019-03-06,-81.8496322518521,-30.769846026824883,-51.079786225027576
2019-03-07,-82.51923772348641,-31.439451498459196,-51.079786225027576
2019-03-08,-81.97388772817693,-30.89410150314971,-51.079786225027576
2019-03-11,-80.83524132423511,-29.75545509920789,-51.079786225027576
2019-03-12,-80.69127381188217,-29.75545509920789,-50.93581871267463
2019-03-13,-80.39513091486016,-29.459312202185878,-50.93581871267463
2019-03-14,-80.47979056511454,-29.459312202185878,-51.02047836292902
2019-03-15,-80.21569979805669,-29.459312202185878,-50.75638759587117
2019-03-18,-79.94904543462812,-29.192657838757313,-50.75638759587117
2019-03-19,-80.35134006999662,-29.594952474125822,-50.75638759587117
2019-03-20,-80.57776912625064,-29.821381530379842,-50.75638759587117
2019-03-21,-79.14090512472812,-29.821381530379842,-49.319523594348645
2019-03-22,-80.56255984029718,-29.821381530379842,-50.74117830991771
2019-03-25,-80.51161329627361,-29.821381530379842,-50.69023176589413
2019-03-26,-80.47535726506321,-29.785125499169435,-50.69023176589413
2019-03-27,-81.00607729076789,-30.315845524874124,-50.69023176589413
2019-03-28,-80.88775397328756,-30.19752220739379,-50.69023176589413
2019-03-29,-80.86588953206464,-30.19752220739379,-50.66836732467122
2019-04-01,-80.47977509630991,-29.811407771639054,-50.66836732467122
2019-04-02,-80.51425275347432,-29.811407771639054,-50.702844981835646
2019-04-03,-80.83798183010181,-30.135136848266544,-50.702844981835646
2019-04-04,-80.70860139690274,-30.135136848266544,-50.57346454863658
2019-04-05,-80.49310081631187,-30.135136848266544,-50.3579639680457
2019-04-08,-80.26388614699091,-30.135136848266544,-50.128749298724756
2019-04-09,-80.4164887007568,-30.135136848266544,-50.281351852490644
2019-04-10,-80.2459451203282,-29.964593267837948,-50.281351852490644
2019-04-11,-80.47083330117344,-29.964593267837948,-50.50624003333589
2019-04-12,-80.42567483966074,-29.964593267837948,-50.461081571823186
2019-04-15,-80.52874081133831,-29.964593267837948,-50.564147543500745
2019-04-16,-80.81063735761842,-30.24648981411806,-50.564147543500745
2019-04-17,-81.49206336935913,-30.24648981411806,-51.24557355524145
2019-04-18,-81.52964976218294,-30.24648981411806,-51.283159948065254
2019-04-22,-81.15998080503998,-30.24648981411806,-50.91349099092229
2019-04-23,-80.41598031182926,-29.502489320907337,-50.91349099092229
2019-04-24,-80.61742597554577,-29.703934984623846,-50.91349099092229
2019-04-25,-80.65139411037019,-29.73790311944827,-50.91349099092229
2019-04-26,-80.21392106205091,-29.73790311944827,-50.47601794260301
2019-04-29,-80.10134780669976,-29.62532986409712,-50.47601794260301
2019-04-30,-79.9309257060414,-29.62532986409712,-50.305595841944644
2019-05-01,-80.93321170862298,-29.62532986409712,-51.307881844526214
2019-05-02,-81.11477954145214,-29.62532986409712,-51.48944967735537
2019-05-03,-80.71241073949865,-29.62532986409712,-51.087080875401874
2019-05-06,-79.49573626907369,-28.408655393672163,-51.087080875401874
2019-05-07,-80.27380026915253,-28.408655393672163,-51.86514487548071
2019-05-08,-80.28380026915254,-28.408655393672163,-51.87514487548071
2019-05-09,-79.7937056287737,-28.408655393672163,-51.38505023510186
2019-05-10,-78.93916319411495,-28.408655393672163,-50.53050780044312
2019-05-13,-79.50307317431445,-28.408655393672163,-51.094417780642615
2019-05-14,-79.01430007086626,-28.408655393672163,-50.60564467719442
2019-05-15,-77.79954241309082,-27.193897735896734,-50.60564467719442
2019-05-16,-77.16093120470929,-26.555286527515197,-50.60564467719442
2019-05-17,-76.92574502422883,-26.555286527515197,-50.37045849671396
2019-05-20,-76.97447157870715,-26.555286527515197,-50.41918505119228
2019-05-21,-76.74684236610462,-26.327657314912656,-50.41918505119228
2019-05-22,-76.69380647748835,-26.274621426296388,-50.41918505119228
2019-05-23,-77.06467330484826,-26.274621426296388,-50.79005187855218
2019-05-24,-77.41358186679088,-26.62352998823901,-50.79005187855218
2019-05-28,-78.46755217936398,-26.62352998823901,-51.84402219112527
2019-05-29,-78.70728581601183,-26.62352998823901,-52.083755827773125
2019-05-30,-78.74594764819996,-26.62352998823901,-52.12241765996125
2019-05-31,-79.09323673844712,-26.970819078486176,-52.12241765996125
2019-06-03,-79.37238297926677,-27.24996531930584,-52.12241765996125
2019-06-04,-78.15937707828415,-26.03695941832322,-52.12241765996125
2019-06-05,-77.94648080623368,-26.03695941832322,-51.90952138791078
2019-06-06,-77.42488094925321,-26.03695941832322,-51.387921530930306
2019-06-07,-76.83513674039968,-26.03695941832322,-50.798177322076775
2019-06-10,-76.9834615883422,-26.03695941832322,-50.946502170019286
2019-06-11,-77.7142898297831,-26.03695941832322,-51.67733041146018
2019-06-12,-77.81094043822611,-26.03695941832322,-51.773981019903204
2019-06-13,-77.75876465058178,-26.03695941832322,-51.72180523225887
2019-06-14,-77.76876465058179,-26.046959418323222,-51.72180523225887
2019-06-17,-77.83058586150368,-26.046959418323222,-51.783626443180765
2019-06-18,-77.49457779665175,-26.046959418323222,-51.44761837832883
2019-06-19,-77.33039705953139,-26.046959418323222,-51.28343764120847
2019-06-21,-77.38460663355434,-26.046959418323222,-51.33764721523142
2019-06-24,-77.59533009631103,-26.25768288107992,-51.33764721523142
2019-06-25,-78.61139625276263,-26.25768288107992,-52.353713371683014
2019-06-26,-79.06109287563045,-26.70737950394773,-52.353713371683014
2019-06-27,-79.00589068317201,-26.652177311489293,-52.353713371683014
2019-06-28,-78.87243854703598,-26.652177311489293,-52.220261235546985
2019-07-01,-79.22683197922863,-27.006570743681948,-52.220261235546985
2019-07-02,-78.95982100733045,-26.739559771783757,-52.220261235546985
2019-07-03,-78.42617888506301,-26.739559771783757,-51.68661911327955
2019-07-05,-78.09384291585457,-26.739559771783757,-51.35428314407111
2019-07-08,-78.16783511645811,-26.739559771783757,-51.42827534467465
2019-07-09,-77.62108984359988,-26.19281449892552,-51.42827534467465
2019-07-10,-77.55068840463879,-26.19281449892552,-51.35787390571357
2019-07-11,-77.5640326291328,-26.206158723419534,-51.35787390571357
2019-07-12,-77.30759190765653,-25.94971800194327,-51.35787390571357
2019-07-15,-77.44386456340922,-26.08599065769596,-51.35787390571357
2019-07-16,-77.74365545881503,-26.385781553101765,-51.35787390571357
2019-07-17,-78.42647588460336,-26.385781553101765,-52.0406943315019
2019-07-18,-77.88616270721906,-26.385781553101765,-51.50038115411759
2019-07-19,-78.85730438454486,-26.385781553101765,-52.471522831443394
2019-07-22,-78.7699059939371,-26.385781553101765,-52.38412444083564
2019-07-23,-78.4828334551121,-26.385781553101765,-52.097051902010634
2019-07-24,-77.7436166305917,-26.385781553101765,-51.357835077490236
2019-07-25,-78.06646090930492,-26.708625831814988,-51.357835077490236
2019-07-26,-77.66170843278243,-26.303873355292502,-51.357835077490236
2019-07-29,-77.8109378881916,-26.453102810701672,-51.357835077490236
2019-07-30,-77.55122174246188,-26.19338666497194,-51.357835077490236
2019-07-31,-78.75103480282182,-26.19338666497194,-52.55764813785019
2019-08-01,-79.69278475958585,-26.19338666497194,-53.499398094614214
2019-08-02,-80.12224791618866,-26.19338666497194,-53.92886125121703
2019-08-05,-81.62551375559428,-26.19338666497194,-55.43212709062266
2019-08-06,-80.9766474307619,-26.19338666497194,-54.78326076579027
2019-08-07,-79.739183849313,-26.19338666497194,-53.54579718434135
2019-08-08,-78.37751428525961,-24.831717100918556,-53.54579718434135
2019-08-09,-78.71616623639144,-25.170369052050397,-53.54579718434135
2019-08-12,-79.38010837438581,-25.834311190044772,-53.54579718434135
2019-08-13,-77.73227939057482,-25.834311190044772,-51.89796820053035
2019-08-14,-79.20042835090655,-25.834311190044772,-53.36611716086209
2019-08-15,-79.2912005663566,-25.925083405494817,-53.36611716086209
2019-08-16,-78.47732263454418,-25.925083405494817,-52.55223922904967
2019-08-19,-78.43942551000896,-25.925083405494817,-52.51434210451444
2019-08-20,-79.02688310683791,-26.51254100232377,-52.51434210451444
2019-08-21,-79.0471403267219,-26.51254100232377,-52.53459932439843
2019-08-22,-79.35428552399848,-26.51254100232377,-52.84174452167501
2019-08-23,-81.47284693289038,-26.51254100232377,-54.960305930566896
2019-08-26,-81.22904910156826,-26.51254100232377,-54.716508099244784
2019-08-27,-82.16548428056142,-26.51254100232377,-55.65294327823793
2019-08-28,-81.2190052011317,-26.51254100232377,-54.7064641988082
2019-08-29,-80.9346406656145,-26.22817646680657,-54.7064641988082
2019-08-30,-81.54804439975482,-26.84158020094689,-54.7064641988082
2019-09-03,-81.49956169148729,-26.793097492679365,-54.7064641988082
2019-09-04,-81.20301359185238,-26.793097492679365,-54.409916099173294
2019-09-05,-80.86656809580738,-26.793097492679365,-54.07347060312829
2019-09-06,-80.91683029303033,-26.793097492679365,-54.123732800351235
2019-09-09,-81.24155998636284,-26.793097492679365,-54.44846249368374
2019-09-10,-80.99294272224296,-26.793097492679365,-54.19984522956385
2019-09-11,-80.40833956215836,-26.20849433259477,-54.19984522956385
2019-09-12,-80.40505959919712,-26.20849433259477,-54.19656526660261
2019-09-13,-80.64396558167562,-26.20849433259477,-54.435471249081104
2019-09-16,-80.54729646348844,-26.20849433259477,-54.33880213089392
2019-09-17,-80.23109341137744,-25.89229128048378,-54.33880213089392
2019-09-18,-80.03829214076835,-25.89229128048378,-54.14600086028483
2019-09-19,-80.19764654963073,-26.051645689346163,-54.14600086028483
2019-09-20,-80.90255333752678,-26.75655247724221,-54.14600086028483
2019-09-23,-80.69098627860829,-26.75655247724221,-53.93443380136634
2019-09-24,-81.89035944187094,-27.95592564050486,-53.93443380136634
2019-09-25,-81.34103870084716,-27.406604899481078,-53.93443380136634
2019-09-26,-81.56293689413391,-27.628503092767822,-53.93443380136634
2019-09-27,-82.39218283476362,-28.457749033397523,-53.93443380136634
2019-09-30,-82.13225393106705,-28.457749033397523,-53.67450489766978
2019-10-01,-83.66517759075252,-28.457749033397523,-55.20742855735524
2019-10-02,-84.86229984025077,-29.654871282895776,-55.20742855735524
2019-10-03,-83.96953327829057,-29.654871282895776,-54.31466199539504
2019-10-04,-82.8830078023644,-28.568345806969603,-54.31466199539504
2019-10-07,-83.02599381004785,-28.568345806969603,-54.457648003078496
2019-10-08,-83.9021619783861,-28.568345806969603,-55.33381617141675
2019-10-09,-83.73347768511807,-28.568345806969603,-55.16513187814871
2019-10-10,-83.03850312898972,-28.568345806969603,-54.470157322020356
2019-10-11,-83.04512459018889,-28.574967268168773,-54.470157322020356
2019-10-14,-83.04835986386176,-28.574967268168773,-54.473392595693234
2019-10-15,-82.46102302733091,-27.987630431637914,-54.473392595693234
2019-10-16,-82.46096931153608,-27.987630431637914,-54.4733388798984
2019-10-17,-82.60453214099157,-27.987630431637914,-54.61690170935389
2019-10-18,-82.85587614453333,-28.23897443517967,-54.61690170935389
2019-10-21,-82.67569680987084,-28.058795100517187,-54.61690170935389
2019-10-22,-83.20938146245734,-28.058795100517187,-55.15058636194039
2019-10-23,-82.83515958820078,-27.684573226260625,-55.15058636194039
2019-10-24,-83.02477929655797,-27.874192934617817,-55.15058636194039
2019-10-25,-82.4161536231188,-27.874192934617817,-54.54196068850123
2019-10-28,-82.30739359419579,-27.874192934617817,-54.433200659578205
2019-10-29,-82.24811348781772,-27.874192934617817,-54.37392055320013
2019-10-30,-82.02438822576738,-27.874192934617817,-54.150195291149785
2019-10-31,-82.29778623858614,-27.874192934617817,-54.423593303968545
2019-11-01,-81.90847920304635,-27.48488589907803,-54.423593303968545
2019-11-04,-82.07452454707891,-27.65093124311058,-54.423593303968545
2019-11-05,-82.26675022082989,-27.65093124311058,-54.615818977719535
2019-11-06,-82.25395135936232,-27.638132381643008,-54.615818977719535
2019-11-07,-82.39042552245125,-27.638132381643008,-54.752293140808476
2019-11-08,-82.0307345781689,-27.278441437360666,-54.752293140808476
2019-11-11,-81.73867590256492,-26.986382761756687,-54.752293140808476
2019-11-12,-81.66773700700907,-26.986382761756687,-54.68135424525263
2019-11-13,-81.29200455597247,-26.610650310720093,-54.68135424525263
2019-11-14,-81.05619169081012,-26.610650310720093,-54.44554138009028
2019-11-15,-80.81891887032937,-26.373377490239335,-54.44554138009028
2019-11-18,-80.67175734524793,-26.373377490239335,-54.29837985500884
2019-11-19,-80.92190731980456,-26.373377490239335,-54.54852982956548
2019-11-20,-81.09588445666228,-26.373377490239335,-54.7225069664232
2019-11-21,-81.30551928087226,-26.58301231444932,-54.7225069664232
2019-11-22,-81.35731813538766,-26.58301231444932,-54.774305820938594
2019-11-25,-80.92277143149867,-26.148465610560343,-54.774305820938594
2019-11-26,-80.719227574168,-25.944921753229664,-54.774305820938594
2019-11-27,-80.45306823415234,-25.944921753229664,-54.508146480922925
2019-11-29,-80.63789791388794,-25.944921753229664,-54.69297616065852
2019-12-02,-81.59004487545278,-25.944921753229664,-55.64512312222336
2019-12-03,-81.30887872890798,-25.944921753229664,-55.36395697567856
2019-12-04,-81.07457513447459,-25.944921753229664,-55.12965338124516
2019-12-05,-81.1518629135953,-25.944921753229664,-55.206941160365865
2019-12-06,-80.92338523760938,-25.944921753229664,-54.97846348437995
2019-12-09,-81.1116376250373,-25.944921753229664,-55.16671587180788
2019-12-10,-81.21409273391068,-25.944921753229664,-55.269170980681245
2019-12-11,-81.09997317278979,-25.944921753229664,-55.15505141956035
2019-12-12,-80.25493844388937,-25.099887024329245,-55.15505141956035
2019-12-13,-80.12302126423417,-25.099887024329245,-55.02313423990515
2019-12-16,-80.04534629031829,-25.099887024329245,-54.94545926598927
2019-12-17,-80.1648104342789,-25.099887024329245,-55.06492340994989
2019-12-18,-80.30301873041188,-25.238095320462218,-55.06492340994989
2019-12-19,-79.9696420437324,-24.904718633782753,-55.06492340994989
2019-12-20,-79.89541754048564,-24.83049413053598,-55.06492340994989
2019-12-23,-80.02053558763893,-24.955612177689275,-55.06492340994989
2019-12-24,-80.10521747373542,-25.04029406378577,-55.06492340994989
2019-12-26,-79.71495986053078,-25.04029406378577,-54.67466579674525
2019-12-27,-79.99715455875804,-25.04029406378577,-54.9568604949725
2019-12-30,-80.58788244217294,-25.04029406378577,-55.5475883783874
2019-12-31,-80.18380734591392,-25.04029406378577,-55.14351328212838
2020-01-02,-79.78357664930519,-24.64006336717704,-55.14351328212838
2020-01-03,-79.40511803325725,-24.64006336717704,-54.76505466608045
2020-01-06,-78.43703922864032,-24.64006336717704,-53.796975861463515
2020-01-07,-78.53685047040113,-24.64006336717704,-53.89678710322434
2020-01-08,-78.08035810264799,-24.64006336717704,-53.44029473547119
2020-01-09,-77.94024081638572,-24.499946080914775,-53.44029473547119
2020-01-10,-78.43416736257575,-24.499946080914775,-53.934221281661216
2020-01-13,-77.9673508909666,-24.499946080914775,-53.46740481005206
2020-01-14,-77.98345515202696,-24.499946080914775,-53.483509071112415
2020-01-15,-77.73717886478835,-24.253669793676153,-53.483509071112415
2020-01-16,-77.37782808512691,-24.253669793676153,-53.12415829145097
2020-01-17,-77.31248716668233,-24.188328875231583,-53.12415829145097
2020-01-21,-77.20167956891969,-24.07752127746894,-53.12415829145097
2020-01-22,-77.48293381604398,-24.358775524593234,-53.12415829145097
2020-01-23,-77.16380350372846,-24.358775524593234,-52.80502797913544
2020-01-24,-78.28390503390564,-25.478877054770415,-52.80502797913544
2020-01-27,-78.1485130785797,-25.478877054770415,-52.66963602380949
2020-01-28,-77.59711362710229,-25.478877054770415,-52.11823657233208
2020-01-29,-78.14452248252249,-25.478877054770415,-52.66564542775229
2020-01-30,-77.13616896811861,-24.47052354036654,-52.66564542775229
2020-01-31,-78.77091419487164,-24.47052354036654,-54.30039065450531
2020-02-03,-78.54306861895024,-24.47052354036654,-54.072545078583914
2020-02-04,-78.25176112241301,-24.47052354036654,-53.781237582046685
2020-02-05,-78.08435324263803,-24.47052354036654,-53.6138297022717
2020-02-06,-78.07338951419781,-24.47052354036654,-53.602865973831484
2020-02-07,-78.26984865184984,-24.47052354036654,-53.79932511148351
2020-02-10,-77.24366882627756,-24.47052354036654,-52.77314528591122
2020-02-11,-77.52175569217695,-24.47052354036654,-53.05123215181062
2020-02-12,-77.35673841191644,-24.47052354036654,-52.8862148715501
2020-02-13,-77.01007981666777,-24.47052354036654,-52.53955627630143
2020-02-14,-76.99341858033347,-24.45386230403224,-52.53955627630143
2020-02-18,-76.93806262354161,-24.45386230403224,-52.48420031950957
2020-02-19,-76.78537559285176,-24.3011752733424,-52.48420031950957
2020-02-20,-77.02955080976386,-24.3011752733424,-52.728375536421666
2020-02-21,-77.63451188852183,-24.906136352100365,-52.728375536421666
2020-02-24,-77.86757449708848,-25.139198960667024,-52.728375536421666
2020-02-25,-81.42497314743082,-25.139198960667024,-56.285774186764
2020-02-26,-82.291644000642,-25.139198960667024,-57.15244503997518
2020-02-27,-84.93873784841024,-25.139198960667024,-59.79953888774343
2020-02-28,-82.36380273188176,-25.139198960667024,-57.22460377121496
2020-03-02,-78.79034501966694,-21.565741248452213,-57.22460377121496
2020-03-03,-81.83794200206178,-21.565741248452213,-60.2722007536098
2020-03-04,-79.67008266991287,-19.39788191630331,-60.2722007536098
2020-03-05,-80.50980543379214,-20.237604680182578,-60.2722007536098
2020-03-06,-79.06027234895302,-20.237604680182578,-58.822667668770684
2020-03-09,-79.4596880900963,-20.637020421325854,-58.822667668770684
2020-03-10,-78.15043585914124,-20.637020421325854,-57.51341543781564
2020-03-11,-80.44498262072513,-22.931567182909745,-57.51341543781564
2020-03-12,-83.58550720132394,-22.931567182909745,-60.653940018414445
2020-03-13,-81.25509461833963,-22.931567182909745,-58.32352743543014
2020-03-16,-81.81807050952825,-23.49454307409837,-58.32352743543014
2020-03-17,-78.71034658762066,-23.49454307409837,-55.215803513522545
2020-03-18,-77.14551089080675,-21.92970737728446,-55.215803513522545
2020-03-19,-76.63024933578106,-21.92970737728446,-54.70054195849686
2020-03-20,-82.4679629546988,-21.92970737728446,-60.53825557741462
2020-03-23,-84.80107381189231,-21.92970737728446,-62.87136643460812
2020-03-24,-81.15465968550158,-18.28329325089374,-62.87136643460812
2020-03-25,-80.38362890229438,-18.28329325089374,-62.10033565140091
2020-03-26,-75.81889343085129,-13.718557779450656,-62.10033565140091
2020-03-27,-75.76968803893787,-13.718557779450656,-62.05113025948749
2020-03-30,-73.4794041260411,-13.718557779450656,-59.760846346590725
2020-03-31,-74.57370699614769,-13.718557779450656,-60.85514921669731
2020-04-01,-75.32440690758285,-14.469257690885815,-60.85514921669731
2020-04-02,-72.6623235268471,-11.807174310150067,-60.85514921669731
2020-04-03,-73.70249280611318,-11.807174310150067,-61.89531849596339
2020-04-06,-71.0262822172808,-9.130963721317679,-61.89531849596339
2020-04-07,-74.4036737051728,-9.130963721317679,-65.27270998385539
2020-04-08,-72.17368358119548,-9.130963721317679,-63.04271985987807
2020-04-09,-71.96056439974026,-9.130963721317679,-62.82960067842286
2020-04-13,-72.50602549725318,-9.130963721317679,-63.37506177593577
2020-04-14,-71.5209228362666,-9.130963721317679,-62.3899591149492
2020-04-15,-71.46249417475971,-9.130963721317679,-62.331530453442305
2020-04-16,-71.49040292284833,-9.158872469406298,-62.331530453442305
2020-04-17,-71.05985477401231,-8.72832432057028,-62.331530453442305
2020-04-20,-71.43142519513758,-8.72832432057028,-62.703100874567575
2020-04-21,-72.7838257345953,-8.72832432057028,-64.0555014140253
2020-04-22,-72.5247431492117,-8.469241735186682,-64.0555014140253
2020-04-23,-73.03870394224288,-8.469241735186682,-64.56946220705647
2020-04-24,-72.2539542611447,-8.469241735186682,-63.7847125259583
2020-04-27,-71.5893295680583,-8.469241735186682,-63.1200878328719
2020-04-28,-73.43379038372473,-10.313702550853108,-63.1200878328719
2020-04-29,-72.86917693968313,-10.313702550853108,-62.5554743888303
2020-04-30,-73.30171332593734,-10.313702550853108,-62.98801077508452
2020-05-01,-74.19888301964453,-10.313702550853108,-63.88518046879171
2020-05-04,-73.20587374188037,-9.320693273088942,-63.88518046879171
2020-05-05,-73.37299270778017,-9.320693273088942,-64.0522994346915
2020-05-06,-74.70751834935692,-9.320693273088942,-65.38682507626825
2020-05-07,-74.74185052719096,-9.355025450922982,-65.38682507626825
2020-05-08,-74.28914646230342,-9.355025450922982,-64.93412101138071
2020-05-11,-73.55794353712298,-9.355025450922982,-64.20291808620027
2020-05-12,-76.02129155979725,-11.81837347359725,-64.20291808620027
2020-05-13,-77.60268401318281,-13.399765926982816,-64.20291808620027
2020-05-14,-75.47755223301864,-13.399765926982816,-62.07778630603611
2020-05-15,-74.11234241129776,-13.399765926982816,-60.712576484315235
2020-05-18,-73.45912690404809,-13.399765926982816,-60.059360977065566
2020-05-19,-74.28097638052361,-13.399765926982816,-60.881210453541094
2020-05-20,-73.91645536862804,-13.399765926982816,-60.51668944164552
2020-05-21,-74.57208900005034,-14.055399558405117,-60.51668944164552
2020-05-22,-74.28718019059787,-13.770490748952637,-60.51668944164552
2020-05-26,-75.24559288414508,-13.770490748952637,-61.47510213519273
2020-05-27,-74.78997537445443,-13.770490748952637,-61.01948462550207
2020-05-28,-75.3529515668833,-13.770490748952637,-61.58246081793095
2020-05-29,-74.74987213155,-13.770490748952637,-60.979381382597644
2020-06-01,-74.12622333481703,-13.146841952219654,-60.979381382597644
2020-06-02,-73.63836218147475,-13.146841952219654,-60.491520229255364
2020-06-03,-73.02498607627,-12.53346584701491,-60.491520229255364
2020-06-04,-72.95466091193812,-12.53346584701491,-60.42119506492348
2020-06-05,-72.30173521497404,-12.53346584701491,-59.768269367959405
2020-06-08,-71.3854251119506,-11.617155743991455,-59.768269367959405
2020-06-09,-71.24255395495794,-11.474284586998797,-59.768269367959405
2020-06-10,-72.00831576619456,-11.474284586998797,-60.53403117919602
2020-06-11,-75.56403544578474,-11.474284586998797,-64.0897508587862
2020-06-12,-76.89007987880743,-12.800329020021486,-64.0897508587862
2020-06-15,-73.91507992514234,-12.800329020021486,-61.11475090512111
2020-06-16,-74.72707630624868,-13.61232540112782,-61.11475090512111
2020-06-17,-75.50738156143952,-13.61232540112782,-61.89505616031195
2020-06-18,-74.94805951695584,-13.61232540112782,-61.33573411582828
2020-06-19,-76.73392819685893,-15.398194081030903,-61.33573411582828
2020-06-22,-75.89362807527138,-14.557893959443357,-61.33573411582828
2020-06-23,-76.36403189777714,-15.02829778194912,-61.33573411582828
2020-06-24,-78.24726441848911,-15.02829778194912,-63.21896663654025
2020-06-25,-76.98682238222462,-15.02829778194912,-61.95852460027576
2020-06-26,-79.0126990148919,-17.054174414616398,-61.95852460027576
2020-06-29,-78.0158778875898,-16.057353287314307,-61.95852460027576
2020-06-30,-76.59856687926873,-16.057353287314307,-60.541213591954694
2020-07-01,-76.30216540906909,-16.057353287314307,-60.244812121755054
2020-07-02,-76.95385172798514,-16.709039606230355,-60.244812121755054
2020-07-06,-76.7491464912232,-16.504334369468417,-60.244812121755054
2020-07-07,-77.26776418574936,-16.504334369468417,-60.7634298162812
2020-07-08,-76.77997233079641,-16.504334369468417,-60.27563796132826
2020-07-09,-77.56941655141598,-17.29377859008799,-60.27563796132826
2020-07-10,-76.54126865793808,-17.29377859008799,-59.24749006785036
2020-07-13,-78.21753034859593,-18.97004028074584,-59.24749006785036
2020-07-14,-76.44961327432853,-17.20212320647844,-59.24749006785036
2020-07-15,-76.63345541605284,-17.20212320647844,-59.43133220957467
2020-07-16,-76.33123811746361,-17.20212320647844,-59.12911491098544
2020-07-17,-76.39095957920642,-17.20212320647844,-59.188836372728254
2020-07-20,-75.50586582964287,-17.20212320647844,-58.30374262316471
2020-07-21,-75.95795121880396,-17.654208595639524,-58.30374262316471
2020-07-22,-75.28028647740594,-17.654208595639524,-57.6260778817667
2020-07-23,-76.37124793074538,-17.654208595639524,-58.71703933510614
2020-07-24,-76.40306284205595,-17.654208595639524,-58.74885424641671
2020-07-27,-75.91992504410842,-17.654208595639524,-58.26571644846919
2020-07-28,-76.32146663695232,-18.05575018848342,-58.26571644846919
2020-07-29,-75.40444682069334,-17.13873037222443,-58.26571644846919
2020-07-30,-74.7765362546473,-17.13873037222443,-57.63780588242315
2020-07-31,-74.59647607253719,-17.13873037222443,-57.45774570031305
2020-08-03,-74.46342504926804,-17.13873037222443,-57.3246946770439
2020-08-04,-73.80464450934832,-17.13873037222443,-56.665914137124176
2020-08-05,-73.62175613349724,-16.955841996373344,-56.665914137124176
2020-08-06,-72.77565814677973,-16.955841996373344,-55.819816150406666
2020-08-07,-72.39934081879166,-16.955841996373344,-55.44349882241858
2020-08-10,-72.25724208767818,-16.813743265259863,-55.44349882241858
2020-08-11,-73.47684941355664,-16.813743265259863,-56.66310614829705
2020-08-12,-72.89238803107469,-16.813743265259863,-56.078644765815106
2020-08-13,-72.83705147913201,-16.813743265259863,-56.023308213872426
2020-08-14,-72.71931505603568,-16.813743265259863,-55.905571790776094
2020-08-17,-72.73819240427736,-16.832620613501536,-55.905571790776094
2020-08-18,-72.65955807968302,-16.7539862889072,-55.905571790776094
2020-08-19,-73.20779112030885,-16.7539862889072,-56.453804831401925
2020-08-20,-72.35084979105075,-15.897044959649087,-56.453804831401925
2020-08-21,-71.90026512610781,-15.897044959649087,-56.00322016645898
2020-08-24,-71.67669667338363,-15.673476506924903,-56.00322016645898
2020-08-25,-71.51509877099089,-15.511878604532155,-56.00322016645898
2020-08-26,-70.7133434174641,-14.710123251005365,-56.00322016645898
2020-08-27,-70.77501186310741,-14.710123251005365,-56.064888612102294
2020-08-28,-70.4593111241269,-14.710123251005365,-55.749187873121784
2020-08-31,-70.76660103792952,-14.710123251005365,-56.0564777869244
2020-09-01,-70.0964673261502,-14.710123251005365,-55.38634407514508
2020-09-02,-69.25578104154322,-14.710123251005365,-54.545657790538094
2020-09-03,-72.2549036552116,-14.710123251005365,-57.544780404206485
2020-09-04,-73.29874399321508,-15.753963589008842,-57.544780404206485
2020-09-08,-74.35365441072686,-15.753963589008842,-58.59969082171826
2020-09-09,-73.70223505550074,-15.753963589008842,-57.94827146649214
2020-09-10,-76.05950134158698,-15.753963589008842,-60.305537752578374
2020-09-11,-76.5949727103632,-15.753963589008842,-60.841009121354595
2020-09-14,-76.31796866781131,-15.753963589008842,-60.564005078802715
2020-09-15,-76.60684617760201,-15.753963589008842,-60.8528825885934
2020-09-16,-77.40764370007908,-15.753963589008842,-61.65368011107048
2020-09-17,-76.73643437323385,-15.753963589008842,-60.98247078422525
2020-09-18,-78.16383334616752,-15.753963589008842,-62.409869757158916
2020-09-21,-77.7846655920524,-15.374795834893726,-62.409869757158916
2020-09-22,-77.2695287798773,-14.85965902271863,-62.409869757158916
2020-09-23,-79.80742883142287,-17.397559074264187,-62.409869757158916
2020-09-24,-79.11014248082336,-17.397559074264187,-61.7125834065594
2020-09-25,-77.23157721112302,-17.397559074264187,-59.83401813685907
2020-09-28,-76.95090074587229,-17.397559074264187,-59.55334167160834
2020-09-29,-77.4411388187383,-17.397559074264187,-60.04357974447434
2020-09-30,-76.91219374915214,-17.397559074264187,-59.514634674888185
2020-10-01,-77.11486165689912,-17.60022698201117,-59.514634674888185
2020-10-02,-76.48177740097752,-17.60022698201117,-58.88155041896658
2020-10-05,-75.39679674470474,-16.5152463257384,-58.88155041896658
2020-10-06,-76.88273220087852,-18.00118178191218,-58.88155041896658
2020-10-07,-76.11497237954424,-18.00118178191218,-58.1137905976323
2020-10-08,-75.85408609789229,-17.740295500260224,-58.1137905976323
2020-10-09,-75.49147159762353,-17.740295500260224,-57.75117609736354
2020-10-12,-74.69237445640177,-17.740295500260224,-56.95207895614178
2020-10-13,-75.31455269980412,-17.740295500260224,-57.57425719954414
2020-10-14,-76.13179569155237,-18.557538492008472,-57.57425719954414
2020-10-15,-75.04515456234732,-17.470897362803424,-57.57425719954414
2020-10-16,-75.53486332001552,-17.470897362803424,-58.063965957212346
2020-10-19,-77.4677164406198,-17.470897362803424,-59.996819077816625
2020-10-20,-77.50100762140532,-17.470897362803424,-60.03011025860216
2020-10-21,-77.68591236472943,-17.470897362803424,-60.215015001926275
2020-10-22,-77.21596207036706,-17.470897362803424,-59.7450647075639
2020-10-23,-77.26933108359175,-17.470897362803424,-59.798433720788594
2020-10-26,-78.08341751356825,-17.470897362803424,-60.6125201507651
2020-10-27,-78.54771149526762,-17.470897362803424,-61.07681413246446
2020-10-28,-80.20933758781636,-17.470897362803424,-62.73844022501321
2020-10-29,-79.28462108800436,-17.470897362803424,-61.81372372520119
2020-10-30,-79.82606310569841,-17.470897362803424,-62.35516574289525
2020-11-02,-79.83606310569841,-17.470897362803424,-62.36516574289525
2020-11-03,-79.14726185863847,-17.470897362803424,-61.67636449583531
2020-11-04,-78.3740833326507,-16.697718836815657,-61.67636449583531
2020-11-05,-78.0981564414723,-16.697718836815657,-61.40043760465691
2020-11-06,-78.04244746239611,-16.697718836815657,-61.34472862558073
2020-11-09,-80.6718347402496,-19.327106114669135,-61.34472862558073
2020-11-10,-80.52635909333966,-19.181630467759213,-61.34472862558073
2020-11-11,-80.4606247218522,-19.181630467759213,-61.27899425409326
2020-11-12,-81.13937118364329,-19.181630467759213,-61.95774071588435
2020-11-13,-80.35594506379337,-19.181630467759213,-61.17431459603443
2020-11-16,-79.9264456906989,-18.75213109466474,-61.17431459603443
2020-11-17,-79.75603961343478,-18.75213109466474,-61.00390851877031
2020-11-18,-81.05720909151833,-20.05330057274829,-61.00390851877031
2020-11-19,-80.45603427677374,-20.05330057274829,-60.40273370402571
2020-11-20,-81.0748807540636,-20.672147050038152,-60.40273370402571
2020-11-23,-81.03451483581487,-20.672147050038152,-60.36236778577698
2020-11-24,-80.21236046956943,-19.849992683792703,-60.36236778577698
2020-11-25,-80.35187486929055,-19.849992683792703,-60.5018821854981
2020-11-27,-80.4086049241263,-19.906722738628446,-60.5018821854981
2020-11-30,-80.63104800379949,-19.906722738628446,-60.7243252651713
2020-12-01,-80.51803326919386,-19.906722738628446,-60.61131053056568
2020-12-02,-79.98949335333141,-19.906722738628446,-60.08277061470322
2020-12-03,-79.9967635537235,-19.913992939020527,-60.08277061470322
2020-12-04,-79.32035236856146,-19.913992939020527,-59.40635942954119
2020-12-07,-79.31138302095256,-19.913992939020527,-59.39739008193229
2020-12-08,-78.65732166716747,-19.913992939020527,-58.7433287281472
2020-12-09,-79.75987281909035,-19.913992939020527,-59.84587988007007
2020-12-10,-79.3983341161031,-19.552454236033284,-59.84587988007007
2020-12-11,-79.02540314173501,-19.179523261665196,-59.84587988007007
2020-12-14,-80.12092065676615,-19.179523261665196,-60.9413973951012
2020-12-15,-79.53660895200879,-18.595211556907834,-60.9413973951012
2020-12-16,-79.45201142506896,-18.595211556907834,-60.856799868161374
2020-12-17,-79.38138904549129,-18.595211556907834,-60.78617748858371
2020-12-18,-79.87507804083754,-18.595211556907834,-61.27986648392996
2020-12-21,-79.09635509948176,-18.595211556907834,-60.50114354257418
2020-12-22,-79.37013966874161,-18.595211556907834,-60.77492811183404
2020-12-23,-79.57311151613227,-18.7981834042985,-60.77492811183404
2020-12-24,-79.333474048753,-18.7981834042985,-60.53529064445477
2020-12-28,-79.22786241854504,-18.7981834042985,-60.4296790142468
2020-12-29,-79.86851008362953,-19.438831069382985,-60.4296790142468
2020-12-30,-79.9725560405645,-19.438831069382985,-60.533724971181776
2020-12-31,-79.41929352270199,-19.438831069382985,-59.98046245331927
2021-01-04,-81.1817880340846,-19.438831069382985,-61.74295696470189
2021-01-05,-80.31814183499986,-19.438831069382985,-60.879310765617156
2021-01-06,-79.29484780295148,-19.438831069382985,-59.85601673356878
2021-01-07,-78.51035211119398,-18.654335377625486,-59.85601673356878
2021-01-08,-78.34446090029796,-18.48844416672947,-59.85601673356878
2021-01-11,-78.13239817431268,-18.48844416672947,-59.6439540075835
2021-01-12,-78.17408141882593,-18.530127411242713,-59.6439540075835
2021-01-13,-77.89402581846764,-18.530127411242713,-59.3638984072252
2021-01-14,-78.4652564377862,-18.530127411242713,-59.93512902654376
2021-01-15,-78.74637884821517,-18.530127411242713,-60.21625143697274
2021-01-19,-78.67447615995724,-18.458224722984774,-60.21625143697274
2021-01-20,-77.9576679155677,-18.458224722984774,-59.49944319258319
2021-01-21,-78.03271026207827,-18.458224722984774,-59.574485539093764
2021-01-22,-77.8780310517038,-18.30354551261031,-59.574485539093764
2021-01-25,-77.70054533306478,-18.30354551261031,-59.39699982045475
2021-01-26,-78.13176152824995,-18.30354551261031,-59.82821601563993
2021-01-27,-79.68161876270275,-18.30354551261031,-61.37807325009274
2021-01-28,-79.35473876461256,-18.30354551261031,-61.05119325200254
2021-01-29,-80.85598202692037,-19.804788774918116,-61.05119325200254
2021-02-01,-80.1965989755153,-19.804788774918116,-60.39181020059746
2021-02-02,-79.70738775953308,-19.804788774918116,-59.902598984615246
2021-02-03,-79.87177848778799,-19.804788774918116,-60.06698971287015
2021-02-04,-79.04188249878743,-18.974892785917554,-60.06698971287015
2021-02-05,-79.1781911724192,-18.974892785917554,-60.20329838650192
2021-02-08,-78.87014716022375,-18.666848773722098,-60.20329838650192
2021-02-09,-78.71601133991099,-18.666848773722098,-60.04916256618917
2021-02-10,-79.24762044704137,-18.666848773722098,-60.58077167331955
2021-02-11,-79.3931786983025,-18.666848773722098,-60.72632992458069
2021-02-12,-78.69006535645967,-17.96373543187926,-60.72632992458069
2021-02-16,-79.12231910773428,-17.96373543187926,-61.1585836758553
2021-02-17,-78.62900277073338,-17.47041909487836,-61.1585836758553
2021-02-18,-78.34937283486863,-17.47041909487836,-60.87895373999054
2021-02-19,-78.88104861942163,-17.47041909487836,-61.41062952454354
2021-02-22,-78.89879934077284,-17.47041909487836,-61.42838024589474
2021-02-23,-78.17319813619277,-17.47041909487836,-60.70277904131467
2021-02-24,-76.78489682538641,-16.082117784072004,-60.70277904131467
2021-02-25,-78.8862371692368,-18.183458127922382,-60.70277904131467
2021-02-26,-79.93978492083984,-19.23700587952543,-60.70277904131467
2021-03-01,-78.92032672198876,-19.23700587952543,-59.68332084246359
2021-03-02,-79.77530024656026,-20.091979404096936,-59.68332084246359
2021-03-03,-80.92450392036011,-21.24118307789678,-59.68332084246359
2021-03-04,-82.12725316034495,-21.24118307789678,-60.88607008244843
2021-03-05,-81.30749969396895,-20.421429611520786,-60.88607008244843
2021-03-08,-82.08474749403354,-21.19867741158537,-60.88607008244843
2021-03-09,-81.75322759186584,-20.867157509417677,-60.88607008244843
2021-03-10,-81.79146321531408,-20.90539313286592,-60.88607008244843
2021-03-11,-81.47057618545722,-20.90539313286592,-60.565183052591564
2021-03-12,-80.97430000402193,-20.90539313286592,-60.06890687115627
2021-03-15,-80.45820497581558,-20.389298104659574,-60.06890687115627
2021-03-16,-80.76077338194719,-20.389298104659574,-60.37147527728789
2021-03-17,-80.08119110001242,-20.389298104659574,-59.691892995353115
2021-03-18,-80.8545924144954,-20.389298104659574,-60.465294309836096
2021-03-19,-80.96723918196113,-20.389298104659574,-60.57794107730182
2021-03-22,-80.32302469596675,-19.7450836186652,-60.57794107730182
2021-03-24,-81.22703749306575,-19.7450836186652,-61.481953874400816
2021-03-25,-80.27787143762471,-19.7450836186652,-60.53278781895978
2021-03-26,-79.00434787925937,-19.7450836186652,-59.25926426059444
2021-03-29,-78.66505878091682,-19.7450836186652,-58.91997516225189
2021-03-30,-78.59649385284264,-19.676518690591017,-58.91997516225189
2021-03-31,-78.35639197408351,-19.676518690591017,-58.67987328349275
2021-04-01,-77.8132081220217,-19.676518690591017,-58.136689431430945
2021-04-05,-77.10699800719043,-18.97030857575973,-58.136689431430945
2021-04-06,-77.02831855382574,-18.89162912239504,-58.136689431430945
2021-04-07,-76.87832592927931,-18.89162912239504,-57.986696806884524
2021-04-08,-76.74379865784276,-18.75710185095849,-57.986696806884524
2021-04-09,-75.99759278867474,-18.75710185095849,-57.24049093771651
2021-04-12,-75.81549105663245,-18.75710185095849,-57.05838920567422
2021-04-13,-75.50283121075019,-18.75710185095849,-56.74572935979195
2021-04-14,-75.8476629806695,-19.101933620877805,-56.74572935979195
2021-04-15,-75.3441663736544,-19.101933620877805,-56.24223275277686
2021-04-16,-75.35176741725883,-19.109534664482233,-56.24223275277686
2021-04-19,-75.6143366902785,-19.37210393750191,-56.24223275277686
2021-04-20,-76.0456016456323,-19.803368892855715,-56.24223275277686
2021-04-21,-74.95358284062591,-19.803368892855715,-55.15021394777047
2021-04-22,-75.83782179809468,-20.68760785032448,-55.15021394777047
2021-04-23,-74.91484768805341,-19.76463374028321,-55.15021394777047
2021-04-26,-74.88413565524365,-19.733921707473456,-55.15021394777047
2021-04-27,-74.99228723918309,-19.733921707473456,-55.2583655317099
2021-04-28,-75.10046702612014,-19.733921707473456,-55.36654531864696
2021-04-29,-75.17234612186513,-19.733921707473456,-55.43842441439195
2021-04-30,-75.26139876338604,-19.822974348994364,-55.43842441439195
2021-05-03,-75.56508006553976,-19.822974348994364,-55.74210571654567
2021-05-04,-75.6832964080777,-19.822974348994364,-55.86032205908361
2021-05-05,-76.08459355331462,-19.822974348994364,-56.261619204320525
2021-05-06,-75.31844382502284,-19.056824620702585,-56.261619204320525
2021-05-07,-74.79876231135314,-18.537143107032886,-56.261619204320525
2021-05-10,-75.89391825172848,-18.537143107032886,-57.35677514469586
2021-05-11,-75.63558207281875,-18.27880692812316,-57.35677514469586
2021-05-12,-77.0709606379779,-19.71418549328232,-57.35677514469586
2021-05-13,-76.29549347343615,-18.938718328740567,-57.35677514469586
2021-05-14,-75.49323646029346,-18.136461315597874,-57.35677514469586
2021-05-17,-75.47195163625196,-18.115176491556372,-57.35677514469586
2021-05-18,-76.41461488255541,-19.057839737859823,-57.35677514469586
2021-05-19,-75.4610299538311,-18.10425480913551,-57.35677514469586
2021-05-20,-74.62950759093897,-17.272732446243385,-57.35677514469586
2021-05-21,-75.1035549442566,-17.746779799561015,-57.35677514469586
2021-05-24,-74.67601803783735,-17.746779799561015,-56.92923823827662
2021-05-25,-75.18448583974029,-17.746779799561015,-57.437706040179556
2021-05-26,-75.14674681063387,-17.746779799561015,-57.399967011073144
2021-05-27,-75.36640663531485,-17.966439624241985,-57.399967011073144
2021-05-28,-75.59756763079618,-17.966439624241985,-57.63112800655448
2021-06-01,-76.29620870352423,-17.966439624241985,-58.329769079282535
2021-06-02,-76.31572661617403,-17.966439624241985,-58.349286991932345
2021-06-03,-76.10579802581174,-17.966439624241985,-58.13935840157004
2021-06-04,-75.67706937043042,-17.966439624241985,-57.71062974618873
2021-06-07,-75.78176714427785,-18.071137398089416,-57.71062974618873
2021-06-08,-75.98812311123227,-18.071137398089416,-57.91698571314315
2021-06-09,-76.36032627075545,-18.071137398089416,-58.28918887266634
2021-06-10,-76.21676683868989,-18.071137398089416,-58.14562944060078
2021-06-11,-76.20084248873229,-18.071137398089416,-58.12970509064318
2021-06-14,-76.01547303599823,-18.071137398089416,-57.94433563790911
2021-06-15,-76.24667618876829,-18.071137398089416,-58.17553879067917
2021-06-16,-76.85190660203597,-18.676367811357096,-58.17553879067917
2021-06-17,-76.79078911106738,-18.615250320388512,-58.17553879067917
2021-06-18,-77.3224145254242,-19.14687573474532,-58.17553879067917
2021-06-21,-76.36304044013816,-19.14687573474532,-57.21616470539314
2021-06-22,-75.83747366615007,-19.14687573474532,-56.69059793140505
2021-06-23,-75.98698735811325,-19.296389426708497,-56.69059793140505
2021-06-24,-75.94757702288025,-19.256979091475497,-56.69059793140505
2021-06-25,-75.7910120238749,-19.256979091475497,-56.5340329323997
2021-06-28,-75.7308098802478,-19.256979091475497,-56.4738307887726
2021-06-29,-75.7828848878079,-19.30905409903559,-56.4738307887726
2021-06-30,-75.59411575191095,-19.120284963138637,-56.4738307887726
2021-07-01,-75.24102968311982,-19.120284963138637,-56.120744719981474
2021-07-02,-74.7772567962637,-19.120284963138637,-55.656971833125354
2021-07-06,-74.98340230846854,-19.120284963138637,-55.863117345330195
2021-07-07,-74.80909875045423,-18.945981405124325,-55.863117345330195
2021-07-08,-74.32124623487944,-18.945981405124325,-55.37526482975541
2021-07-09,-73.64234534174275,-18.945981405124325,-54.696363936618724
2021-07-12,-73.27412712014197,-18.945981405124325,-54.328145715017946
2021-07-13,-73.43323738864105,-18.945981405124325,-54.48725598351702
2021-07-14,-73.70879399430896,-18.945981405124325,-54.76281258918493
2021-07-15,-73.73259351564329,-18.969780926458647,-54.76281258918493
2021-07-16,-74.81945026862122,-20.056637679436584,-54.76281258918493
2021-07-19,-75.11611835709746,-20.056637679436584,-55.05948067766117
2021-07-20,-73.87017707652215,-18.810696398861275,-55.05948067766117
2021-07-21,-73.37030932324217,-18.810696398861275,-54.559612924381184
2021-07-22,-73.21482980125772,-18.65521687687683,-54.559612924381184
2021-07-23,-72.67323324136505,-18.11362031698416,-54.559612924381184
2021-07-26,-72.29474400850582,-18.11362031698416,-54.18112369152195
2021-07-27,-72.5095394841558,-18.328415792634143,-54.18112369152195
2021-07-28,-72.71305040351744,-18.531926711995798,-54.18112369152195
2021-07-29,-72.53451772961353,-18.531926711995798,-54.00259101761804
2021-07-30,-72.40759566301027,-18.405004645392548,-54.00259101761804
2021-08-02,-73.04407135402927,-19.041480336411553,-54.00259101761804
2021-08-03,-72.43787516235602,-19.041480336411553,-53.39639482594479
2021-08-04,-72.62994717407176,-19.041480336411553,-53.588466837660526
2021-08-05,-72.29073061795928,-19.041480336411553,-53.24925028154804
2021-08-06,-72.21255775646642,-18.963307474918693,-53.24925028154804
2021-08-09,-72.29716556097213,-18.963307474918693,-53.33385808605376
2021-08-10,-72.29134987885615,-18.963307474918693,-53.32804240393778
2021-08-11,-72.3103648731495,-18.963307474918693,-53.34705739823113
2021-08-12,-71.9850568126283,-18.637999414397502,-53.34705739823113
2021-08-13,-71.92102127712046,-18.573963878889664,-53.34705739823113
2021-08-16,-71.38362732667916,-18.573963878889664,-52.80966344778984
2021-08-17,-71.43865405093428,-18.573963878889664,-52.86469017204495
2021-08-18,-72.30566585927362,-18.573963878889664,-53.731701980384294
2021-08-19,-71.4961489987261,-18.573963878889664,-52.922185119836776
2021-08-20,-70.79767844788016,-18.573963878889664,-52.223714568990836
2021-08-23,-70.33704579776206,-18.573963878889664,-51.76308191887274
2021-08-24,-70.34704579776206,-18.583963878889666,-51.76308191887274
2021-08-25,-70.19206822873423,-18.42898630986183,-51.76308191887274
2021-08-26,-70.72727993562167,-18.964198016749265,-51.76308191887274
2021-08-27,-70.03968193410076,-18.276600015228357,-51.76308191887274
2021-08-30,-69.77067162276488,-18.276600015228357,-51.494071607536874
2021-08-31,-69.90682271401779,-18.276600015228357,-51.630222698789794
2021-09-01,-70.08489957651794,-18.276600015228357,-51.80829956128994
2021-09-02,-70.12358208025276,-18.276600015228357,-51.84698206502476
2021-09-03,-69.89050954793483,-18.04352748291043,-51.84698206502476
2021-09-07,-70.17700640582346,-18.330024340799067,-51.84698206502476
2021-09-08,-70.18257326914807,-18.335591204123673,-51.84698206502476
2021-09-09,-70.57493216828388,-18.335591204123673,-52.23934096416058
2021-09-10,-71.83428048066855,-19.594939516508347,-52.23934096416058
2021-09-13,-72.30450963316689,-19.594939516508347,-52.70957011665892
2021-09-14,-73.1998736860744,-19.594939516508347,-53.60493416956643
2021-09-15,-72.47933603585477,-19.594939516508347,-52.88439651934681
2021-09-16,-72.52287333518969,-19.594939516508347,-52.927933818681716
2021-09-17,-73.32717742608281,-19.594939516508347,-53.732237909574835
2021-09-20,-73.53052010126085,-19.79828219168638,-53.732237909574835
2021-09-21,-74.20706524722813,-19.79828219168638,-54.408783055542116
2021-09-22,-73.80283490261328,-19.79828219168638,-54.004552710927264
2021-09-23,-73.05861310666246,-19.79828219168638,-53.26033091497644
2021-09-24,-72.51063996339322,-19.79828219168638,-52.7123577717072
2021-09-27,-72.55903465759413,-19.846676885887284,-52.7123577717072
2021-09-28,-73.93611178590028,-19.846676885887284,-54.089434900013345
2021-09-29,-74.11629494226588,-20.02686004225288,-54.089434900013345
2021-09-30,-75.71677979310766,-20.02686004225288,-55.689919750855125
2021-10-01,-74.97321545798448,-19.283295707129696,-55.689919750855125
2021-10-04,-75.9952442611817,-19.283295707129696,-56.71194855405234
2021-10-05,-75.34269501210787,-19.283295707129696,-56.05939930497852
2021-10-06,-74.04969105454867,-19.283295707129696,-54.76639534741933
2021-10-07,-73.99812352326458,-19.283295707129696,-54.71482781613524
2021-10-08,-74.37742789392219,-19.662600077787303,-54.71482781613524
2021-10-11,-74.95404091489985,-19.662600077787303,-55.2914408371129
2021-10-12,-75.435695274377,-19.662600077787303,-55.773095196590056
2021-10-13,-75.33763534150914,-19.662600077787303,-55.6750352637222
2021-10-14,-74.57174872047013,-18.89671345674829,-55.6750352637222
2021-10-15,-74.33023949909112,-18.89671345674829,-55.43352604234319
2021-10-18,-73.61758246315564,-18.184056420812805,-55.43352604234319
2021-10-19,-73.24517255984969,-17.81164651750686,-55.43352604234319
2021-10-20,-72.97184263013622,-17.81164651750686,-55.16019611262972
2021-10-21,-72.57979045082513,-17.81164651750686,-54.76814393331863
2021-10-22,-72.59199950254936,-17.82385556923109,-54.76814393331863
2021-10-25,-72.3228286998205,-17.82385556923109,-54.49897313058978
2021-10-26,-72.60441779903336,-17.82385556923109,-54.78056222980264
2021-10-27,-73.16583336492556,-17.82385556923109,-55.341977795694845
2021-10-28,-72.54985660640057,-17.20787881070609,-55.341977795694845
2021-10-29,-71.82115124076536,-17.20787881070609,-54.61327243005964
2021-11-01,-71.88764759124376,-17.20787881070609,-54.67976878053804
2021-11-02,-71.53327103646727,-17.20787881070609,-54.325392225761554
2021-11-03,-70.80461981551805,-16.47922758975687,-54.325392225761554
2021-11-04,-70.48209388267226,-16.156701656911082,-54.325392225761554
2021-11-05,-70.65204102801019,-16.326648802249007,-54.325392225761554
2021-11-08,-70.82611413455594,-16.50072190879476,-54.325392225761554
2021-11-09,-71.25033537721447,-16.92494315145329,-54.325392225761554
2021-11-10,-71.68220244578114,-17.356810220019963,-54.325392225761554
2021-11-11,-72.00222066469195,-17.356810220019963,-54.64541044467236
2021-11-12,-71.55104074133251,-17.356810220019963,-54.194230521312925
2021-11-15,-71.81957325218345,-17.356810220019963,-54.46276303216386
2021-11-16,-71.37465220674538,-16.911889174581894,-54.46276303216386
2021-11-17,-71.56818627412557,-17.105423241962086,-54.46276303216386
2021-11-18,-71.47381216296087,-17.011049130797385,-54.46276303216386
2021-11-19,-71.63724228429578,-17.174479252132297,-54.46276303216386
2021-11-22,-72.35478892390817,-17.174479252132297,-55.18030967177626
2021-11-23,-72.15739290192953,-16.977083230153646,-55.18030967177626
2021-11-24,-71.44478048277979,-16.264470811003907,-55.18030967177626
2021-11-26,-72.18634969533592,-16.264470811003907,-55.92187888433238
2021-11-29,-72.08220821791662,-16.160329333584603,-55.92187888433238
2021-11-30,-73.4959547213887,-16.160329333584603,-57.335625387804455
2021-12-01,-75.94868684489984,-16.160329333584603,-59.788357511315596
2021-12-02,-74.48971151841789,-16.160329333584603,-58.32938218483365
2021-12-03,-75.75987784133874,-17.430495656505443,-58.32938218483365
2021-12-06,-75.18840380691098,-17.430495656505443,-57.757908150405896
2021-12-07,-74.3685423702897,-17.430495656505443,-56.93804671378462
2021-12-08,-74.2037481824986,-17.430495656505443,-56.77325252599353
2021-12-09,-74.59897879116471,-17.825726265171557,-56.77325252599353
2021-12-10,-74.28769608108844,-17.825726265171557,-56.46196981591726
2021-12-13,-75.07057560182945,-17.825726265171557,-57.24484933665826
2021-12-14,-75.02229096117941,-17.77744162452152,-57.24484933665826
2021-12-15,-73.49482196487895,-17.77744162452152,-55.717380340357806
2021-12-16,-74.80832596795337,-17.77744162452152,-57.03088434343221
2021-12-17,-75.18297934394721,-17.77744162452152,-57.40553771942605
2021-12-20,-75.08302397740098,-17.67748625797529,-57.40553771942605
2021-12-21,-74.12737534633952,-17.67748625797529,-56.449889088364586
2021-12-22,-73.0841470911407,-17.67748625797529,-55.40666083316576
2021-12-23,-72.70025589331189,-17.29359506014649,-55.40666083316576
2021-12-27,-71.61472136851133,-17.29359506014649,-54.321126308365194
2021-12-28,-71.80280962240651,-17.481683314041682,-54.321126308365194
2021-12-29,-71.70803833094807,-17.481683314041682,-54.22635501690675
2021-12-30,-72.0890706341922,-17.481683314041682,-54.60738732015088
2021-12-31,-72.24214307370245,-17.481683314041682,-54.76045975966113
2022-01-03,-71.95654769850552,-17.481683314041682,-54.47486438446419
2022-01-04,-72.3156420770719,-17.840777692608068,-54.47486438446419
2022-01-05,-74.18283501706685,-17.840777692608068,-56.34205732445915
2022-01-06,-74.18215192460273,-17.840777692608068,-56.34137423199504
2022-01-07,-74.59042572674959,-17.840777692608068,-56.74964803414189
2022-01-10,-73.99495798207842,-17.245309947936896,-56.74964803414189
2022-01-11,-73.03808720993527,-16.288439175793744,-56.74964803414189
2022-01-12,-73.16902957264227,-16.41938153850075,-56.74964803414189
2022-01-13,-74.81456087404055,-18.06491283989903,-56.74964803414189
2022-01-14,-74.06206433157068,-18.06491283989903,-55.99715149167202
2022-01-18,-74.78149617731593,-18.06491283989903,-56.71658333741727
2022-01-19,-76.19390295921586,-18.06491283989903,-58.128990119317194
2022-01-20,-77.75862611316818,-18.06491283989903,-59.6937132732695
2022-01-21,-79.48449013117299,-18.06491283989903,-61.419577291274315
2022-01-24,-77.70289126726932,-18.06491283989903,-59.63797842737065
2022-01-25,-77.38782933150611,-18.06491283989903,-59.32291649160743
2022-01-26,-79.07730966916891,-19.754393177561834,-59.32291649160743
2022-01-27,-80.70207035162024,-21.37915386001316,-59.32291649160743
2022-01-28,-78.59223302229273,-21.37915386001316,-57.213079162279925
2022-01-31,-76.65636822905313,-21.37915386001316,-55.27721436904032
2022-02-01,-76.16394482696526,-20.886730457925296,-55.27721436904032
2022-02-02,-75.7686189521899,-20.886730457925296,-54.88188849426496
2022-02-03,-76.74793321305205,-20.886730457925296,-55.86120275512712
2022-02-04,-76.23282032429064,-20.886730457925296,-55.346089866365716
2022-02-07,-76.74462227403058,-20.886730457925296,-55.85789181610564
2022-02-08,-75.8166334230895,-19.95874160698422,-55.85789181610564
2022-02-09,-75.31828242270718,-19.460390606601898,-55.85789181610564
2022-02-10,-75.77684067829342,-19.91894886218813,-55.85789181610564
2022-02-11,-77.79844103759591,-21.94054922149062,-55.85789181610564
2022-02-14,-78.01323879993168,-22.15534698382639,-55.85789181610564
2022-02-15,-77.49055262935795,-21.632660813252652,-55.85789181610564
2022-02-16,-76.90090490675978,-21.632660813252652,-55.26824409350747
2022-02-17,-78.31048327344377,-21.632660813252652,-56.67782246019145
2022-02-18,-79.03184879440171,-21.632660813252652,-57.399187981149396
2022-02-22,-79.5804722647784,-21.632660813252652,-57.947811451526086
2022-02-23,-82.09700787346634,-21.632660813252652,-60.46434706021404
2022-02-24,-77.98880709978114,-21.632660813252652,-56.35614628652884
2022-02-25,-76.12178861259412,-21.632660813252652,-54.48912779934181
2022-02-28,-75.07267478590786,-20.583546986566397,-54.48912779934181
2022-03-01,-76.25260268561412,-20.583546986566397,-55.66905569904806
2022-03-02,-74.99399479826911,-19.324939099221382,-55.66905569904806
2022-03-03,-76.09054245635842,-20.421486757310685,-55.66905569904806
2022-03-04,-76.00330811653575,-20.334252417488017,-55.66905569904806
2022-03-07,-78.86198023390139,-20.334252417488017,-58.52772781641371
2022-03-08,-79.6783289236643,-20.334252417488017,-59.34407650617661
2022-03-09,-79.15581016717923,-20.334252417488017,-58.82155774969154
2022-03-10,-78.46768894203555,-20.334252417488017,-58.13343652454787
2022-03-11,-80.37590266388429,-22.242466139336752,-58.13343652454787
2022-03-14,-81.31443565253105,-23.1809991279835,-58.13343652454787
2022-03-15,-79.81129133782875,-23.1809991279835,-56.63029220984558
2022-03-16,-78.49720169830853,-21.86690948846328,-56.63029220984558
2022-03-17,-76.79677860510793,-21.86690948846328,-54.92986911664499
2022-03-18,-75.32916728251166,-20.39929816586701,-54.92986911664499
2022-03-21,-75.3279111507323,-20.39804203408765,-54.92986911664499
2022-03-22,-74.50480318566125,-19.574934069016596,-54.92986911664499
2022-03-23,-75.21312891177224,-19.574934069016596,-55.63819484275599
2022-03-24,-74.20798508487184,-19.574934069016596,-54.633051015855585
2022-03-25,-73.8794332830608,-19.574934069016596,-54.304499214044554
2022-03-28,-73.04138121692758,-18.73688200288336,-54.304499214044554
2022-03-29,-72.71933910975963,-18.414839895715414,-54.304499214044554
2022-03-30,-73.08623018225579,-18.414839895715414,-54.671390286540706
2022-03-31,-74.47058796626683,-18.414839895715414,-56.05574807055176
2022-04-01,-74.5666553333161,-18.414839895715414,-56.15181543760102
2022-04-04,-73.76999925208455,-17.618183814483853,-56.15181543760102
2022-04-05,-74.70469603495256,-17.618183814483853,-57.08651222046903
2022-04-06,-74.79753049044484,-17.618183814483853,-57.17934667596131
2022-04-07,-74.09640608219351,-17.618183814483853,-56.478222267709974
2022-04-08,-74.19573630066884,-17.71751403295919,-56.478222267709974
2022-04-11,-75.15366867957637,-18.675446411866712,-56.478222267709974
2022-04-12,-76.2506185901748,-18.675446411866712,-57.57517217830841
2022-04-13,-75.06242902200967,-18.675446411866712,-56.386982610143285
2022-04-14,-76.37954347994095,-19.99256086979799,-56.386982610143285
2022-04-18,-76.12433294845854,-19.737350338315593,-56.386982610143285
2022-04-19,-74.50783356417772,-19.737350338315593,-54.770483225862456
2022-04-20,-75.01356082468038,-20.243077598818257,-54.770483225862456
2022-04-21,-77.38776092726442,-20.243077598818257,-57.144683328446504
2022-04-22,-79.91715832511966,-22.77247499667349,-57.144683328446504
2022-04-25,-78.79123674779345,-22.77247499667349,-56.01876175112029
2022-04-26,-81.11269108780279,-22.77247499667349,-58.34021609112962
2022-04-27,-81.11550153224184,-22.775285441112548,-58.34021609112962
2022-04-28,-79.8268151290799,-21.48659903795062,-58.34021609112962
2022-04-29,-82.61107995678783,-24.270863865658548,-58.34021609112962
2022-05-02,-82.03793061595458,-24.270863865658548,-57.767066750296365
2022-05-03,-81.71836294420868,-23.95129619391264,-57.767066750296365
2022-05-04,-78.89648835706214,-23.95129619391264,-54.945192163149834
2022-05-05,-81.46877138796083,-26.523579224811325,-54.945192163149834
2022-05-06,-81.4204108411795,-26.523579224811325,-54.89683161636851
2022-05-09,-83.1558990197154,-28.25906740334722,-54.89683161636851
2022-05-10,-84.50990341804152,-29.61307180167334,-54.89683161636851
2022-05-11,-85.86536446604629,-29.61307180167334,-56.25229266437327
2022-05-12,-85.1154879020731,-29.61307180167334,-55.50241610040008
2022-05-13,-83.87050610857204,-29.61307180167334,-54.25743430689902
2022-05-16,-83.85301217647898,-29.61307180167334,-54.23994037480597
2022-05-17,-83.42366471109656,-29.183724336290915,-54.23994037480597
2022-05-18,-86.36085390601627,-32.120913531210626,-54.23994037480597
2022-05-19,-86.15493865855554,-32.120913531210626,-54.03402512734523
2022-05-20,-87.08973451347592,-32.120913531210626,-54.968820982265605
2022-05-23,-86.06394763861697,-32.120913531210626,-53.94303410740665
2022-05-24,-85.73571422589667,-32.120913531210626,-53.61480069468636
2022-05-25,-84.46416553314859,-32.120913531210626,-52.343252001938275
2022-05-26,-82.82234956363355,-32.120913531210626,-50.70143603242323
2022-05-27,-81.04652128510585,-32.120913531210626,-48.925607753895534
2022-05-31,-81.20655401382015,-32.120913531210626,-49.08564048260983
2022-06-01,-82.56969969630323,-32.120913531210626,-50.448786165092905
2022-06-02,-80.65174821552556,-32.120913531210626,-48.530834684315224
2022-06-03,-81.11378323951789,-32.120913531210626,-48.99286970830755
2022-06-06,-81.84725572207104,-32.854386013763786,-48.99286970830755
2022-06-07,-80.00247732107982,-32.854386013763786,-47.148091307316335
2022-06-08,-80.66932788612259,-32.854386013763786,-47.81494187235911
2022-06-09,-82.62812877664196,-32.854386013763786,-49.773742762878484
2022-06-10,-83.93294656513746,-34.15920380225929,-49.773742762878484
2022-06-13,-85.227989369842,-34.15920380225929,-51.06878556758303
2022-06-14,-86.03190098372355,-34.15920380225929,-51.87269718146457
2022-06-15,-85.55548074226324,-34.15920380225929,-51.39627694000426
2022-06-16,-86.61275708119925,-34.15920380225929,-52.45355327894027
2022-06-17,-86.52705296016975,-34.15920380225929,-52.367849157910776
2022-06-21,-85.68559858671046,-34.15920380225929,-51.52639478445147
2022-06-22,-84.68351776570834,-34.15920380225929,-50.524313963449366
2022-06-23,-84.31721338971077,-34.15920380225929,-50.15800958745179
2022-06-24,-82.0768999190622,-31.918890331610722,-50.15800958745179
2022-06-27,-82.71796032360264,-31.918890331610722,-50.799069991992226
2022-06-28,-85.21356385547543,-31.918890331610722,-53.29467352386502
2022-06-29,-85.45729550064546,-31.918890331610722,-53.53840516903505
2022-06-30,-85.19920690394491,-31.660801734910176,-53.53840516903505
2022-07-01,-83.97403871948914,-30.43563355045441,-53.53840516903505
2022-07-05,-82.37944749893515,-30.43563355045441,-51.94381394848106
2022-07-06,-82.09154441715492,-30.43563355045441,-51.65591086670082
2022-07-07,-81.10167942855699,-30.43563355045441,-50.6660458781029
2022-07-08,-80.75082010208571,-30.43563355045441,-50.315186551631626
2022-07-11,-81.18155495326187,-30.866368401630563,-50.315186551631626
2022-07-12,-81.92931661796358,-31.614130066332276,-50.315186551631626
2022-07-13,-80.94983193428071,-30.63464538264941,-50.315186551631626
2022-07-14,-79.81546710039854,-30.63464538264941,-49.18082171774945
2022-07-15,-79.15330504635118,-30.63464538264941,-48.518659663702095
2022-07-18,-80.83275628741102,-30.63464538264941,-50.19811090476193
2022-07-19,-79.25217797745401,-29.05406707269241,-50.19811090476193
2022-07-20,-78.67785950646689,-28.479748601705285,-50.19811090476193
2022-07-21,-77.52005386165584,-28.479748601705285,-49.040305259950884
2022-07-22,-78.49478900305434,-29.45448374310378,-49.040305259950884
2022-07-25,-78.55028075789926,-29.45448374310378,-49.09579701479581
2022-07-26,-79.31213057744858,-29.45448374310378,-49.857646834345125
2022-07-27,-77.64242720743351,-27.784780373088715,-49.857646834345125
2022-07-28,-76.61771512872855,-27.784780373088715,-48.83293475564016
2022-07-29,-75.55152972667715,-27.784780373088715,-47.76674935358876
2022-08-01,-75.16636989181784,-27.784780373088715,-47.38158951872945
2022-08-02,-75.43579820934964,-27.784780373088715,-47.651017836261246
2022-08-03,-74.4394182299056,-26.78840039364468,-47.651017836261246
2022-08-04,-74.49769150368216,-26.846673667421243,-47.651017836261246
2022-08-05,-73.58195079551824,-26.846673667421243,-46.73527712809732
2022-08-08,-74.13769005019095,-27.402412922093962,-46.73527712809732
2022-08-09,-74.35896424256445,-27.62368711446747,-46.73527712809732
2022-08-10,-74.08044836568006,-27.62368711446747,-46.45676125121292
2022-08-11,-74.80221204564539,-27.62368711446747,-47.178524931178245
2022-08-12,-73.61803269826042,-27.62368711446747,-45.99434558379327
2022-08-15,-72.66976558990169,-27.62368711446747,-45.046078475434534
2022-08-16,-72.22025177913156,-27.62368711446747,-44.596564664664406
2022-08-17,-72.05665920563051,-27.62368711446747,-44.432972091163364
2022-08-18,-71.82564609174412,-27.392674000581078,-44.432972091163364
2022-08-19,-72.50615484895313,-28.073182757790086,-44.432972091163364
2022-08-22,-73.4072931442546,-28.073182757790086,-45.33411038646483
2022-08-23,-73.55058314713747,-28.073182757790086,-45.4774003893477
2022-08-24,-73.18275129498538,-27.705350905637996,-45.4774003893477
2022-08-25,-72.16967689528191,-26.69227650593452,-45.4774003893477
2022-08-26,-75.59458780902585,-26.69227650593452,-48.902311303091636
2022-08-29,-75.49773475743409,-26.69227650593452,-48.805458251499864
2022-08-30,-76.91414017109925,-26.69227650593452,-50.22186366516502
2022-08-31,-78.11895764191446,-27.897093976749737,-50.22186366516502
2022-09-01,-77.23449990322284,-27.012636238058118,-50.22186366516502
2022-09-02,-79.27354257589488,-29.051678910730153,-50.22186366516502
2022-09-06,-79.88821983779732,-29.051678910730153,-50.83654092706745
2022-09-07,-78.0331789901161,-29.051678910730153,-48.98150007938622
2022-09-08,-76.78903381822009,-27.80753373883415,-48.98150007938622
2022-09-09,-75.84515901791438,-26.86365893852845,-48.98150007938622
2022-09-12,-75.32084791048598,-26.86365893852845,-48.45718897195783
2022-09-13,-77.52735113395273,-26.86365893852845,-50.66369219542459
2022-09-14,-77.5043997144888,-26.84070751906451,-50.66369219542459
2022-09-15,-78.23974293309604,-27.57605073767175,-50.66369219542459
2022-09-16,-77.88077203570728,-27.217079840283,-50.66369219542459
2022-09-19,-76.25869210222355,-27.217079840283,-49.04161226194085
2022-09-20,-76.52091903914094,-27.479306777200385,-49.04161226194085
2022-09-21,-78.81522811003981,-29.77361584809926,-49.04161226194085
2022-09-22,-79.45388904835438,-29.77361584809926,-49.680273200255414
2022-09-23,-80.17611075550418,-30.495837555249068,-49.680273200255414
2022-09-26,-80.76088957133189,-31.08061637107678,-49.680273200255414
2022-09-27,-82.03970182675145,-31.08061637107678,-50.95908545567498
2022-09-28,-80.375990098183,-29.416904642508328,-50.95908545567498
2022-09-29,-81.48797191316105,-30.528886457486376,-50.95908545567498
2022-09-30,-82.78314224654095,-30.528886457486376,-52.25425578905488
2022-10-03,-81.27323529436964,-30.528886457486376,-50.744348836883574
2022-10-04,-79.79860513366539,-30.528886457486376,-49.26971867617932
2022-10-05,-78.82256643483588,-30.528886457486376,-48.29367997734981
2022-10-06,-79.47891437195338,-31.18523439460388,-48.29367997734981
2022-10-07,-81.17803089317212,-32.884350915822615,-48.29367997734981
2022-10-10,-82.27647019958955,-32.884350915822615,-49.39211928376725
2022-10-11,-82.42613893193409,-33.034019648167146,-49.39211928376725
2022-10-12,-82.8866639043394,-33.49454462057245,-49.39211928376725
2022-10-13,-78.20887088495432,-33.49454462057245,-44.714326264382166
2022-10-14,-81.22661173117908,-36.51228546679721,-44.714326264382166
2022-10-17,-80.4676199436865,-36.51228546679721,-43.95533447688959
2022-10-18,-81.54964263157987,-36.51228546679721,-45.03735716478296
2022-10-19,-81.6925231622887,-36.65516599750603,-45.03735716478296
2022-10-20,-82.41696640312794,-37.37960923834528,-45.03735716478296
2022-10-21,-79.94647964861826,-34.9091224838356,-45.03735716478296
2022-10-24,-79.16682574142078,-34.9091224838356,-44.25770325758547
2022-10-26,-79.07206592229707,-34.9091224838356,-44.16294343846175
2022-10-27,-79.8919769778157,-35.729033539354226,-44.16294343846175
2022-10-28,-77.52181179126626,-35.729033539354226,-41.7927782519123
2022-10-31,-77.59135000260116,-35.729033539354226,-41.86231646324721
2022-11-01,-79.05234120133393,-35.729033539354226,-43.323307661979975
2022-11-02,-81.44262119457633,-38.11931353259663,-43.323307661979975
2022-11-03,-81.57652796839471,-38.25322030641502,-43.323307661979975
2022-11-07,-80.99522652243017,-37.67191886045047,-43.323307661979975
2022-11-08,-80.77196655491015,-37.67191886045047,-43.10004769445995
2022-11-09,-82.32033278446856,-39.22028509000888,-43.10004769445995
2022-11-10,-80.63368408519875,-37.533636390739076,-43.10004769445995
2022-11-11,-79.90825364414198,-37.533636390739076,-42.37461725340319
2022-11-14,-80.30725323727522,-37.93263598387232,-42.37461725340319
2022-11-15,-80.98255600514248,-37.93263598387232,-43.049920021270445
2022-11-16,-81.32831400553916,-37.93263598387232,-43.395678021667116
2022-11-17,-80.37488132914653,-37.93263598387232,-42.442245345274486
2022-11-18,-80.81573513416066,-38.37348978888646,-42.442245345274486
2022-11-21,-80.83841035175693,-38.39616500648273,-42.442245345274486
2022-11-22,-80.02734714282659,-37.58510179755238,-42.442245345274486
2022-11-23,-79.32160019896251,-36.879354853688305,-42.442245345274486
2022-11-25,-79.20724681626996,-36.879354853688305,-42.32789196258193
2022-11-28,-80.01724924037734,-36.879354853688305,-43.13789438668932
2022-11-29,-80.23450257710161,-36.879354853688305,-43.35514772341359
2022-11-30,-77.20879685383974,-36.879354853688305,-40.32944200015172
2022-12-01,-77.55941695680141,-37.229974956649976,-40.32944200015172
2022-12-02,-76.41759156721322,-36.08814956706179,-40.32944200015172
2022-12-05,-77.51280415454383,-37.1833621543924,-40.32944200015172
2022-12-06,-78.93222599935899,-37.1833621543924,-41.74886384496688
2022-12-07,-78.88625316518045,-37.1833621543924,-41.702891010788335
2022-12-08,-78.61826375743259,-37.1833621543924,-41.434901603040466
2022-12-09,-79.04946751114372,-37.61456590810353,-41.434901603040466
2022-12-12,-77.83885697403774,-37.61456590810353,-40.22429106593448
2022-12-13,-79.8804711864435,-39.6561801205093,-40.22429106593448
2022-12-14,-80.44227381560624,-40.21798274967204,-40.22429106593448
2022-12-15,-81.64371646917198,-40.21798274967204,-41.42573371950022
2022-12-16,-82.15082301894687,-40.21798274967204,-41.93284026927512
2022-12-19,-83.06457702578021,-41.13173675650538,-41.93284026927512
2022-12-20,-82.72973613364884,-40.796895864374015,-41.93284026927512
2022-12-21,-81.96518037073184,-40.03234010145701,-41.93284026927512
2022-12-22,-82.58531007830072,-40.03234010145701,-42.552969976844004
2022-12-23,-81.74028761799504,-40.03234010145701,-41.70794751653832
2022-12-27,-82.11407572748917,-40.03234010145701,-42.08173562603245
2022-12-28,-83.35629305474929,-41.27455742871713,-42.08173562603245
2022-12-29,-82.36768763625383,-41.27455742871713,-41.093130207536994
2022-12-30,-81.90853505697763,-40.81540484944093,-41.093130207536994
2023-01-03,-82.84641264332623,-40.81540484944093,-42.03100779388559
2023-01-04,-82.70515773457774,-40.81540484944093,-41.8897528851371
2023-01-05,-83.33005819236499,-40.81540484944093,-42.51465334292435
2023-01-06,-81.92052679238053,-40.81540484944093,-41.10512194293988
2023-01-09,-82.57558507388488,-40.81540484944093,-41.760180224444234
2023-01-10,-81.72935505601515,-40.81540484944093,-40.91395020657451
2023-01-11,-80.90406539405544,-40.81540484944093,-40.08866054461479
2023-01-12,-80.84098901376132,-40.81540484944093,-40.02558416432067
2023-01-13,-79.61883563977455,-40.81540484944093,-38.8034307903339
2023-01-17,-79.80717715584257,-40.81540484944093,-38.99177230640192
2023-01-18,-81.71983278897955,-40.81540484944093,-40.9044279395389
2023-01-19,-81.91491528477641,-40.81540484944093,-41.099510435335766
2023-01-20,-80.45411376438408,-39.354603329048594,-41.099510435335766
2023-01-23,-79.48335626175991,-39.354603329048594,-40.128752932711606
2023-01-24,-79.16297419821942,-39.354603329048594,-39.80837086917112
2023-01-25,-78.06785337042523,-39.354603329048594,-38.71325004137694
2023-01-26,-77.67680438326548,-39.354603329048594,-38.32220105421718
2023-01-27,-77.18763389443042,-38.865432840213536,-38.32220105421718
2023-01-30,-77.7478018261078,-38.865432840213536,-38.882368985894566
2023-01-31,-76.43288404149621,-38.865432840213536,-37.567451201282964
2023-02-01,-75.07278222289693,-38.865432840213536,-36.20734938268369
2023-02-02,-74.62103991235638,-38.865432840213536,-35.75560707214314
2023-02-03,-74.44655803772433,-38.690950965581486,-35.75560707214314
2023-02-06,-74.44680277855211,-38.690950965581486,-35.75585181297093
2023-02-07,-72.92290202874092,-37.167050215770296,-35.75585181297093
2023-02-08,-73.53500901904825,-37.77915720607763,-35.75585181297093
2023-02-09,-75.32716387334366,-37.77915720607763,-37.54800666726636
2023-02-10,-74.8014645434217,-37.253457876155665,-37.54800666726636
2023-02-13,-73.81091200241713,-36.262905335151096,-37.54800666726636
2023-02-14,-73.48105043195612,-35.93304376469009,-37.54800666726636
2023-02-15,-72.61032832512572,-35.93304376469009,-36.677284560435965
2023-02-16,-72.74516703595577,-35.93304376469009,-36.81212327126602
2023-02-17,-72.46007701800104,-35.93304376469009,-36.527033253311295
2023-02-21,-73.45992521744006,-35.93304376469009,-37.5268814527503
2023-02-22,-73.71551601620438,-35.93304376469009,-37.78247225151462
2023-02-23,-73.94989194118666,-35.93304376469009,-38.01684817649691
2023-02-24,-73.71740851020418,-35.70056033370761,-38.01684817649691
2023-02-27,-74.26401564398091,-35.70056033370761,-38.56345531027363
2023-02-28,-74.51850560063303,-35.70056033370761,-38.81794526692576
2023-03-01,-74.6980970942727,-35.70056033370761,-38.99753676056543
2023-03-02,-73.41014848879442,-35.70056033370761,-37.70958815508716
2023-03-03,-72.3055677202417,-35.70056033370761,-36.605007386534446
2023-03-06,-72.45885922122369,-35.85385183468961,-36.605007386534446
2023-03-07,-74.0012427666968,-35.85385183468961,-38.14739093200755
2023-03-08,-73.87829602359879,-35.7309050915916,-38.14739093200755
2023-03-09,-75.95585174142876,-37.80846080942156,-38.14739093200755
2023-03-10,-77.27362855019156,-37.80846080942156,-39.46516774077035
2023-03-13,-76.35814574700656,-37.80846080942156,-38.54968493758535
2023-03-14,-76.05365717387129,-37.80846080942156,-38.24519636445007
2023-03-15,-75.18900885581684,-37.80846080942156,-37.38054804639561
2023-03-16,-72.82576625647661,-37.80846080942156,-35.017305447055385
2023-03-17,-73.660584461988,-37.80846080942156,-35.85212365256677
2023-03-20,-72.92109653627772,-37.06897288371128,-35.85212365256677
2023-03-21,-72.5115736097231,-36.65944995715666,-35.85212365256677
2023-03-22,-74.1957884438756,-36.65944995715666,-37.536338486719266
2023-03-23,-74.69293397537709,-36.65944995715666,-38.033484018220754
2023-03-24,-73.71002248505765,-36.65944995715666,-37.050572527901316
2023-03-27,-74.13028845180592,-37.079715923904935,-37.050572527901316
2023-03-28,-74.18324760209448,-37.079715923904935,-37.103531678189874
2023-03-29,-73.83881097158385,-36.735279293394306,-37.103531678189874
2023-03-30,-73.94536679847764,-36.84183512028809,-37.103531678189874
2023-03-31,-72.79326026649194,-36.84183512028809,-35.95142514620419
2023-04-03,-72.29093759024734,-36.33951244404349,-35.95142514620419
2023-04-04,-73.02019404255697,-37.06876889635311,-35.95142514620419
2023-04-05,-73.10621949161653,-37.06876889635311,-36.03745059526374
2023-04-06,-72.5230481232161,-37.06876889635311,-35.454279226863314
2023-04-10,-71.79794885661109,-36.3436696297481,-35.454279226863314
2023-04-11,-71.93966148759108,-36.3436696297481,-35.59599185784331
2023-04-12,-72.88146825985834,-36.3436696297481,-36.537798630110565
2023-04-13,-71.84848583329799,-35.31068720318774,-36.537798630110565
2023-04-14,-71.94330804400728,-35.405509413897036,-36.537798630110565
2023-04-17,-71.57330315040855,-35.405509413897036,-36.16779373651184
2023-04-18,-71.91350630982632,-35.405509413897036,-36.50799689592961
2023-04-19,-71.45881371920886,-35.405509413897036,-36.053304305312146
2023-04-20,-71.30600926800518,-35.405509413897036,-35.900499854108475
2023-04-21,-71.31358086265148,-35.41308100854333,-35.900499854108475
2023-04-24,-71.16835426597946,-35.26785441187131,-35.900499854108475
2023-04-25,-72.28041526886479,-36.379915414756645,-35.900499854108475
2023-04-26,-72.87236096314442,-36.379915414756645,-36.492445548388105
2023-04-27,-71.56187860428224,-36.379915414756645,-35.18196318952594
2023-04-28,-70.49865215333598,-36.379915414756645,-34.118736738579685
2023-05-01,-70.49902290969021,-36.380286171110875,-34.118736738579685
2023-05-02,-71.46105169535433,-36.380286171110875,-35.080765524243795
2023-05-03,-72.28630589767181,-36.380286171110875,-35.90601972656128
2023-05-04,-72.73962061487953,-36.380286171110875,-36.359334443768994
2023-05-05,-71.84399785598418,-35.48466341221554,-36.359334443768994
2023-05-08,-71.90971015077479,-35.48466341221554,-36.4250467385596
2023-05-09,-71.96837137053296,-35.48466341221554,-36.48370795831777
2023-05-10,-72.2275456592437,-35.74383770092628,-36.48370795831777
2023-05-11,-72.19386235788686,-35.71015439956943,-36.48370795831777
2023-05-12,-72.6474982094774,-35.71015439956943,-36.93734380990832
2023-05-15,-72.4660343083246,-35.52869049841662,-36.93734380990832
2023-05-16,-72.86770633237015,-35.930362522462175,-36.93734380990832
2023-05-17,-72.18169713697137,-35.2443533270634,-36.93734380990832
2023-05-18,-71.1534762460072,-34.21613243609924,-36.93734380990832
2023-05-19,-71.53306101909747,-34.21613243609924,-37.316928582998585
2023-05-22,-71.50723858762639,-34.19031000462815,-37.316928582998585
2023-05-23,-72.23670709431859,-34.19031000462815,-38.046397089690785
2023-05-24,-72.56971913557751,-34.52332204588707,-38.046397089690785
2023-05-25,-72.60142095015588,-34.55502386046543,-38.046397089690785
2023-05-26,-71.4885259101577,-33.442128820467246,-38.046397089690785
2023-05-30,-71.9378484301413,-33.89145134045085,-38.046397089690785
2023-05-31,-72.05070150590147,-34.00430441621103,-38.046397089690785
2023-06-01,-71.17250265324836,-33.126105563557914,-38.046397089690785
2023-06-02,-70.38007386818151,-32.33367677849106,-38.046397089690785
2023-06-05,-70.66597309836175,-32.61957600867129,-38.046397089690785
2023-06-06,-70.35773594382604,-32.61957600867129,-37.73815993515508
2023-06-07,-70.80985052964029,-32.61957600867129,-38.190274520969325
2023-06-09,-70.83380572227938,-32.61957600867129,-38.21422971360842
2023-06-12,-70.17769761563993,-32.61957600867129,-37.55812160696897
2023-06-13,-69.88035171875592,-32.61957600867129,-37.260775710084964
2023-06-14,-69.85146248144508,-32.61957600867129,-37.23188647277413
2023-06-15,-68.4346990426304,-31.2028125698566,-37.23188647277413
2023-06-16,-69.25152003555203,-32.01963356277823,-37.23188647277413
2023-06-20,-69.32326489642377,-32.01963356277823,-37.30363133364585
2023-06-21,-69.61337097146139,-32.01963356277823,-37.593737408683474
2023-06-22,-69.03517510381714,-32.01963356277823,-37.01554154103922
2023-06-23,-68.98052070748844,-32.01963356277823,-36.960887144710526
2023-06-26,-69.26364836359213,-32.01963356277823,-37.24401480081421
2023-06-27,-68.39398367624356,-32.01963356277823,-36.374350113465646
2023-06-28,-68.09644032089807,-32.01963356277823,-36.07680675812015
2023-06-29,-67.61448926671764,-32.01963356277823,-35.594855703939714
2023-06-30,-67.20853868614059,-31.61368298220117,-35.594855703939714
2023-07-03,-67.02230871810201,-31.61368298220117,-35.40862573590113
2023-07-05,-66.75661451633357,-31.347988780432726,-35.40862573590113
2023-07-06,-66.71201419880353,-31.30338846290269,-35.40862573590113
2023-07-07,-66.74025836550452,-31.30338846290269,-35.43686990260212
2023-07-10,-66.41306425386439,-31.30338846290269,-35.10967579096199
2023-07-11,-65.96775562398194,-30.858079833020245,-35.10967579096199
2023-07-12,-66.06068290055941,-30.951007109597718,-35.10967579096199
2023-07-13,-65.70074873724788,-30.951007109597718,-34.74974162765045
2023-07-14,-65.97748940265194,-30.951007109597718,-35.026482293054514
2023-07-17,-65.60747817770675,-30.951007109597718,-34.65647106810933
2023-07-18,-64.80172407537935,-30.951007109597718,-33.850716965781935
2023-07-19,-64.76997493186757,-30.951007109597718,-33.81896782227015
2023-07-20,-65.21910417254124,-30.951007109597718,-34.26809706294382
2023-07-21,-65.62197968846816,-30.951007109597718,-34.670972578870746
2023-07-24,-65.44906987114184,-30.77809729227141,-34.670972578870746
2023-07-25,-65.12477093503085,-30.453798356160426,-34.670972578870746
2023-07-26,-64.90619250799152,-30.23521992912109,-34.670972578870746
2023-07-27,-66.34900413753203,-30.23521992912109,-36.11378420841126
2023-07-28,-66.13113188203543,-30.23521992912109,-35.89591195291466
2023-07-31,-66.05808885328062,-30.162176900366287,-35.89591195291466
2023-08-01,-66.0220692473945,-30.12615729448016,-35.89591195291466
2023-08-02,-66.72281013284508,-30.826898179930737,-35.89591195291466
2023-08-03,-66.55441659061604,-30.826898179930737,-35.727518410685626
2023-08-04,-67.43570298833654,-30.826898179930737,-36.60880480840613
2023-08-07,-67.0009711979738,-30.826898179930737,-36.17407301804339
2023-08-08,-66.86155301115558,-30.826898179930737,-36.03465483122517
2023-08-09,-67.60469713047605,-31.570042299251206,-36.03465483122517
2023-08-10,-68.12470802541822,-31.570042299251206,-36.55466572616732
2023-08-11,-67.75701987045998,-31.20235414429297,-36.55466572616732
2023-08-14,-67.00314183703551,-31.20235414429297,-35.80078769274286
2023-08-15,-67.77340784801932,-31.20235414429297,-36.57105370372667
2023-08-16,-68.42278805298663,-31.20235414429297,-37.220433908693984
2023-08-17,-69.54283308257575,-31.20235414429297,-38.340478938283105
2023-08-18,-68.8331810865479,-31.20235414429297,-37.630826942255254
2023-08-21,-68.43491754981608,-31.20235414429297,-37.232563405523436
2023-08-22,-69.13408107612538,-31.20235414429297,-37.93172693183274
2023-08-23,-68.2872052741284,-31.20235414429297,-37.084851129835755
2023-08-24,-70.06679877338028,-31.20235414429297,-38.86444462908765
2023-08-25,-69.78316433856173,-31.20235414429297,-38.5808101942691
2023-08-28,-69.67564578690113,-31.20235414429297,-38.473291642608494
2023-08-29,-68.22566542799096,-31.20235414429297,-37.023311283698334
2023-08-30,-67.9025242751561,-31.20235414429297,-36.70017013086346
2023-08-31,-68.20077010510172,-31.20235414429297,-36.99841596080909
2023-09-01,-68.64865194758016,-31.65023598677141,-36.99841596080909
2023-09-05,-68.98977900989954,-31.65023598677141,-37.339543023128456
2023-09-06,-69.48713610063177,-32.14759307750364,-37.339543023128456
2023-09-07,-69.1052213756707,-31.76567835254256,-37.339543023128456
2023-09-08,-68.97596232280038,-31.76567835254256,-37.21028397025815
2023-09-11,-68.93911849139268,-31.76567835254256,-37.17344013885044
2023-09-12,-69.1641435412115,-31.76567835254256,-37.398465188669256
2023-09-13,-69.10917237376904,-31.76567835254256,-37.3434940212268
2023-09-14,-68.83232872338262,-31.488834702156133,-37.3434940212268
2023-09-15,-69.68904397945929,-31.488834702156133,-38.20020927730348
2023-09-18,-69.56821500454934,-31.488834702156133,-38.079380302393545
2023-09-19,-69.57143860548317,-31.49205830308996,-38.079380302393545
2023-09-20,-70.79824282591889,-31.49205830308996,-39.30618452282926
2023-09-21,-71.80238020999552,-32.49619568716658,-39.30618452282926
2023-09-22,-72.28290357138323,-32.49619568716658,-39.78670788421697
2023-09-25,-71.58242984406624,-32.49619568716658,-39.086234156899984
2023-09-26,-72.34333491293496,-32.49619568716658,-39.84713922576871
2023-09-27,-72.5971422785339,-32.75000305276552,-39.84713922576871
2023-09-28,-71.89520062333091,-32.75000305276552,-39.14519757056572
2023-09-29,-72.88059154263138,-32.75000305276552,-40.13058848986619
2023-10-02,-72.72898518204082,-32.59839669217496,-40.13058848986619
2023-10-03,-73.55869124129391,-33.42810275142806,-40.13058848986619
2023-10-04,-72.95692494459861,-32.82633645473276,-40.13058848986619
2023-10-05,-72.9339360766761,-32.803347586810254,-40.13058848986619
2023-10-06,-71.16586965918887,-32.803347586810254,-38.36252207237896
2023-10-09,-70.08033914716452,-32.803347586810254,-37.27699156035461
2023-10-10,-69.72145274110999,-32.803347586810254,-36.91810515430007
2023-10-11,-69.57548393600578,-32.803347586810254,-36.77213634919586
2023-10-12,-70.34128139897899,-33.569145049783465,-36.77213634919586
2023-10-13,-71.20739570512075,-34.43525935592522,-36.77213634919586
2023-10-16,-70.70696736029751,-33.93483101110199,-36.77213634919586
2023-10-17,-69.97804119281842,-33.93483101110199,-36.043210181716766
2023-10-18,-70.90892021651236,-33.93483101110199,-36.9740892054107
2023-10-19,-71.9733094910531,-34.999220285642735,-36.9740892054107
2023-10-20,-73.11414734276761,-34.999220285642735,-38.11492705712521
2023-10-23,-72.92178172631637,-34.806854669191495,-38.11492705712521
2023-10-24,-72.70017719216409,-34.58525013503921,-38.11492705712521
2023-10-25,-73.7442154828553,-35.62928842573042,-38.11492705712521
2023-10-26,-74.6951209560884,-36.58019389896353,-38.11492705712521
2023-10-27,-75.55617166028168,-36.58019389896353,-38.97597776131848
2023-10-30,-75.07651288918534,-36.58019389896353,-38.496318990222136
2023-10-31,-74.60231540938159,-36.58019389896353,-38.02212151041839
2023-11-01,-73.7903234222035,-36.58019389896353,-37.21012952324029
2023-11-02,-72.82520122258978,-35.61507169934981,-37.21012952324029
2023-11-03,-72.4779908448455,-35.26786132160553,-37.21012952324029
2023-11-06,-72.437483194252,-35.22735367101203,-37.21012952324029
2023-11-07,-72.16328363982423,-35.22735367101203,-36.93592996881252
2023-11-08,-72.24186795827734,-35.30593798946514,-36.93592996881252
2023-11-09,-73.30430327350294,-35.30593798946514,-37.99836528403812
2023-11-10,-72.2579331483387,-35.30593798946514,-36.95199515887387
2023-11-13,-72.04960929358461,-35.09761413471106,-36.95199515887387
2023-11-14,-71.52108978360312,-34.569094624729566,-36.95199515887387
2023-11-15,-71.62666602228417,-34.67467086341062,-36.95199515887387
2023-11-16,-71.41208207066018,-34.46008691178662,-36.95199515887387
2023-11-17,-71.29999548539453,-34.46008691178662,-36.83990857360822
2023-11-20,-70.48548768093218,-33.64557910732426,-36.83990857360822
2023-11-21,-70.47563080189764,-33.64557910732426,-36.83005169457368
2023-11-22,-70.47684442225601,-33.64557910732426,-36.83126531493205
2023-11-24,-70.43631980591852,-33.64557910732426,-36.790740698594554
2023-11-27,-70.48371443841862,-33.69297373982437,-36.790740698594554
2023-11-28,-70.3066963922657,-33.515955693671465,-36.790740698594554
2023-11-29,-70.87386388670271,-34.083123188108466,-36.790740698594554
2023-11-30,-70.68208663150129,-33.89134593290705,-36.790740698594554
2023-12-01,-69.9641073964414,-33.173366697847165,-36.790740698594554
2023-12-04,-69.73514898489509,-32.94440828630085,-36.790740698594554
2023-12-05,-69.45124481558386,-32.660504116989614,-36.790740698594554
2023-12-06,-70.34787951067477,-32.660504116989614,-37.687375393685464
2023-12-07,-70.06939726346961,-32.660504116989614,-37.408893146480295
2023-12-08,-69.48221990280949,-32.660504116989614,-36.821715785820174
2023-12-11,-68.99313289096108,-32.660504116989614,-36.332628773971756
2023-12-12,-68.46949845050489,-32.13686967653342,-36.332628773971756
2023-12-13,-67.19390339520665,-30.861274621235186,-36.332628773971756
2023-12-14,-67.30765883946152,-30.975030065490063,-36.332628773971756
2023-12-15,-67.35174496195815,-31.01911618798669,-36.332628773971756
2023-12-18,-67.15176763860022,-31.01911618798669,-36.132651450613835
2023-12-19,-66.67410133113898,-31.01911618798669,-35.6549851431526
2023-12-20,-67.89402071666657,-32.23903557351428,-35.6549851431526
2023-12-21,-67.6137700682005,-31.958784925048203,-35.6549851431526
2023-12-22,-67.66809497519151,-31.958784925048203,-35.709310050143614
2023-12-26,-67.34536784975057,-31.958784925048203,-35.38658292470268
2023-12-27,-67.1305644963983,-31.958784925048203,-35.17177957135041
2023-12-28,-67.18041525564227,-31.958784925048203,-35.22163033059438
2023-12-29,-67.43836509709128,-31.958784925048203,-35.479580172043384
2024-01-02,-67.34464259636198,-31.8650624243189,-35.479580172043384
2024-01-03,-67.70386552505865,-32.22428535301557,-35.479580172043384
2024-01-04,-67.93190982536966,-32.22428535301557,-35.7076244723544
2024-01-05,-67.84996656584293,-32.14234209348884,-35.7076244723544
2024-01-08,-66.55139706557178,-30.843772593217693,-35.7076244723544
2024-01-09,-66.13633488381276,-30.843772593217693,-35.29256229059539
2024-01-10,-65.64145458436182,-30.843772593217693,-34.79768199114445
2024-01-11,-65.9114271045584,-31.11374511341427,-34.79768199114445
2024-01-12,-66.16448209482112,-31.366800103676997,-34.79768199114445
2024-01-16,-66.24394548683023,-31.366800103676997,-34.877145383153554
2024-01-17,-66.15438055231417,-31.27723516916093,-34.877145383153554
2024-01-18,-65.64255286239897,-31.27723516916093,-34.36531769323835
2024-01-19,-64.65679452096772,-31.27723516916093,-33.379559351807096
2024-01-22,-64.78256108670008,-31.40300173489329,-33.379559351807096
2024-01-23,-64.61710394419867,-31.40300173489329,-33.214102209305686
2024-01-24,-65.12442985205891,-31.40300173489329,-33.72142811716593
2024-01-25,-65.04217736475285,-31.40300173489329,-33.639175629859864
2024-01-26,-65.08909893969151,-31.40300173489329,-33.686097204798536
2024-01-29,-64.37591335120167,-31.40300173489329,-32.9729116163087
2024-01-30,-64.31866242692084,-31.40300173489329,-32.91566069202786
2024-01-31,-65.5103519849454,-31.40300173489329,-34.10735025005243
2024-02-01,-64.58178143522103,-31.40300173489329,-33.178779700328064
2024-02-02,-63.636487136426666,-31.40300173489329,-32.2334854015337
2024-02-05,-63.8796987836335,-31.64621338210013,-32.2334854015337
2024-02-06,-63.79652976977366,-31.563044368240295,-32.2334854015337
2024-02-07,-63.44248758695365,-31.209002185420285,-32.2334854015337
2024-02-08,-63.40832925586568,-31.174843854332316,-32.2334854015337
2024-02-09,-62.94634408924307,-31.174843854332316,-31.771500234911084
2024-02-12,-62.9942630512855,-31.174843854332316,-31.819419196953515
2024-02-13,-63.09530243886617,-31.174843854332316,-31.920458584534185
2024-02-14,-62.747642768314215,-30.827184183780364,-31.920458584534185
2024-02-15,-62.21434747989367,-30.293888895359817,-31.920458584534185
2024-02-16,-62.661819316184015,-30.741360731650165,-31.920458584534185
2024-02-20,-62.86488337833911,-30.944424793805258,-31.920458584534185
2024-02-21,-62.51422936652304,-30.944424793805258,-31.56980457271812
2024-02-22,-61.8341711269518,-30.944424793805258,-30.88974633314688
2024-02-23,-62.12338770700351,-30.944424793805258,-31.178962913198585
2024-02-26,-62.58887905611927,-30.944424793805258,-31.64445426231434
2024-02-27,-62.55350145845768,-30.944424793805258,-31.609076664652758
2024-02-28,-62.37962786169292,-30.944424793805258,-31.43520306788799
2024-02-29,-62.38766373275386,-30.9524606648662,-31.43520306788799
2024-03-01,-61.640202481149224,-30.204999413261568,-31.43520306788799
2024-03-04,-61.5974931984298,-30.204999413261568,-31.392493785168565
2024-03-05,-62.20901603789403,-30.204999413261568,-32.0040166246328
2024-03-06,-62.37583030163519,-30.204999413261568,-32.170830888373956
2024-03-07,-62.06091481751763,-30.204999413261568,-31.855915404256397
2024-03-08,-62.7991293846148,-30.943213980358742,-31.855915404256397
2024-03-11,-62.65253919733205,-30.943213980358742,-31.709325216973642
2024-03-12,-62.016076067182276,-30.30675085020897,-31.709325216973642
2024-03-13,-62.2467782702406,-30.537453053267292,-31.709325216973642
2024-03-14,-62.64827395004504,-30.938948733071733,-31.709325216973642
2024-03-15,-62.7327817945566,-30.938948733071733,-31.793833061485206
2024-03-18,-62.96482085208516,-30.938948733071733,-32.02587211901377
2024-03-19,-62.282117247875675,-30.256245128862247,-32.02587211901377
2024-03-20,-61.38307148247518,-30.256245128862247,-31.12682635361327
2024-03-21,-61.620694723831406,-30.493868370218475,-31.12682635361327
2024-03-22,-61.80321391177007,-30.67638755815714,-31.12682635361327
2024-03-25,-61.81897942280173,-30.692153069188798,-31.12682635361327
2024-03-26,-62.294343702756834,-30.692153069188798,-31.602190633568373
2024-03-27,-62.0248930709562,-30.692153069188798,-31.33274000176774
2024-03-28,-62.06165734922832,-30.692153069188798,-31.369504280039855
2024-04-01,-62.390980742375156,-30.692153069188798,-31.69882767318669
2024-04-02,-62.285264176987425,-30.692153069188798,-31.593111107798958
2024-04-03,-61.96936404321214,-30.692153069188798,-31.277210974023667
2024-04-04,-63.995660933499494,-30.692153069188798,-33.30350786431102
2024-04-05,-63.23694593067179,-30.692153069188798,-32.544792861483316
2024-04-08,-63.32981830150311,-30.78502544002012,-32.544792861483316
2024-04-09,-63.5667793474523,-30.78502544002012,-32.7817539074325
2024-04-10,-63.452214390971314,-30.78502544002012,-32.66718895095152
2024-04-11,-63.01333055143274,-30.78502544002012,-32.22830511141294
2024-04-12,-63.71001298857882,-30.78502544002012,-32.924987548559024
2024-04-15,-65.81506843053235,-30.78502544002012,-35.03004299051255
2024-04-16,-66.10470085969492,-31.074657869182694,-35.03004299051255
2024-04-17,-67.20749936314192,-31.074657869182694,-36.132841493959546
2024-04-18,-67.70876784447297,-31.074657869182694,-36.6341099752906
2024-04-19,-68.5794204027086,-31.074657869182694,-37.50476253352623
2024-04-22,-68.21048863325065,-30.70572609972474,-37.50476253352623
2024-04-23,-67.45219422437039,-29.94743169084448,-37.50476253352623
2024-04-24,-67.68947258047302,-29.94743169084448,-37.74204088962887
2024-04-25,-66.83976316899654,-29.097722279367993,-37.74204088962887
2024-04-26,-66.47326266368539,-28.731221774056834,-37.74204088962887
2024-04-29,-66.48914391242037,-28.747103022791812,-37.74204088962887
2024-04-30,-67.8014336805124,-28.747103022791812,-39.0543306577209
2024-05-01,-68.01707774248214,-28.96274708476156,-39.0543306577209
2024-05-02,-67.85267771230984,-28.96274708476156,-38.88993062754859
2024-05-03,-67.83724764101814,-28.96274708476156,-38.87450055625688
2024-05-06,-67.29984210758616,-28.96274708476156,-38.33709502282491
2024-05-07,-67.39102175932405,-29.05392673649945,-38.33709502282491
2024-05-08,-67.0271547631449,-29.05392673649945,-37.97322802664578
2024-05-09,-66.49935228909646,-29.05392673649945,-37.44542555259734
2024-05-10,-66.6954110739681,-29.05392673649945,-37.64148433746898
2024-05-13,-67.02166852950924,-29.05392673649945,-37.96774179301012
2024-05-14,-66.6122919039556,-28.644550110945794,-37.96774179301012
2024-05-15,-65.873903679209,-28.644550110945794,-37.22935356826353
2024-05-16,-66.10873584608625,-28.644550110945794,-37.46418573514078
2024-05-17,-65.99777980115175,-28.644550110945794,-37.35322969020629
2024-05-20,-65.91529652547217,-28.56206683526622,-37.35322969020629
2024-05-21,-65.53308829416953,-28.56206683526622,-36.97102145890366
2024-05-22,-65.69773665256469,-28.726715193661377,-36.97102145890366
2024-05-23,-67.02985762036006,-28.726715193661377,-38.303142426699026
2024-05-24,-66.73908336028077,-28.726715193661377,-38.012368166619744
2024-05-28,-66.83587341275155,-28.823505246132157,-38.012368166619744
2024-05-29,-66.76601204532659,-28.7536438787072,-38.012368166619744
2024-05-30,-67.14082563851004,-28.7536438787072,-38.38718175980319
2024-05-31,-66.43148627598698,-28.044304516184155,-38.38718175980319
2024-06-03,-66.67237370654561,-28.044304516184155,-38.62806919036181
2024-06-04,-66.31644589455748,-27.688376704196013,-38.62806919036181
2024-06-05,-65.59435759521222,-27.688376704196013,-37.90598089101655
2024-06-06,-65.66419218397922,-27.688376704196013,-37.97581547978355
2024-06-07,-65.6086219910848,-27.688376704196013,-37.92024528688913
2024-06-10,-65.15457030917526,-27.23432502228647,-37.92024528688913
2024-06-11,-64.62676302789558,-27.23432502228647,-37.39243800560945
2024-06-12,-64.68662859254162,-27.294190586932512,-37.39243800560945
2024-06-13,-64.82559179822258,-27.43315379261346,-37.39243800560945
2024-06-14,-64.48492345184893,-27.092485446239813,-37.39243800560945
2024-06-17,-63.57313016232654,-26.180692156717424,-37.39243800560945
2024-06-18,-63.34034865589838,-25.947910650289266,-37.39243800560945
2024-06-20,-63.79542662895579,-25.947910650289266,-37.847515978666856
2024-06-21,-63.785225630069895,-25.937709651403377,-37.847515978666856
2024-06-24,-64.08776023753094,-25.937709651403377,-38.15005058612791
2024-06-25,-63.943459799169446,-25.79340921304188,-38.15005058612791
2024-06-26,-63.619267915639334,-25.79340921304188,-37.8258587025978
2024-06-27,-63.4460740620457,-25.79340921304188,-37.65266484900417
2024-06-28,-63.99484327246645,-26.342178423462624,-37.65266484900417
2024-07-01,-64.05800294243659,-26.40533809343277,-37.65266484900417
2024-07-02,-63.09610019604299,-25.44343534703917,-37.65266484900417
2024-07-03,-62.60252789710083,-25.44343534703917,-37.159092550062006
2024-07-05,-62.093732610426166,-25.44343534703917,-36.650297263387344
2024-07-08,-62.1325379152854,-25.44343534703917,-36.689102568246575
2024-07-09,-62.221669355038756,-25.532566786792533,-36.689102568246575
2024-07-10,-61.4716446047614,-25.532566786792533,-35.93907781796922
2024-07-11,-62.36901661629207,-25.532566786792533,-36.83644982949989
2024-07-12,-61.95669259389636,-25.532566786792533,-36.42412580710418
2024-07-15,-62.055695407619034,-25.532566786792533,-36.52312862082685
2024-07-16,-61.71277541181767,-25.532566786792533,-36.180208625025486
2024-07-17,-62.05618410754057,-25.532566786792533,-36.523617320748386
2024-07-18,-63.119144637737286,-25.532566786792533,-37.586577850945105
2024-07-19,-63.751983334981745,-26.16540548403699,-37.586577850945105
2024-07-22,-63.464050667042436,-26.16540548403699,-37.298645183005796
2024-07-23,-63.61118594287322,-26.16540548403699,-37.44578045883658
2024-07-24,-65.02109415755648,-26.16540548403699,-38.85568867351984
2024-07-25,-65.57566144039129,-26.16540548403699,-39.41025595635465
2024-07-26,-65.18813936923401,-25.77788341287972,-39.41025595635465
2024-07-29,-65.42916859459925,-25.77788341287972,-39.65128518171989
2024-07-30,-66.22207552619844,-25.77788341287972,-40.444192113319076
2024-07-31,-65.89928129904796,-25.77788341287972,-40.121397886168594
2024-08-01,-67.65451944895601,-27.533121562787777,-40.121397886168594
2024-08-02,-68.19789937269204,-27.533121562787777,-40.66477780990462
2024-08-05,-67.09226514586098,-26.427487335956716,-40.66477780990462
2024-08-06,-66.53953308006774,-26.427487335956716,-40.11204574411138
2024-08-07,-68.42328038964028,-26.427487335956716,-41.99579305368392
2024-08-08,-67.15499502651757,-26.427487335956716,-40.72750769056121
2024-08-09,-66.56657534227018,-26.427487335956716,-40.139088006313834
2024-08-12,-66.7526915501289,-26.613603543815433,-40.139088006313834
2024-08-13,-65.74096896824489,-25.601880961931418,-40.139088006313834
2024-08-14,-65.58531009835502,-25.446222092041552,-40.139088006313834
2024-08-15,-64.9477285794429,-24.808640573129424,-40.139088006313834
2024-08-16,-64.43499314125394,-24.295905134940472,-40.139088006313834
2024-08-19,-63.569131872839,-24.295905134940472,-39.273226737898895
2024-08-20,-63.65964575513067,-24.295905134940472,-39.36374062019056
2024-08-21,-63.517917207412594,-24.295905134940472,-39.22201207247249
2024-08-22,-64.66131160206838,-25.43929952959626,-39.22201207247249
2024-08-23,-64.2077165441591,-24.985704471686983,-39.22201207247249
2024-08-26,-64.64299805753951,-24.985704471686983,-39.657293585852905
2024-08-27,-64.28369968559466,-24.626406099742127,-39.657293585852905
2024-08-28,-64.81357725854883,-24.626406099742127,-40.18717115880709
2024-08-29,-65.17400080554454,-24.626406099742127,-40.547594705802794
2024-08-30,-64.66641805677737,-24.626406099742127,-40.040011957035624
2024-09-03,-66.18468514682398,-26.14467318978873,-40.040011957035624
2024-09-04,-66.05846390551301,-26.018451948477754,-40.040011957035624
2024-09-05,-66.30109087036863,-26.261078913333375,-40.040011957035624
2024-09-06,-68.06845375168541,-26.261078913333375,-41.8073748383524
2024-09-09,-67.75584083198245,-25.94846599363041,-41.8073748383524
2024-09-10,-67.68745725413999,-25.88008241578795,-41.8073748383524
2024-09-11,-66.66039474171606,-25.88008241578795,-40.78031232592847
2024-09-12,-65.93795865958344,-25.88008241578795,-40.05787624379586
2024-09-13,-65.53787575991262,-25.479999516117132,-40.05787624379586
2024-09-16,-65.35224059741188,-25.479999516117132,-39.872241081295115
2024-09-17,-65.72211020629118,-25.479999516117132,-40.24211069017441
2024-09-18,-66.14805296247458,-25.479999516117132,-40.6680534463578
2024-09-19,-66.16331207982914,-25.479999516117132,-40.68331256371237
2024-09-20,-66.10113942579012,-25.479999516117132,-40.62113990967336
2024-09-23,-66.05320208352124,-25.479999516117132,-40.573202567404486
2024-09-24,-65.91956539554357,-25.479999516117132,-40.43956587942681
2024-09-25,-66.12235478352261,-25.479999516117132,-40.64235526740585
2024-09-26,-66.49514464372776,-25.479999516117132,-41.01514512761099
2024-09-27,-66.8405648296068,-25.479999516117132,-41.36056531349005
2024-09-30,-66.26673424977871,-25.479999516117132,-40.78673473366195
2024-10-01,-67.11385744017409,-25.479999516117132,-41.63385792405733
2024-10-02,-66.9215005657353,-25.479999516117132,-41.441501049618545
2024-10-03,-66.85045227369245,-25.479999516117132,-41.3704527575757
2024-10-04,-66.7504394441105,-25.479999516117132,-41.270439927993735
2024-10-07,-67.37496162643608,-25.479999516117132,-41.89496211031932
2024-10-08,-66.9040190888227,-25.00905697850375,-41.89496211031932
2024-10-09,-66.22201571078679,-25.00905697850375,-41.21295873228342
2024-10-10,-66.1695128276108,-24.956554095327757,-41.21295873228342
2024-10-11,-65.56858367877308,-24.35562494649003,-41.21295873228342
2024-10-14,-65.04663385470995,-24.35562494649003,-40.69100890822028
2024-10-15,-65.88283595333208,-24.35562494649003,-41.52721100684241
2024-10-16,-65.45913734240128,-23.931926335559226,-41.52721100684241
2024-10-17,-66.07859221273102,-24.55138120588897,-41.52721100684241
2024-10-18,-65.99959805696935,-24.472387050127285,-41.52721100684241
2024-10-21,-66.04728105100915,-24.520070044167085,-41.52721100684241
2024-10-22,-65.66736677689462,-24.140155770052562,-41.52721100684241
2024-10-23,-66.24152950355683,-24.71431849671477,-41.52721100684241
2024-10-24,-66.37919989461123,-24.71431849671477,-41.664881397896814
2024-10-25,-66.81486625863536,-25.149984860738904,-41.664881397896814
2024-10-28,-67.12570624942913,-25.460824851532674,-41.664881397896814
2024-10-29,-66.80512556005388,-25.460824851532674,-41.34430070852156
2024-10-30,-67.03556279306534,-25.69126208454414,-41.34430070852156
2024-10-31,-68.25515328573145,-25.69126208454414,-42.563891201187666
2024-11-01,-68.31417974080249,-25.69126208454414,-42.6229176562587
2024-11-04,-68.56432133490706,-25.69126208454414,-42.87305925036327
2024-11-05,-67.53547389006599,-25.69126208454414,-41.8442118055222
2024-11-06,-67.23367843724954,-25.389466631727696,-41.8442118055222
2024-11-07,-66.81800444710265,-25.389466631727696,-41.42853781537531
2024-11-08,-66.48974437775823,-25.061206562383273,-41.42853781537531
2024-11-11,-66.6749511750503,-25.061206562383273,-41.61374461266737
2024-11-12,-66.98270951014719,-25.368964897480165,-41.61374461266737
2024-11-13,-67.02284490351566,-25.40910029084864,-41.61374461266737
2024-11-14,-67.69970415210184,-25.40910029084864,-42.29060386125355
2024-11-15,-68.38517624354343,-25.40910029084864,-42.97607595269513
2024-11-18,-68.06647992863854,-25.09040397594376,-42.97607595269513
2024-11-19,-67.12499731209628,-24.148921359401506,-42.97607595269513
2024-11-20,-67.11467431278994,-24.148921359401506,-42.965752953388794
2024-11-21,-67.07919114851454,-24.148921359401506,-42.93026978911339
2024-11-22,-66.77804334958867,-24.148921359401506,-42.62912199018752
2024-11-25,-67.12052603391987,-24.49140404373271,-42.62912199018752
2024-11-26,-66.82204496853939,-24.49140404373271,-42.330640924807035
2024-11-27,-67.1038734392856,-24.49140404373271,-42.61246939555325
2024-11-29,-66.63308883271574,-24.49140404373271,-42.14168478898339
2024-12-02,-66.53368484483632,-24.39200005585328,-42.14168478898339
2024-12-03,-66.45754908181154,-24.39200005585328,-42.0655490259586
2024-12-04,-66.13292665969526,-24.067377633737003,-42.0655490259586
2024-12-05,-66.30762793617683,-24.067377633737003,-42.240250302440174
2024-12-06,-66.25673591747783,-24.016485615037993,-42.240250302440174
2024-12-09,-66.76328663423551,-24.016485615037993,-42.74680101919786
2024-12-10,-67.19872531206353,-24.016485615037993,-43.18223969702588
2024-12-11,-66.9317819738041,-24.016485615037993,-42.915296358766454
2024-12-12,-67.31340373362376,-24.398107374857638,-42.915296358766454
2024-12-13,-67.68520559325322,-24.398107374857638,-43.28709821839592
2024-12-16,-67.56493107690962,-24.398107374857638,-43.166823702052326
2024-12-17,-67.55838540171742,-24.398107374857638,-43.16027802686013
2024-12-18,-70.5427365353507,-27.382458508490927,-43.16027802686013
2024-12-19,-71.44619277687416,-28.285914750014385,-43.16027802686013
2024-12-20,-69.85673083527155,-28.285914750014385,-41.57081608525752
2024-12-23,-69.22569425387533,-27.65487816861816,-41.57081608525752
2024-12-24,-68.36043138376802,-27.65487816861816,-40.7055532151502
2024-12-26,-68.06397452783688,-27.35842131268702,-40.7055532151502
2024-12-27,-68.49827071384863,-27.79271749869877,-40.7055532151502
2024-12-30,-68.45216098474951,-27.79271749869877,-40.65944348605108
2024-12-31,-69.11352190238398,-28.454078416333235,-40.65944348605108
2025-01-02,-69.93270493854195,-29.2732614524912,-40.65944348605108
2025-01-03,-69.19322153149095,-29.2732614524912,-39.919960079000084
2025-01-06,-69.35595926935846,-29.2732614524912,-40.0826978168676
2025-01-07,-70.8482136520218,-30.765515835154538,-40.0826978168676
2025-01-08,-70.7241133551103,-30.64141553824304,-40.0826978168676
2025-01-10,-71.65835746977191,-31.57565965290465,-40.0826978168676
2025-01-13,-70.69700707063285,-30.61430925376558,-40.0826978168676
2025-01-14,-71.07904177737565,-30.996343960508383,-40.0826978168676
2025-01-15,-70.67487646508532,-30.592178648218052,-40.0826978168676
2025-01-16,-71.11158430288778,-31.028886486020507,-40.0826978168676
2025-01-17,-71.01777946544647,-30.9350816485792,-40.0826978168676
2025-01-21,-70.63233732904075,-30.54963951217348,-40.0826978168676
2025-01-22,-70.5565509999925,-30.473853183125225,-40.0826978168676
2025-01-23,-69.91663513467658,-30.473853183125225,-39.44278195155168
2025-01-24,-70.22882901266802,-30.78604706111666,-39.44278195155168
2025-01-27,-69.4751217407354,-30.03233978918405,-39.44278195155168
2025-01-28,-68.83788772952194,-30.03233978918405,-38.80554794033821
2025-01-29,-69.1647566241857,-30.35920868384781,-38.80554794033821
2025-01-30,-68.99610379673702,-30.190555856399136,-38.80554794033821
2025-01-31,-69.94548037358027,-30.190555856399136,-39.75492451718146
2025-02-03,-69.09864293312764,-30.190555856399136,-38.908087076728826
2025-02-04,-68.45009118214735,-30.190555856399136,-38.25953532574854
2025-02-05,-67.86583680680614,-30.190555856399136,-37.67528095040733
2025-02-06,-67.82139246523342,-30.190555856399136,-37.63083660883459
2025-02-07,-68.84493060247092,-30.190555856399136,-38.6543747460721
2025-02-10,-68.71927670605619,-30.064901959984407,-38.6543747460721
2025-02-11,-68.27226768136305,-30.064901959984407,-38.20736572137895
2025-02-12,-67.59041201569134,-30.064901959984407,-37.525510055707244
2025-02-13,-66.73564679617662,-30.064901959984407,-36.67074483619252
2025-02-14,-66.78500107032146,-30.11425623412924,-36.67074483619252
2025-02-18,-66.69519734401406,-30.02445250782184,-36.67074483619252
2025-02-19,-66.23913725915463,-30.02445250782184,-36.21468475133309
2025-02-20,-66.43899805351138,-30.224313302178597,-36.21468475133309
2025-02-21,-68.13815000920515,-31.923465257872365,-36.21468475133309
2025-02-24,-68.95033527571067,-32.73565052437788,-36.21468475133309
2025-02-25,-69.44884700253117,-32.73565052437788,-36.713196478153584
2025-02-26,-69.69237078966228,-32.97917431150899,-36.713196478153584
2025-02-27,-71.69921997327846,-32.97917431150899,-38.720045661769774
2025-02-28,-70.24785584319757,-31.527810181428098,-38.720045661769774
2025-03-03,-72.3614077942752,-33.64136213250572,-38.720045661769774
2025-03-04,-72.86425169855698,-33.64136213250572,-39.22288956605157
2025-03-05,-71.77572888321778,-33.64136213250572,-38.13436675071236
2025-03-06,-72.2682211299527,-33.64136213250572,-38.62685899744729
2025-03-07,-71.40275845468479,-32.7758994572378,-38.62685899744729
2025-03-10,-72.65549664326471,-34.028637645817724,-38.62685899744729
2025-03-11,-73.28954225792873,-34.66268326048174,-38.62685899744729
2025-03-12,-73.8882808202403,-34.66268326048174,-39.22559755975887
2025-03-13,-75.17227657137647,-35.946679011617924,-39.22559755975887
2025-03-14,-73.98467667361301,-35.946679011617924,-38.0379976619954
2025-03-17,-73.22294224228095,-35.946679011617924,-37.27626323066334
2025-03-18,-73.90444966638914,-36.628186435726114,-37.27626323066334
2025-03-19,-73.15335927981978,-35.87709604915675,-37.27626323066334
2025-03-20,-72.7806630542571,-35.87709604915675,-36.90356700510066
2025-03-21,-71.95381698842067,-35.05024998332031,-36.90356700510066
2025-03-24,-71.39082449015847,-35.05024998332031,-36.34057450683846
2025-03-25,-71.37301084016003,-35.05024998332031,-36.32276085684002
2025-03-26,-72.53708744065203,-35.05024998332031,-37.48683745733201
2025-03-27,-72.56471577724781,-35.0778783199161,-37.48683745733201
2025-03-28,-74.33540060442144,-35.0778783199161,-39.25752228450563
2025-03-31,-72.6216246166756,-35.0778783199161,-37.5437462967598
2025-04-01,-72.00217053467296,-34.458424237913455,-37.5437462967598
2025-04-02,-70.32040359889334,-32.776657302133835,-37.5437462967598
2025-04-03,-71.88523163488126,-32.776657302133835,-39.10857433274772
2025-04-04,-75.4701270002298,-32.776657302133835,-42.69346969809626
2025-04-07,-72.42222751450102,-32.776657302133835,-39.64557021236749
2025-04-08,-77.41783769239063,-37.77226748002345,-39.64557021236749
2025-04-09,-66.82736274331714,-27.18179253094995,-39.64557021236749
2025-04-10,-68.27386074896242,-27.18179253094995,-41.09206821801276
2025-04-11,-66.2155732833349,-27.18179253094995,-39.03378075238525
2025-04-14,-67.13586932120799,-27.18179253094995,-39.95407679025834
2025-04-15,-67.5283140208488,-27.18179253094995,-40.34652148989915
2025-04-16,-68.67703662218787,-27.18179253094995,-41.495244091238234
2025-04-17,-68.92043011898852,-27.425186027750595,-41.495244091238234
2025-04-21,-70.33715613291722,-27.425186027750595,-42.91197010516692
2025-04-22,-68.98947762413816,-27.425186027750595,-41.56429159638787
2025-04-23,-69.93084279493343,-27.425186027750595,-42.50565676718314
2025-04-24,-68.100299798707,-25.59464303152416,-42.50565676718314
2025-04-25,-67.38305218361195,-25.59464303152416,-41.78840915208809
2025-04-28,-67.49104157076836,-25.702632418680576,-41.78840915208809
2025-04-29,-66.5202709895076,-25.702632418680576,-40.817638570827334
2025-04-30,-65.26541290443872,-25.702632418680576,-39.56278048575845
2025-05-01,-65.61505508716598,-25.702632418680576,-39.91242266848571
2025-05-02,-65.2662306180974,-25.702632418680576,-39.56359819941712
2025-05-05,-65.10927930993503,-25.702632418680576,-39.40664689125475
2025-05-06,-64.9634680917513,-25.702632418680576,-39.26083567307101
2025-05-07,-64.7951036537651,-25.702632418680576,-39.092471235084815
2025-05-08,-64.83695230974077,-25.702632418680576,-39.13431989106049
2025-05-09,-65.22543096309326,-25.702632418680576,-39.522798544412986
2025-05-12,-64.97436223671856,-25.45156369230587,-39.522798544412986
2025-05-13,-64.39815184859002,-25.45156369230587,-38.946588156284434
2025-05-14,-64.44558092824359,-25.45156369230587,-38.99401723593801
2025-05-15,-63.622252806456856,-25.45156369230587,-38.17068911415128
2025-05-16,-63.13454842985637,-25.45156369230587,-37.6829847375508
2025-05-19,-62.00332123708693,-24.320336499536428,-37.6829847375508
2025-05-20,-62.05380410676255,-24.370819369212043,-37.6829847375508
2025-05-21,-63.01660174389199,-24.370819369212043,-38.64578237468024
2025-05-22,-62.95282027609072,-24.370819369212043,-38.58200090687897
2025-05-23,-62.42086897594844,-24.370819369212043,-38.050049606736685
2025-05-27,-61.567810501614375,-24.370819369212043,-37.19699113240262
2025-05-28,-62.22735906512686,-24.370819369212043,-37.85653969591511
2025-05-29,-62.74619024687941,-24.370819369212043,-38.375370877667656
2025-05-30,-62.678109251365704,-24.370819369212043,-38.30728988215395
2025-06-02,-61.8494532775731,-23.542163395419436,-38.30728988215395
2025-06-03,-61.2283665031793,-22.92107662102564,-38.30728988215395
2025-06-04,-61.41106130994585,-22.92107662102564,-38.4899846889205
2025-06-05,-62.19037627397469,-22.92107662102564,-39.26929965294934
2025-06-06,-62.120222402794326,-22.92107662102564,-39.199145781768976
2025-06-09,-62.136888740726505,-22.92107662102564,-39.215812119701155
2025-06-10,-61.67152070257305,-22.92107662102564,-38.7504440815477
2025-06-11,-62.151019656077445,-23.400575574530034,-38.7504440815477
2025-06-12,-61.5396329613688,-22.789188879821392,-38.7504440815477
2025-06-13,-61.80057412191138,-22.789188879821392,-39.01138524209028
2025-06-16,-61.431551786107676,-22.789188879821392,-38.64236290628657
2025-06-17,-61.889060766958075,-22.789188879821392,-39.09987188713697
2025-06-18,-62.06630166554261,-22.789188879821392,-39.277112785721506
2025-06-20,-62.763839039005944,-23.486726253284722,-39.277112785721506
2025-06-23,-61.918731898918004,-22.64161911319678,-39.277112785721506
2025-06-24,-61.52414181952354,-22.247029033802313,-39.277112785721506
2025-06-25,-61.664176165884214,-22.38706338016299,-39.277112785721506
2025-06-26,-61.202375916934024,-22.38706338016299,-38.815312536771316
2025-06-27,-60.881705338457614,-22.38706338016299,-38.494641958294906
2025-06-30,-60.815610889126944,-22.38706338016299,-38.428547508964236
2025-07-01,-60.61653000287164,-22.38706338016299,-38.229466622708934
2025-07-02,-60.10781705151727,-22.38706338016299,-37.720753671354565
2025-07-03,-59.654594918680196,-21.933841247325912,-37.720753671354565
2025-07-07,-60.09544872867861,-21.933841247325912,-38.16160748135298
2025-07-08,-60.268122012863635,-22.106514531510935,-38.16160748135298
2025-07-09,-60.07120070523852,-22.106514531510935,-37.96468617372786
2025-07-10,-59.82200549254883,-22.106514531510935,-37.71549096103818
2025-07-11,-59.690793476856925,-22.106514531510935,-37.58427894534627
2025-07-14,-59.436359970557604,-22.106514531510935,-37.32984543904695
2025-07-15,-60.30740024945784,-22.106514531510935,-38.20088571794719
2025-07-16,-60.24047783088013,-22.039592112933224,-38.20088571794719
2025-07-17,-59.66921823288709,-22.039592112933224,-37.629626119954146
2025-07-18,-59.952907331301155,-22.039592112933224,-37.91331521836821
2025-07-21,-59.96290733130115,-22.049592112933226,-37.91331521836821
2025-07-22,-60.011062796457246,-22.049592112933226,-37.961470683524304
2025-07-23,-59.60075593336634,-22.049592112933226,-37.551163820433395
2025-07-24,-59.639123127401895,-22.08795930696878,-37.551163820433395
2025-07-25,-59.33314038913577,-21.78197656870266,-37.551163820433395
2025-07-28,-59.42788137984498,-21.876717559411873,-37.551163820433395
2025-07-29,-59.9231118536296,-21.876717559411873,-38.04639429421801
2025-07-30,-60.1629582892833,-21.876717559411873,-38.286240729871714
2025-07-31,-61.33376919984868,-21.876717559411873,-39.45705164043709
2025-08-01,-62.077737854674616,-21.876717559411873,-40.20102029526303
2025-08-04,-61.212521397840355,-21.01150110257761,-40.20102029526303
2025-08-05,-61.828989167590315,-21.01150110257761,-40.81748806501299
2025-08-06,-61.24777603774687,-21.01150110257761,-40.23627493516954
2025-08-07,-61.886871012730964,-21.65059607756171,-40.23627493516954
2025-08-08,-61.40601147312191,-21.169736537952648,-40.23627493516954
2025-08-11,-61.65789367756262,-21.421618742393363,-40.23627493516954
2025-08-12,-60.98091311802485,-20.744638182855596,-40.23627493516954
2025-08-13,-60.99400793835115,-20.757733003181894,-40.23627493516954
2025-08-14,-60.668530866596384,-20.757733003181894,-39.91079786341477
2025-08-15,-61.0740530945173,-21.163255231102813,-39.91079786341477
2025-08-18,-61.015631985517,-21.163255231102813,-39.852376754414465
2025-08-19,-61.541639082071256,-21.163255231102813,-40.378383850968724
2025-08-20,-61.753600630885416,-21.163255231102813,-40.59034539978288
2025-08-21,-61.878402384936834,-21.163255231102813,-40.7151471538343
2025-08-22,-60.711525847954995,-19.996378694120974,-40.7151471538343
2025-08-25,-60.96559828675168,-19.996378694120974,-40.969219592630985
2025-08-26,-60.51574771081549,-19.54652811818478,-40.969219592630985
2025-08-27,-60.20666479772356,-19.23744520509285,-40.969219592630985
2025-08-28,-59.95743852143655,-19.23744520509285,-40.719993316343974
2025-08-29,-60.341898617314484,-19.23744520509285,-41.10445341222191
2025-09-03,-60.18554300855528,-19.081089596333644,-41.10445341222191
2025-09-04,-59.468849907429835,-18.364396495208197,-41.10445341222191
2025-09-05,-60.13180133563405,-19.027347923412414,-41.10445341222191
2025-09-08,-60.10942675896218,-19.00497334674054,-41.10445341222191
2025-09-09,-59.91007604762105,-18.805622635399413,-41.10445341222191
2025-09-10,-60.1360266191388,-18.805622635399413,-41.330403983739664
2025-09-11,-59.6200327377495,-18.28962875401011,-41.330403983739664
2025-09-12,-59.658930229044046,-18.28962875401011,-41.36930147503421
2025-09-15,-59.476592354773686,-18.28962875401011,-41.18696360076385
2025-09-16,-59.70906752893855,-18.28962875401011,-41.419438774928715
2025-09-17,-59.84490492883329,-18.28962875401011,-41.555276174823454
2025-09-18,-59.79902075861164,-18.28962875401011,-41.50939200460181
2025-09-19,-59.60238960028665,-18.09299759568512,-41.50939200460181
2025-09-22,-58.91413621975057,-18.09299759568512,-40.821138624065725
2025-09-23,-59.45197706839568,-18.09299759568512,-41.358979472710836
2025-09-24,-59.97646349188791,-18.09299759568512,-41.88346589620307
2025-09-25,-59.969748265687905,-18.09299759568512,-41.87675067000306
2025-09-26,-59.630100580084225,-18.09299759568512,-41.53710298439938
2025-09-29,-59.74250604173551,-18.09299759568512,-41.64950844605067
2025-09-30,-59.26345599872389,-18.09299759568512,-41.17045840303905
2025-10-01,-58.48042841012629,-17.309970007087518,-41.17045840303905
2025-10-02,-58.67406197141411,-17.503603568375347,-41.17045840303905
2025-10-03,-58.80054469883333,-17.63008629579456,-41.17045840303905
2025-10-06,-58.812035101187476,-17.641576698148704,-41.17045840303905
2025-10-07,-59.33184986588775,-17.641576698148704,-41.69027316773932
2025-10-08,-58.91605339974742,-17.641576698148704,-41.27447670159899
2025-10-09,-59.27855971752285,-18.004083015924138,-41.27447670159899
2025-10-10,-62.17295920466319,-20.89848250306447,-41.27447670159899
2025-10-13,-61.821854080971974,-20.89848250306447,-40.92337157790778
2025-10-14,-61.06483535937126,-20.89848250306447,-40.166352856307064
2025-10-15,-61.32258876144954,-20.89848250306447,-40.42410625838534
2025-10-16,-62.263695871544385,-20.89848250306447,-41.36521336848019
2025-10-17,-61.53495823729852,-20.1697448688186,-41.36521336848019
2025-10-20,-60.95031715754915,-20.1697448688186,-40.78057228873082
2025-10-21,-60.98266333539116,-20.20209104666061,-40.78057228873082
2025-10-22,-61.619626464697895,-20.20209104666061,-41.41753541803756
2025-10-23,-61.08629070477594,-20.20209104666061,-40.884199658115605
2025-10-24,-60.97957765630965,-20.09537799819432,-40.884199658115605
2025-10-27,-60.6226086970256,-19.738409038910266,-40.884199658115605
2025-10-28,-60.63115178808353,-19.746952129968193,-40.884199658115605
2025-10-29,-60.83444396427945,-19.746952129968193,-41.08749183431153
2025-10-30,-61.44133913917865,-19.746952129968193,-41.69438700921073
2025-10-31,-61.88729631008421,-19.746952129968193,-42.14034418011629
2025-11-03,-62.23768217836692,-19.746952129968193,-42.490730048398994
2025-11-04,-62.376441604585466,-19.885711556186738,-42.490730048398994
2025-11-05,-62.001979572822876,-19.885711556186738,-42.116268016636404
2025-11-06,-62.926756484574895,-19.885711556186738,-43.04104492838842
2025-11-07,-62.47965756385327,-19.885711556186738,-42.5939460076668
2025-11-10,-61.871406672120365,-19.885711556186738,-41.98569511593389
2025-11-11,-61.4338491158218,-19.885711556186738,-41.54813755963533
2025-11-12,-61.6499600028159,-19.885711556186738,-41.76424844662943
2025-11-13,-62.91095922539376,-19.885711556186738,-43.02524766920729
2025-11-14,-61.941374808597736,-18.91612713939071,-43.02524766920729
2025-11-17,-62.55495906563054,-19.529711396423515,-43.02524766920729
2025-11-18,-62.87050900267749,-19.84526133347046,-43.02524766920729
2025-11-19,-62.60093173740641,-19.84526133347046,-42.755670403936215
2025-11-20,-65.6863708548858,-19.84526133347046,-45.8411095214156
2025-11-21,-65.0906157071904,-19.84526133347046,-45.2453543737202
2025-11-24,-64.19331079376326,-18.94795642004333,-45.2453543737202
2025-11-25,-63.25216090995377,-18.94795642004333,-44.30420448991071
2025-11-26,-62.96009441734694,-18.94795642004333,-44.012137997303874
2025-11-28,-62.59918993541988,-18.58705193811627,-44.012137997303874
2025-12-01,-62.394335399123435,-18.382197401819823,-44.012137997303874
2025-12-02,-62.46153641425747,-18.382197401819823,-44.07933901243791
2025-12-03,-61.98489498500586,-17.905555972568205,-44.07933901243791
2025-12-04,-62.127767865262065,-17.905555972568205,-44.22221189269412
2025-12-05,-62.10567361740195,-17.88346172470809,-44.22221189269412
2025-12-08,-62.5477248950962,-18.32551300240235,-44.22221189269412
2025-12-09,-62.57383486322071,-18.35162297052686,-44.22221189269412
2025-12-10,-61.85251271466057,-18.35162297052686,-43.50088974413398
2025-12-11,-61.27603952887359,-17.77514978473988,-43.50088974413398
2025-12-12,-62.2218566813388,-18.720966937205088,-43.50088974413398
2025-12-15,-62.96513766402845,-19.46424791989474,-43.50088974413398
2025-12-16,-63.02815075090934,-19.527261006775632,-43.50088974413398
2025-12-17,-64.29474285244963,-19.527261006775632,-44.76748184567426
2025-12-18,-64.47164784110744,-19.704165995433442,-44.76748184567426
2025-12-19,-63.892188605963355,-19.704165995433442,-44.188022610530176
2025-12-22,-63.772142687193956,-19.58412007666404,-44.188022610530176
2025-12-23,-63.19316249546948,-19.58412007666404,-43.6090424188057
2025-12-24,-62.85056258641152,-19.241520167606076,-43.6090424188057
2025-12-26,-62.90835824783431,-19.299315829028867,-43.6090424188057
2025-12-29,-62.8732804772677,-19.299315829028867,-43.57396464823909
2025-12-30,-62.94730597810482,-19.299315829028867,-43.647990149076215
2025-12-31,-63.719881328182964,-19.299315829028867,-44.420565499154364
2026-01-02,-64.10099376589133,-19.299315829028867,-44.80167793686273
2026-01-05,-63.939265998250484,-19.299315829028867,-44.63995016922188
2026-01-06,-63.386838999236794,-19.299315829028867,-44.08752317020819
2026-01-07,-63.774613653292825,-19.299315829028867,-44.475297824264224
2026-01-08,-63.68449213079954,-19.209194306535586,-44.475297824264224
2026-01-09,-63.197632235079844,-19.209194306535586,-43.98843792854453
2026-01-12,-62.5610935026205,-18.57265557407624,-43.98843792854453
2026-01-13,-62.81870324734859,-18.83026531880433,-43.98843792854453
2026-01-14,-62.92136767965026,-18.83026531880433,-44.0911023608462
2026-01-15,-63.26739342021475,-18.83026531880433,-44.43712810141069
2026-01-16,-63.56613558333617,-19.129007481925743,-44.43712810141069
2026-01-20,-64.1515266832654,-19.71439858185498,-44.43712810141069
2026-01-21,-63.31906174747576,-18.88193364606533,-44.43712810141069
2026-01-22,-63.45525500703192,-18.88193364606533,-44.57332136096686
2026-01-23,-63.30844188760762,-18.88193364606533,-44.42650824154256
2026-01-26,-62.99456105304472,-18.88193364606533,-44.112627406979655
2026-01-27,-62.81602737774982,-18.70339997077043,-44.112627406979655
2026-01-28,-63.06014454531869,-18.947517138339304,-44.112627406979655
2026-01-29,-63.408175064106345,-19.295547657126953,-44.112627406979655
2026-01-30,-63.39216004944119,-19.279532642461795,-44.112627406979655
2026-02-02,-62.56027808210959,-18.447650675130195,-44.112627406979655
2026-02-03,-63.5343902779543,-19.421762870974906,-44.112627406979655
2026-02-04,-64.14880219116495,-19.421762870974906,-44.72703932019029
2026-02-05,-64.64755704030615,-19.92051772011611,-44.72703932019029
2026-02-06,-63.32234202126405,-19.92051772011611,-43.40182430114819
2026-02-09,-62.6774130427349,-19.275588741586954,-43.40182430114819
2026-02-10,-63.09547045898698,-19.275588741586954,-43.81988171740027
2026-02-11,-63.74363916191485,-19.275588741586954,-44.46805042032814
2026-02-12,-65.63953675889776,-21.17148633856987,-44.46805042032814
2026-02-13,-65.64073584964983,-21.172685429321945,-44.46805042032814
2026-02-17,-65.25308589948665,-21.172685429321945,-44.08040047016496
2026-02-18,-64.93177976051602,-21.172685429321945,-43.75909433119434
2026-02-19,-64.84824116479042,-21.172685429321945,-43.67555573546874
2026-02-20,-63.82160197797068,-21.172685429321945,-42.648916548649
2026-02-24,-63.03554867109936,-20.386632122450628,-42.648916548649
2026-02-25,-62.6161448028638,-20.386632122450628,-42.229512680413436
2026-02-26,-63.20188760963048,-20.386632122450628,-42.81525548718012
2026-02-27,-62.78825017722181,-19.97299469004196,-42.81525548718012
2026-03-02,-61.67303061338613,-19.97299469004196,-41.70003592334444
2026-03-03,-60.90538786376953,-19.97299469004196,-40.93239317372784
2026-03-04,-60.40322660273283,-19.97299469004196,-40.43023191269114
2026-03-05,-60.52618321893955,-19.97299469004196,-40.55318852889786
2026-03-06,-60.68924847869441,-19.97299469004196,-40.71625378865272
2026-03-09,-58.9322123954343,-18.215958606781854,-40.71625378865272
2026-03-10,-59.021919838127815,-18.305666049475374,-40.71625378865272
2026-03-11,-59.21657026889617,-18.305666049475374,-40.91090421942108
2026-03-12,-59.989346838978,-18.305666049475374,-41.68368078950291
2026-03-13,-61.04775704229902,-19.364076252796394,-41.68368078950291
2026-03-16,-60.96055058375083,-19.364076252796394,-41.59647433095472
2026-03-17,-61.20879674385629,-19.612322412901854,-41.59647433095472
2026-03-18,-62.26107492709794,-19.612322412901854,-42.64875251419637
2026-03-19,-61.84123197252829,-19.612322412901854,-42.22890955962672
2026-03-20,-63.068030989228674,-20.83912142960224,-42.22890955962672
2026-03-23,-63.4876402134047,-20.83912142960224,-42.64851878380275
2026-03-24,-63.21247553544452,-20.56395675164206,-42.64851878380275
2026-03-25,-63.50373602685504,-20.56395675164206,-42.93977927521327
2026-03-26,-64.5884055180956,-20.56395675164206,-44.02444876645382
2026-03-27,-65.91599293991487,-20.56395675164206,-45.35203618827309
2026-03-30,-67.20580647920474,-20.56395675164206,-46.64184972756296
2026-03-31,-65.44732775182024,-20.56395675164206,-44.883371000178464
2026-04-01,-65.25261835889714,-20.56395675164206,-44.68866160725536
2026-04-02,-63.81739693968341,-20.56395675164206,-43.25344018804164
2026-04-06,-63.36040023984533,-20.56395675164206,-42.79644348820356
2026-04-07,-62.979791811022366,-20.183348322819093,-42.79644348820356
2026-04-08,-63.04598892518287,-20.2495454369796,-42.79644348820356
2026-04-09,-62.30751578139269,-20.2495454369796,-42.05797034441338
2026-04-10,-62.590886417328996,-20.532916072915903,-42.05797034441338
2026-04-13,-61.326217301718714,-20.532916072915903,-40.793301228803095
2026-04-14,-60.356573477976966,-19.563272249174155,-40.793301228803095
2026-04-15,-59.69570045797302,-19.563272249174155,-40.13242820879915
2026-04-16,-59.620155853910006,-19.563272249174155,-40.056883604736136
2026-04-17,-59.06529430776521,-19.008410703029355,-40.056883604736136
2026-04-20,-59.08376818343166,-19.008410703029355,-40.07535748040259
2026-04-21,-59.970497123374365,-19.89513964297206,-40.07535748040259
2026-04-22,-59.69042996635771,-19.89513964297206,-39.795290323385935
2026-04-23,-59.84852940228209,-20.05323907889644,-39.795290323385935
2026-04-24,-59.410711593918904,-20.05323907889644,-39.35747251502275
2026-04-27,-59.140666036845516,-19.783193521823055,-39.35747251502275
2026-04-28,-59.1689314346695,-19.811458919647045,-39.35747251502275
2026-04-29,-59.09738704138181,-19.811458919647045,-39.285928121735054
2026-04-30,-58.54504739716061,-19.811458919647045,-38.733588477513855
2026-05-01,-58.63826753869682,-19.90467906118326,-38.733588477513855
2026-05-04,-58.93476049362571,-20.201172016112146,-38.733588477513855
2026-05-05,-58.668047123933306,-19.93445864641974,-38.733588477513855
2026-05-06,-57.90238211779317,-19.93445864641974,-37.967923471373716
2026-05-07,-58.38557265204183,-19.93445864641974,-38.45111400562238
2026-05-08,-58.03021929141526,-19.57910528579317,-38.45111400562238
2026-05-11,-57.65397783737633,-19.57910528579317,-38.074872551583454
2026-05-12,-57.489073819290326,-19.414201267707167,-38.074872551583454
2026-05-13,-56.980423439656164,-19.414201267707167,-37.56622217194929
2026-05-14,-56.38445592281897,-19.414201267707167,-36.9702546551121
2026-05-15,-56.74828018811153,-19.414201267707167,-37.33407892040466
2026-05-18,-56.91790262374833,-19.414201267707167,-37.50370135604146
2026-05-19,-57.07091138774738,-19.567210031706214,-37.50370135604146
2026-05-20,-56.330721277424175,-18.82701992138301,-37.50370135604146
2026-05-21,-55.78988064295587,-18.82701992138301,-36.96286072157316
2026-05-22,-55.88031279786365,-18.82701992138301,-37.05329287648094
2026-05-26,-55.813008105797316,-18.82701992138301,-36.9859881844146
2026-05-27,-55.8789558476278,-18.82701992138301,-37.051935926245086
2026-05-28,-55.31082676201927,-18.258890835774476,-37.051935926245086
2026-05-29,-55.24413226972993,-18.258890835774476,-36.98524143395575
2026-06-01,-54.83402560090534,-17.848784166949887,-36.98524143395575
2026-06-02,-54.50906841498786,-17.5238269810324,-36.98524143395575
2026-06-03,-55.03613647988493,-18.050895045929472,-36.98524143395575
2026-06-04,-54.38484539708299,-17.399603963127536,-36.98524143395575
2026-06-05,-56.376305779762774,-17.399603963127536,-38.97670181663553
2026-06-08,-56.94479510675912,-17.96809329012389,-38.97670181663553
2026-06-09,-57.84358410070963,-18.866882284074396,-38.97670181663553
2026-06-10,-58.94489090106487,-18.866882284074396,-40.07800861699078
2026-06-11,-57.727480041320945,-18.866882284074396,-38.86059775724685
2026-06-12,-57.597175657724506,-18.866882284074396,-38.73029337365041
2026-06-15,-57.211597910039615,-18.866882284074396,-38.34471562596552
2026-06-16,-57.782437545188195,-19.437721919222977,-38.34471562596552
2026-06-17,-59.176940284288136,-19.437721919222977,-39.73921836506546
2026-06-18,-59.32344342107427,-19.437721919222977,-39.8857215018516
2026-06-22,-59.77711678242417,-19.437721919222977,-40.3393948632015
2026-06-23,-59.81846229634169,-19.437721919222977,-40.38074037711902
2026-06-24,-60.09133081704507,-19.71059043992635,-40.38074037711902
2026-06-25,-60.72717513263111,-19.71059043992635,-41.01658469270506
2026-06-26,-60.73169095258435,-19.71059043992635,-41.0211005126583
2026-06-29,-60.13662922773155,-19.115528715073545,-41.0211005126583
2026-06-30,-59.41009087756892,-18.388990364910917,-41.0211005126583
2026-07-01,-59.31812814359551,-18.388990364910917,-40.92913777868489
2026-07-02,-59.67929190604699,-18.7501541273624,-40.92913777868489
2026-07-06,-59.350624227323834,-18.7501541273624,-40.60047009996173
2026-07-07,-59.6957468421035,-18.7501541273624,-40.9455927147414
2026-07-08,-59.40477772240187,-18.459185007660764,-40.9455927147414
2026-07-09,-58.83307202837069,-17.887479313629584,-40.9455927147414
2026-07-10,-58.458197709345114,-17.51260499460401,-40.9455927147414
2026-07-13,-58.9077162633583,-17.962123548617196,-40.9455927147414
2026-07-14,-58.795267394458975,-17.962123548617196,-40.83314384584207
2026-07-15,-58.72972220298904,-17.896578357147256,-40.83314384584207
2026-07-16,-59.01109798996156,-17.896578357147256,-41.1145196328146
2026-07-17,-58.85818084351311,-17.896578357147256,-40.96160248636615
2026-07-20,-59.53567425581031,-18.574071769444455,-40.96160248636615
2026-07-21,-59.27936990929378,-18.574071769444455,-40.70529813984962
2026-07-22,-59.183618603396674,-18.574071769444455,-40.609546833952514
2026-07-23,-59.3546964293297,-18.74514959537748,-40.609546833952514
2026-07-24,-59.30784364061752,-18.6982968066653,-40.609546833952514
2026-07-27,-60.10220700008002,-18.6982968066653,-41.403910193415015
2026-07-28,-59.88654116005711,-18.6982968066653,-41.1882443533921
2026-07-29,-61.32704523399257,-18.6982968066653,-42.628748427327565
2026-07-30,-60.57371175562423,-18.6982968066653,-41.875414948959225
2026-07-31,-60.26863194377756,-18.393216994818623,-41.875414948959225
2026-08-03,-59.1864671573683,-18.393216994818623,-40.79325016254997
2026-08-04,-57.799539554346545,-18.393216994818623,-39.40632255952821
2026-08-05,-58.593684477100034,-18.393216994818623,-40.2004674822817
2026-08-06,-58.81814473113864,-18.393216994818623,-40.424927736320306
2026-08-07,-58.53804296684185,-18.11311523052184,-40.424927736320306
2026-08-10,-58.492395273580634,-18.06746753726062,-40.424927736320306
2026-08-11,-59.016286426345346,-18.06746753726062,-40.94881888908502
2026-08-12,-59.313260734041954,-18.06746753726062,-41.24579319678163
2026-08-13,-58.935559747281225,-17.689766550499886,-41.24579319678163
2026-08-14,-59.22853369163212,-17.982740494850788,-41.24579319678163
2026-08-17,-59.691775235969274,-17.982740494850788,-41.70903474111878
2026-08-18,-59.864519792949686,-17.982740494850788,-41.88177929809919
2026-08-19,-60.0434130275988,-18.161633729499908,-41.88177929809919
2026-08-20,-60.49304926091629,-18.61126996281739,-41.88177929809919
2026-08-21,-60.5461389028197,-18.61126996281739,-41.9348689400026
2026-08-24,-60.727584532087754,-18.792715592085443,-41.9348689400026
2026-08-25,-60.77022011805751,-18.8353511780552,-41.9348689400026
2026-08-26,-60.60383807544596,-18.668969135443643,-41.9348689400026
2026-08-27,-60.276090855553996,-18.668969135443643,-41.60712172011064
2026-08-28,-60.598857130152105,-18.668969135443643,-41.92988799470875
2026-08-31,-60.64535777524561,-18.668969135443643,-41.97638863980225
